price,bedrooms,bathrooms,sqft_living,sqft_lot,sqft_above,sqft_basement,medn_hshld_incm_amt,medn_incm_per_prsn_amt,dif_sqft_living,dif_sqft_lot
,,,,,,,,,,
,,,,,,,,,,
,,,,,,,,,-1950.0,
,,,,,,,,,,
,,,,,,,,,,
1225000.0,,4.5,5420.0,101930.0,3890.0,1530.0,96028.0,,,
,,,,,,,,,,
,,,,,,,,,,
,,,,,,,,,,
,,,,,,,,,,
,,,,,,1700.0,,,1350.0,
,,,,,,,,,,
,,,,19901.0,,,,,,7204.0
,,,,,,,,,,
,,,,,,,,,,
,,,,,,,,,,
,,,,,,,,,,
,,,,,,,,,,
,,,,,,,,,,4755.0
,,,,,,,,,,
,,,,,,,,,,
2000000.0,,,,44867.0,,,,53799.0,-1060.0,24531.0
,,,,,,,,,,
,,,,,,,,,,
,,,,,,,,,,
,,,,,,,,,,
,,,,,,,,,,
,,,,,,,,52787.0,,-2280.0
,,,,,,,,,,
,,,,,,,,,,
,,,,,,,,,,
,,,,,,,,,,
,,,,,,,,,,
,,,,,,,,,,-2080.0
,,,,,,,,,,
,,,,,,,,,,
,,,,34848.0,,,,,,23381.0
,,,,,,,,,,
,,,,,,,,,,
,,,,,,,,,,-4331.0
,,,,,,,,,,
,,,,24186.0,,1620.0,,,1810.0,-6431.0
,,,,,,,96028.0,,,
,,,,,,,,,,
,,,,,,,,,,
,,,,,,,,,,4371.0
,,,,,,,,,,
,,,,,,,,,,
,,,,,,,,,,
1350000.0,,,,65005.0,,,,,,-7508.0
,,,,,,,,,,
,,,,,,1510.0,,,1160.0,
,,,,,,,,,,
,,,,,,,,,,
,,,,,,,,,,
,,,,,,,,,,
,,,,,,,,,,
,,,,,,,,,,
,,,,,,,,,,3298.0
,,,,,,,,,,
,,,,21235.0,,,,,,2335.0
,,,,,,,,,,
,,,,,,,,,,
,,,,,,,,,,
,,,,,,,,,,
,,,,,,,,,1330.0,
,,,,,,,,,,
,,,,,,,,,,
,,,,,,,,,,
1325000.0,,,,20158.0,,1600.0,,,,
,,,4770.0,50094.0,,1700.0,,,1240.0,11177.0
,,,,,,,,,,
,,,,,,,,,1240.0,
,,,,,,,,,,
,,,,50529.0,,,,,,
,,4.0,,35102.0,,,,,,
,,,,,,,,,,
,,,,,,,,,,
,,,,,,,,,,
,,,,39683.0,,,,,,
,,,,,,,,,,
,,,,,,,,,,
,,,,,,,,,,
,,,,,,,,,,
,,,,,,,,,,
,,,,,,,,,,
,,,,,,,,,,
,,,,,,,,,,
,,,,,,,,,,
,,,,,,,,,,
,,,,,,,,,,
,,,,,,,,,,
,,,,,,,,,,
,,,,,,,,,,
,,,,,,,,,,
,,,,,,,,53799.0,1350.0,4205.0
,,,,,,,,,,
,,,,,,,,,,
,,,,41800.0,,,,,,-93236.0
,,,,36847.0,,,,,,
,,,,,,,,,,8741.0
,,,,,,,,,,
,,,,107593.0,,,,,,59816.0
,,,,,,,,,,
,,,,33919.0,,,,,,19009.0
,,,,,,,,,,
,,,,,,,,,,
,,,,,,,,,,-2473.0
,,,,28037.0,,,,,,-6964.0
,,,,,,,,,,2909.0
,,,,,,,,,,
,,,,,,,,,,
,,,,,,,,,,
,,,,,,,,,,
,,,,,,,,,,7654.0
,,,4380.0,,,1600.0,,,2550.0,
,,,,,,,,,,
,,,,,,,,,,
,,,,,,,,,,
,,,,,,,,,,
,,,,,,,,,,-4382.0
,,,,,,,,,,
,,,,,,,,,,
,,,,,,,,,,
,,,,,,,,,,-3788.0
1450000.0,,,,,,,,,,6514.0
,,,,,,,,,,
,,,,,,,,,,
,,,,,,,,,,
,,,,,,,,,,
,,,,,,,,,,
,,,,,,,,,,
,,,,111078.0,,1490.0,,,1470.0,22578.0
,,,,,,,,,,
,,,,,,,,,,
,,,,,,,,,,
,,,,,,,,,,
,,,,,,,,,,
,,,,,,,,,,
,,,,,,,,,,
,,,,,,,,,,
,,,,,,,,,,
,,,,,,,,,,
,,,,,,,,,,
,,,,,,,,,,
,,,,315374.0,,,,,,227383.0
,,,,,,,,,,
,,,,60984.0,,,,,,-132858.0
,,,,,,,,,,-5500.0
,,,,,,,,,,
,,,,,,,,,,
,,,,,,,,,,
,,,,,,,,,,
2250000.0,,,5180.0,19850.0,,1640.0,,,2020.0,10100.0
,1.0,,,,,,,,,
,,,,,,,,,,
,,,,25245.0,,1460.0,,,1320.0,11570.0
,,,,,,,,,,
,,,,,,,,,,
,,,,,,,,,,
,,,,,,,,,,-3048.0
,,,,,,,,,,
,,,,,,,,,,4002.0
,,,,,,,,,,
,,,,38332.0,,,,,,
,,,,,,,,,,
,,,,,,,,,,-2500.0
,,,,,,,,,,
,,,,,,,,,,
,,,,,,,,,,
,,,,21000.0,,,,,,13080.0
,,,,,,,,,,
,,,,,,,,,,
,,,,35003.0,,,,,,
,,,,,,,,,,
,,,,,,,,,,
,,,,,,,,,,3250.0
,,,,,,,,,,
,,,,,,,,,,
,,,,,,,,,,
,,,,,,,,,,
,,,,,,,,,,
,,,,,,,,,,
,,,,,,,,,,
,,,,,,,,,,3428.0
,,,,,,2000.0,,,1550.0,2580.0
,,,,,,,,,,
,,,,,,,,,,
,,,,,,,,,,
,,,,,,,,,,
,,,,,,,,,,
,,,,,,,,,,
,,,,,,,,53799.0,,
,,,,,,,,,,
,,,,,,,,,,
,,,,,,,,,,
,,,,,,,,,,
,,,,,,,,,,
,,,,66211.0,,,,,,
,,,,155073.0,,,,,,104108.0
,,,,,,,,,,
,,,,,,,,,,4502.0
,,,,,,,,,,
,,,,,,,,,,
,,,,,,,,,,
,,,,,,,,53799.0,,
,,,,,,,,,,
,,,,,,,,,,
,,,,,,,,,,-4680.0
,6.0,,,,,,,,,
,,,,,,,,,,
,,,,,,,,,,
,,,,,,,,,,
,,,,,,,,,,
,,,,,,,,,,-2430.0
,,,,,,,,,,
1505000.0,,,,33474.0,,1430.0,,53799.0,,12521.0
,,,,,,,,,,
,,,,,,1950.0,,,1320.0,9680.0
,,,,,,,,,,
,,,,,,,,,,
,,,,,,,,,,
,,,,19436.0,,,,,,9381.0
,,,,,,,,,,6437.0
,,,,,,,,,,
,,,,,,,,,,
,,,,,,,96028.0,,,
,,,,,,,,,,
,,,,,,,,,,
,,,,,,,96028.0,,,
,,,,,,,,,,2605.0
,,,,,,,,,,
,6.0,,,,,,,,,
,,,,,,,,,,-3502.0
,,,,,,,,,,
,,4.0,,28040.0,3760.0,,,,,-7056.0
,,,,94300.0,,,,,,14200.0
,,,,,,,,,,
,,,,221284.0,,,,,,72745.0
,6.0,,4410.0,,,2060.0,,,1810.0,
,,,,,,,,,,
,,,,,,,,,,
,,,,,,,,,,
,,,,,,,,,,
,,,,,,,,,,
,,,,,,,,,,
2400000.0,,,,,,1820.0,,,,-10487.0
,,,,,,,,,,2554.0
,,,,,,,,,,
,,,,,,,,,,
,,,,,,,,,,
,,,,,,,,,,
,,,,36224.0,,,,,,
,,,,,,,,,,-2793.0
,,,,,,,,,,
,,,,,,,,,,2375.0
,,,,,,,,,,
,,,,,,,,,,
,,,,,,,,,,
,,,,,,,,,,
,,,,,,,,52787.0,,
,,,,,,,,,,
,,,,40510.0,,,,,,7060.0
,,,,,,,,,,2460.0
,1.0,,,,,,,,,-4188.0
,,,,,,,,,,
,,,,,,,,,,4351.0
,,,,,,,,,,
,,,,,,,,,,
2900000.0,,,5050.0,20100.0,4750.0,,,,1160.0,
1365000.0,,4.75,5310.0,57346.0,5310.0,,,,1130.0,9903.0
,,,,,,,,,,
,,,,,,,,,,3226.0
,,,,,,,,,,
,,,,,,,,,,
,,,,,,,,,,
,,,,,,,,,,5728.0
,,,,26300.0,,,,,1960.0,14164.0
,,,,49375.0,,,,,,
,,,,,,,,,,
,,,,,,,,,,
,,,,,,,,,,-3510.0
2050000.0,,,,,,,,,,
,,,,,,,96028.0,,,
,,,,,,,,,,
,,,,,,,,,,
,,,,,,,,,,3750.0
,,,,,,,,,,
,,,,,,1450.0,,,,
,,,,,,,,,,
,,,,,,,,,,
,,,,,,,,,,
,,,,,,,,,,
,,,,,,,,,,
,,,,,,,,,,
,,,,22111.0,,,,,,10737.0
,,,,,,,,,,
,,,,,,,,,,
,,,,,,,,,,3288.0
,,,,,,,,,,2862.0
3075000.0,,5.0,4550.0,,,1950.0,,,,
,,,,,,,,,,
,,,,,,,,,,
,,,,,,,,,,
,,,,,,,,,,
,,,,,,,,52787.0,,
,,,,,,,,,,
,,,,,,,,,,-2484.0
,,,,,,,,,,
,,,,,,,,,,
,,,,,,,,,,
,,,,78408.0,,,,,,
2384000.0,,,,,,,,,,3650.0
1384000.0,,,4290.0,,,1600.0,,,,
1400000.0,,,4290.0,,,1600.0,,,,
,,,,,,,,,,
,,,,,,,,,,5890.0
,,,,64904.0,,,,,,7404.0
,,,,,,,,,,
,,,,,,,,,,
,,,,,,,,,1590.0,
,,,,,,,,,,
,,,,,,,,,,
,,,,,,,,,,
,,,,,,,,,,4632.0
,,,,,,,,,,4632.0
,,,,45004.0,,,,,,9223.0
,,,,,,,,,,
,,,,,,,,,,
,,,,,,,,,,
,,,,,,,,,,
,6.0,,,,,,,,,3225.0
,,,,,,,,,,
,,,,,,,,,,
,,,,,,,,53799.0,,
,,,,,,,,,,
,,,,,,,,,,-5476.0
,,,,,,,,,,
,,,,,,,,,,
,,,,,,,,,,-66861.0
,,,,43995.0,,,,,,29231.0
,,,,,,,,,,
,,,,,,,,,,
,,,,20000.0,,,,,,
,,,,,,,,,,
,,,,,,,,,,
,,,,,,,,,,
,,,,32633.0,,,,,,
,,,,,,,,,,
,,,,,,,,,,
,1.0,,,,,,,,,-7087.0
,,,,,,,,53799.0,,
,,,,,,,,,,
,,,,,,,,,,
,,,,19800.0,,,,,,-2854.0
,,,,,,,,,,
,,,,,,,,,,
,,,,,,,,,,
,,,,77972.0,,,,,,60283.0
,,,,,,,,,,
,,,,29970.0,,,96028.0,,,
,,,,,,,,,,
,,,,,,,,,,
,,,,,,,,,,-3755.0
,,,,,,,,,,
,,,,40438.0,,,,,,-3611.0
,,,,,,,,,,-7049.0
,,,,,,,,,,-6035.0
,,,,69415.0,,,,,,45054.0
,,,,,,,,,,
,,,,,,,,,,
,,,,,,,,,,3825.0
,,,,,,,,,,3825.0
,,,,,,,,,,
,,,,,,,,,,
,,,,,,,,,,
,,,,,,,,,,
,,,,,,,,,,
,,,,,,,,,,
,,,,,,,,,,
,,,,209959.0,,,,,-1750.0,190091.0
,,,,,,,,,,
,,,,,,,,,,
,,,,,,,,,,
1350000.0,,,4800.0,,,,,,,-4025.0
,,,,,,,,53799.0,,
,,,,,,,,,,
,,,,,,,,,,
,,,,,,,,,,
,,,,,,,,,,
,,,,,,,,,,
,,,,,,,,,,
,,,,26977.0,,,,,,
,,,,,,,,,,
,,,,,3840.0,,,53799.0,,
,,,,,,,,,,
,,,,,,,,,,
,,,,25600.0,,,,,,15529.0
,,,,,,,,,,
,,,,,,,,,,
,,,,,,,,,,
,,,,,,1580.0,,,1850.0,
,,,,,,,,,,
,,,,22357.0,,,,,,
,,,,,,,,,,
,,,,,,,,,,
,,,,,,,,,,
,,,,,,,,,,
,,,,,,,,,,
,,,,40139.0,,,,,,3287.0
,,,,,,,,,,
,,,,143947.0,,,,,,
,,,,32239.0,,,,,,-4258.0
,,,,,,,,,,
,,,,,,,,,,
,,,,37461.0,,,,,,19166.0
,,,,174240.0,,,,,,
,,,,,,,,,,
,,,,,,,,,,
1550000.0,,4.25,6070.0,171626.0,6070.0,,,,1390.0,-39641.0
,,,,,,,,,,
,,,,,,,,,,
,,,,,,,,,,
,,,,,,,,,,
,,,,,,,,,,
,,,,,,,,,,
,,,,27260.0,,,,,,-12220.0
1300000.0,,,,,,,,,-1180.0,
,,,,,,,,,,
,,,,,,,,,,
,,,,,,,,,,
,,,,19700.0,4040.0,,,,,-2187.0
,,,,,,,,,,
,,,,,,,,,,
,,,,,,,,,,
,,,,,,,,,,
,,,4870.0,,,,,,1690.0,
,,,,,,,,,,
,,,,,,,,,,
,,,,,,,,,,
,,,,,,,,,,3320.0
,,,,,,,,,,4057.0
,,,,,,,,,,
,,,,219978.0,,,,,,9584.0
,,,,,,,,,,
,,,,,,,,,,
,,,,,,,,,,
,,,,,,,,,,
,,,,,,,,,,
,,,,,,,,,,
1450000.0,,4.5,,24920.0,,,,,1360.0,11082.0
,,,,,,,,,,
,,,,,,,,,,
,,,,,,,,,,
,,,,,,,,53799.0,,
,,,,,,,,,,
,,,,,,,,,,
,,,,20978.0,,,,,,-54418.0
,,,,,,,,,,
,,,,,,,,,,
,,,,,,,,,,
,,,,,,,,,,
,,,,,,,,,,
,,,,,,,,,,
,,,,,,,,,,
,1.0,,,,,,,,,-2450.0
,,,,,,,,,,
,,,,,,,,,,
,,,,28025.0,,,,,,13192.0
,,,,,,,,,,
,,,,,,,,,,4650.0
,,4.25,,,3840.0,,,,,
1199000.0,,,,,,,,,1290.0,
1150000.0,,,,,,,,,,
,,,,,,,,,,
,,,,,,,,,,
,,,,,,,,,,
,,,,,,,,,,
,,,,,,,,,,
,,,,,,,,,,
,,,,,,,,,,
,,,,,,,,,,
,,,,,,,,,,
,,,,,,,,,,
1385000.0,,,4860.0,181319.0,4860.0,,,,,
,,,,,,,,,,
,6.0,,4860.0,,3860.0,,,,1260.0,
,,,,,,,,,,
,,,,,,,,,,
1280000.0,,,,,,,,,,
,,,,,,,,,,
,,,,,,,,,,
,,,,,,,,,,
,,,,,,,,,,3670.0
,,,,,,,,,,
,,,,,,,,52787.0,,
,,,,,,,,,,
,,,,19635.0,,1470.0,,,,7225.0
,,,,,,,,,,
,,,,,,,,,,
,,,,,,,,,,
,,,,,,,,,,
,,,,,,,,,,
1197350.0,,,,,,,,,,-2200.0
,,,,,,,,,,
,,,,,,,,,,-4482.0
,,,,,,,,,,
,,,,,,,,,,
,,,,,,,,,,
1485000.0,,3.75,,,4030.0,,,,1870.0,3600.0
,,,,,,,,,,
,,,,,,,,,,
,,,4410.0,57063.0,4410.0,,96028.0,,1510.0,6534.0
,,,,,,,,,,7524.0
,,,,,,,,,,
,,,,,,,,,,
,,,,39150.0,,,,,,27339.0
,,,,,,,,,,
2250000.0,,,4760.0,,,,,52787.0,1810.0,
,,,,194278.0,,,,,,16118.0
,,,,,,,,,,
,,,,,,,,,,
,,,,,,,,,,
,,,,,,,,,,
,,,,,,,,,,
,,,,,,,,,,
,,,,,,,96028.0,,,
1600000.0,6.0,5.0,6050.0,230652.0,6050.0,,,,1840.0,-3319.0
,,,,,,,,,,
,,,,36947.0,,,,,,8110.0
,,,,,,,,,,
,,,,,,,,,,
,,,4740.0,76230.0,4740.0,,,,1400.0,27024.0
,,,,,,,,,,
,,,,,,,,,,
,,,,,,,,,,
,,,,,,,,,,
,,,,,,,,,,
,,,,,,,,,,
,,,,,,,,,,
2125000.0,,,5403.0,24069.0,5403.0,,,,1423.0,-80305.0
,,,,,,,,,,
,,,,,,,,,,
,,,,40518.0,,,,,,27026.0
,,,,,,,,,,4021.0
,,,,29242.0,,,,,,4514.0
,,,,,,,,,,
,,,,,,,,,,
,,,,,,,,,,8772.0
,,,,,,,,,,2375.0
,,,,,,,,53799.0,,
1450000.0,,,4380.0,,,,,,1300.0,
,,,,,,,,,,
,,,,,,,,,,
,,,,,,,,,,
,,,,29170.0,,,,,,
1950000.0,7.0,,4640.0,,,1780.0,,53799.0,1410.0,-5462.0
,,,,,,,,,,
,6.0,,,,,,,,,
,,,,,,,,,,
,,,,108900.0,,,,,,43560.0
,,,,217014.0,,,,,,109116.0
,,,,,,,,,1240.0,-2832.0
,,,,22370.0,4120.0,,,,,15113.0
,,,,,,,,,,
,,,,,,,96028.0,,,
,,,,,,,,,,
,,,,,,,,,,
,,,,,,,,,,
,,,,,,,,,,-10317.0
,,,,,,,,,,
,,4.0,,,,,,,,
,,,,,,,,,1480.0,
,,,,,,,,,,
,,,,,,,,,,
,,,,75794.0,,,,,,-22216.0
,,,,,,,,,,
,,4.0,6050.0,84942.0,4150.0,1900.0,,,3350.0,-114562.0
,,,,,,,,,,
,,,,,,,,,,
,,,,,,,,,,
,,,,,,,,,,
,,,,,,,,,,
,,,,,,,,,,
,,,,,,,,,,
,,,,,,,,,,
,,,,,,,,,,
,,,,,,,,,,
,,,,,,,,,,
,,,,,,,,,,
,,,,217800.0,,,96028.0,,,51837.0
,,,,32666.0,,,,,,-10894.0
,,,,,,,,,,
,,,,,,,,,,
,,,,,,,,,,
,,,,,,,,,,
,,,,,,,,,,
,,,,,,,,,,4711.0
,,,,,,,,,,
1220000.0,,,,,,,,53799.0,,
,,,,,,,96028.0,,,
,,,,31465.0,,,,,,
,,,,,,,,,,
,,,,,,,,,,
,,,,,,,,,,
,,,,,,1450.0,,,1500.0,4938.0
,,,,,,,,,,
,,,,,,,,,,
,,,,,,,,,,
,,,,,,,,,,-3558.0
,,,,,,,,,,
,,,,,,,,,,
,,,,,,,,,,
,,,,,,,,,,
,,,,,,,,,,
,,,,,,,,,,
,,,,,,,,,,
,,,,,,,,,,
,,,,,,,,,,
,,,,,,,,,,
,,,,,,,,,,
,,,,,,,,,,
,,,,,,,,,,
,,,,,,,,,,
,,,,,,,,,,
,,,,,,,,,,
,,,,,,,,,,
,,,,,,,,,,
,,,,,,,,,,
,,,,34293.0,,,,,,
,,,,,,,,,,
,,,,,,,,,,
,,,,,,,,,,
,,,,,,,,,,
,,,,,,,,,,
,,,,,,,,,,
,,,,,,,,,,
,,,,,,,,,,
,,,,,,,,,,
,,,,,,,,,1180.0,
,,,,,,,,,,
,,,,,,,,,,
,,,,,,1760.0,,,1120.0,
,,,,,,,,,,
,,,,,,,,,,
,,,,,,,,,,
,,,,,,,,,,
,,,,,,,,,,
,1.0,,,26326.0,,,,,,15718.0
,,,,,,,,,,
,,,,,,,,,,-2620.0
,,,,36400.0,,,,,,
,,,,,,,,,,
,,,,,,,,,,
,,,,,,,,,,
,,,,,,,,,,
3070000.0,,,,55867.0,,1600.0,,,1200.0,29543.0
,,,,,,,,,,
,,,,,,,,,,
,,,,,,,,,,
,,,,22267.0,,,,,,6642.0
,,,,,,,,,,3040.0
,,,,,,,,,,
,,,,,,,,,,
,,,,,,,,,,
,,,,,,,,,,
,,,,,,,,,,
,,,,,,,,,,
,,,,,,,,,,3287.0
1250000.0,,,,,,,,,,
,,,,,,,,,,
,,,,,,,,,,
,,,,,,,,,,
,,,,,,,,,,
,,,,,,,,,,
,,,,,,,,,,
,,,,,,,,,,-4000.0
,,,,,,,,,,9431.0
,,,,,,,,,,
1145000.0,,,4370.0,,4370.0,,,,,4720.0
,,,,,,,,,,
,,,,209523.0,,,96028.0,,,-3921.0
,,,,,,,,,,
,,,,,,,,,,
,,,,,,,,,,
,,,,,,,,,,
,,,,,,,,,,
,,,,,,,,,,
,,,,,,,,,,
,,,,,,,,,,
,,,,,,,,,,
1484900.0,,,4570.0,19252.0,4570.0,,,53799.0,1390.0,5938.0
,,,,,,,,,,
,,,,,,,,,,
,,,,23488.0,,,96028.0,,,-11101.0
,,,,,,,,,,
,,,,25958.0,,,,,,4391.0
,,,,,,,,,,
,,,,26055.0,,,,,,12580.0
,,,,,,,,,,
,,,,,,,,,,
,,,,,,,,,,
,,,,,,,,,,
,,,,,,,,,,
,,,,,,,,,,
,,,,,,,,,-1180.0,
,,,,,,,,,,
,,,,,,,,,,3982.0
,,,,,,,,,,
,,,,39478.0,,,,,,
,,,,,,,,,,
,,,,,,,,,,
,,,,,,,,,,
,,,,,,,,,,
,,,,,,,,,,
,,,,,,,,,,
,,,,,,,,,,
,6.0,,,,,,,,1540.0,5337.0
,6.0,,,,,,,,1540.0,5337.0
,,,,,,,,,,
,,,,,,,,,,
,,,,,,,,,,
1578000.0,,,4670.0,51836.0,4670.0,,,,,10761.0
,,,,,,,,,,
,,,,,,,,,,-2500.0
,,,,,,,,,,
,,,,,,,,,,
,,,,,,,,,,
,,,,,,,,,,
,,,,37769.0,4230.0,,,,,
,,,,,,,,,,
,,,,,,,,,,5985.0
,,,,,,,,,,
,,,,,,,,,,-5950.0
,,,,,,,,,,
,,,,,,,,,,
,,,,,,,,,,
,,,,,,,,,,
1300000.0,,,,,,,,,,
,,,,,,,,,,
,,,,,,,,,,
,,,,,,,,,,
,,,,72745.0,,,,,,17860.0
,,,,,,,,,,
,,,,,,,,,,
,,,,,,,,,,
,,,,,,,,,,
,,,,,,,,,,
,,,,,,,,,,
,,,,,,,,,,
,,,,,,,,,,
,,,,,,,,,,-3300.0
,,,,,,,,,,
,,,,,,,96028.0,,,
,,,,,,,,52787.0,,
,,,,,,,,,,
,,,,,,1720.0,,,,
1310000.0,,,,,,,,,,
,,,,,,,,,,3353.0
,,,,,,,,,1350.0,
,,,,22594.0,,,96028.0,,,-10747.0
,,,,,,,,,,
,,,,218252.0,,,,,,
,,,,,,,,,,
,,,,,,,,,,
,,,,31400.0,,,,,,-3100.0
,,,,,,,,,,
,,,,,,,,,,3169.0
,,,,,,,,,,
,,,,,,,,,,
,,,,,,,,,,
,,,,,,,,,,
,,,,,,,,,,
,,,,,,,,,,
,,,,,,,,,,
,,,,,,,,,,
,,,,,,,,,,-2571.0
,,,,,,,,,,
,,,,,,,,,,
2250000.0,,4.25,4860.0,,,1760.0,,52787.0,1710.0,
,,,,23680.0,,,,,,
,,,,,,,,,,
,,,,,,,,,,
,,,,,,,,,,3348.0
,6.0,,,,,,,,,
,,,,,,,,,,
,,,,,,,,,,
,,,,40419.0,,,,,,-22743.0
,,,,,,,,,,
,,,,,,,,,,
,,,,,,,,,,
,,,,,,,,,,
1355000.0,,,,,,,,,,
,,,,,,,,,,
,,,,34133.0,,,,,,8341.0
,,,,,,,,,,3372.0
,,,,36276.0,,,96028.0,,,3105.0
,,,,,,,,,,
,,,,,,,,,,
,,,4270.0,40097.0,4270.0,,,,,3948.0
,,,,,,,,,,
1216000.0,,,,,,1510.0,,,,
,,,,,,,,,,
,,,,,,,,,,
,,,,,,,,,,
,,,,,,,,,,
,,,,,,,,,,
,,,,,,,,,,
,,,,,,,96028.0,,,
,,,,,,,,,,
,,,,,,,,,,
,,,,,,,,,,
,,,,,,,,,,
,,,,36085.0,,,,,,
2400000.0,,4.25,4890.0,,,1800.0,,53799.0,1420.0,
,,,,,,,,,1340.0,5976.0
,,,,,,,,,,
,,,,,,,,,,
,,,,,,,,,,
,,,,,,,,,,
,,,,57381.0,,,,,,-44148.0
,,,,,,,,,,
,,,,,,,,,,
,,,,,,,,,,
,,,,,,,,,,
,,,,,,,,,,
,,,,,,,,,,
,,,,,,,,,,
,,,,,,,,,,
,,,,24931.0,,,,,,6625.0
,,,,,,,,,,
,,,,,,,,,,7480.0
,,,,,,,,,,
,6.0,,,25600.0,,,,,,15370.0
,,,,,,,,,,-4503.0
,,,,,,,,,,
,,,,,,,96028.0,,,
,,,,,,,96028.0,,,
,,,,,,,,,,
,,,,,,,,,,
,,,,,,,,,,
,,,,,,,,,,
,,,,30736.0,,,,,,
,,,,35287.0,,,,,,-12629.0
,,,,,,,,,,
,,,,,,,,,,
,,,,,,,,,,
,,,,,,1810.0,,,1470.0,3244.0
,,,,,,,,,,
,,,,,,,,,,
,,,,,,,,,,
,,,,,,,,,,-11550.0
,,,,,,,,,,
,,,,23899.0,,,,,,-10001.0
,,,,,,,,,,
,,,,,,,,,,
,,,,,,,,,,
,,,,,,,,,,2529.0
,,,,213444.0,,,,,-1120.0,
,,,,,,,,,,
,1.0,,,,,,,,,
,,,,,,,,,,
,,,,,,,,,,
,,,,,,,,,,
,,,,,,,,,,
,,,,,,,,,,
,,,,,,,,,,
,,,,,,,,,,
,,,,,,,,,,
,,,,,,,,,,
,,,,,,,,,,
,,,,,,,,,,
,,,,,,1460.0,,,,2662.0
,,,,,,,,,,
,,,,,,,,,,
,0.0,0.0,,,,,,,,
,,,,,,,,,,
,,,,,,,,,,2826.0
,,,,,,,,,,
,,,,,,,,,,
,,,,,,,,,,2570.0
,,,,,,,,,,
,,,,,,,,,,
,,,,,,,,,,
,,,,,,,,,,
1270000.0,,,,,,,,,,
,,,,,,,,,,
,,,,,,,,,,
,,,,,,,,,,
,,,,,,,,,,
,,,,25341.0,,,96028.0,,,-7076.0
,,,,,,,,,,
,,,,,,,,,,
,,,,,,,,,,
,,,,,,,,,,
,,,,,,,,,,
,,,,,,,,53799.0,,
,,,,28243.0,,,,,,-3887.0
,,,,,,,,,,
,,,,,,,,,,
,,,,,,,,53799.0,,
,,,,50308.0,,,,,,12417.0
,,,,,,,,,,4281.0
,1.0,,,,,,,,,
,,,,,,,,,,
,,,,,,,,,,
,,,,,,,,,,
,,,,,,,,,,
,,,,,,,,,,
,,,,,,,,,,
,,,,,,,,,,
,,,,,,,,,,
,,,,,,,,,,
,,,,,,,,,,3135.0
,,,,,,,,,,
,,,,,,,,,,
,,,,,,,,,,
,,,,,,,,,,
,,,,,,,,,,5160.0
,,,,,,,,,,
,,,,,,,,,,
,,,,,,,,,,
,,,,,,,,,,
,,,,,,,,53799.0,,
,,,,,,,,,,
,,,,,,,,,,
,,,,,,,,,,
,,,,,,,,,,
,,,,,,,,,,
,,,,262018.0,,,,,,242207.0
,,,,,,,,,,
,,,,,,,,,,
,,,,,,,,,,2962.0
,,,,35026.0,,,,,,
,,,,,,,,,,
1200000.0,,,,22410.0,,1830.0,,,,14160.0
,,,,,,,,,,
,,,,,,,,,,
,,,,,,,,,,
,,,,47916.0,,,,,,-27442.0
,,,,,,,,,,
,,,,,,,,,,
,,,,,,,,,,
,,,4390.0,,,,,,2380.0,
,,,,,,,,52787.0,1290.0,
,,,,23568.0,,,,,,13443.0
,,,,,,,,,,-2114.0
1321500.0,,,,,,,,,,2808.0
,,,,,,,,,,
,,,,,,,,,,
,,,,,,,,,,
,,,,,,,,,-1270.0,
,,,,,,,,,,
,,,,,,,,,,-2441.0
,,,,,,,,,,2732.0
,,,,,,,,,,
,,,,,,,,,,
,,,,,,,,,,-2388.0
,,,,,,,,,,
,,,,,,,,,,
,,,,,,,,,,
,,,,,,,,,,
,,,,,,,,,,
,,,,,,,,,,
,,,,43101.0,,,,,,9654.0
,,,,,,,,,,
,,,,,,,,,,
,,,,,,,,,,
,,,,,,,,,,
,,,,,,,,,,
,,,,,,,,,,
,,,,,,,,,,-3000.0
,,,,,,,,,-1050.0,3535.0
,,,,,,,,,,
,,,,,,,,,,
,,,,,,,,,,
,,,,24759.0,,,,,,2956.0
,,,,,,,,,,
,,,,,,,,,,
,,,,,,,,,,
,,,,,,,,,,
,,,,,,,,,,
,,,,,,,,,,
,,,,,,,,,,
,,,,,,,,,,
,,,,,,,,,,
,,,,,,,,,,
,,,,,,,,,,
,,,,,,,,,,
,,,,,,,,,,
,,,,,,,,,,
,,,,,,,,,,
,,,,,,1590.0,,,,
,,,,,,,,,,
,,,,,,,,,,
,,,,,,,,,,
,,,,20917.0,,,,,,14917.0
,,,,,,,,,,
,,,,,,,,,,
,,,,,,,,,,
,,,,,,,,,,
,,,,,,,,,,
,,,,,,,,,,
,,,,,,,,,,
,,,,,,,,,,
,,,,,,,,,,
,,,,,,,,,,
,,,,,,,,,,
,,,,217800.0,,,,,,
,,,,,,,,,,
,,,,,,,,,,
,,,,,,,,,,
,,,,44431.0,,,,,,
,,,,,,,,,,
,,,,,,,,,-1150.0,
,,,,,,,,,,
,,,,,,,,,,
,,,,,,,,,,
,,,,47045.0,,,,,,36045.0
,,,,,,,,,,
,,,,21810.0,,,,,,
,,,,,,,,,,
,,,,,,,,,,
,,,,,,,,,,
,,,,,,,,,,2429.0
,,,,,,,,,,
,,,,,,,,,,
,,,,,,,,,,
,,,,,,,,,,
,,,,,,,,,,
,,,,,,,,,,6623.0
2450000.0,,4.25,4250.0,,,,,,,-2289.0
,,,,,,,96028.0,,,
,,,,,,,,,,
,,,,54160.0,,,,,,9786.0
,,,,,,1620.0,,,,
,,,,,,,,,,
,,,,,,,,,,
,,,,,,,,,,
,,,,,,,,,,
,,,,,,,,,,
,,,,,,,,,,
,,,,,,,,,,
,,,,,,,,,,-6515.0
,,,,,,,,,,
,,,,242629.0,,,96028.0,,,21975.0
,,,,,,,,,,
,,,,114562.0,,,,,,19602.0
,,,,,,,,,,2634.0
,,,,,,,,,,
,,,,,,,,,,
,,,,,,,,,1700.0,
,,,,35021.0,,,,,,
,,,,,,,,,,3758.0
,,,,,,,,,1150.0,
,,4.5,5670.0,84267.0,5670.0,,,,1570.0,
,,,,,,,,,,
,,,,,,,,,,
,,,,,,,,,,
,,,,,,,,,,
,,,,,,,,,,
,,,4475.0,,4475.0,,96028.0,,,
,,,,,,,,,,
,,,,,,,,,,6410.0
,,,,,,,,,,
,,,,,,,,,,
,1.0,,,,,,,,-1060.0,
,,,,,,,,,,
,,,,,,,,,,
,,,,57000.0,,,,,-1810.0,31455.0
,,,,,,,,,,
,,,,,,,,,,2822.0
1242500.0,,,,,,,,,,
,,,,,,,,,,6010.0
,,,,,,,,52787.0,,
,,,,41900.0,,,,,1140.0,33353.0
,,,,,,,,,,
,,,,,,,,,,
,,,,,,,,,,
,,,,,,,,,,
,,,,,,,,,,
,,,,,,,,,-1290.0,
,,,,,,,,,,
,,,,,,,,,,
,,,,28300.0,,,,,,
,,,,,,,,,,
,,,,,,,,,,
,,,,,,,,,,
,,,,,,,,,1150.0,
,,,,,,,,,,
,,,,,,,,,,3155.0
,,,,,,,96028.0,,,
,,,,21357.0,,,,,,3818.0
,,,,,,,,,,
,,,,,,,,,,
,,,,,,,96028.0,,,
,,,,,,,,,,
,,,,,,,,,-1120.0,
,,,,,,,,,,
,,,,,,,,,,
1570000.0,,4.5,6070.0,,6070.0,,,,1320.0,
,,,,,,,,,,
,,,,,,,,,,
,,,,,,,,,,
,,,,35679.0,,,,,,
,,,,,,,,,,
,,,,,,,,,,
,,,,,,,,,,
,,,,,,,,,,
,,,,,,,,,,
,,,,,,,,,,
,,,,32175.0,,,,,,21975.0
,,,,,,,,,,3460.0
,,,,,,,,,,
,,,,,,,,,,
,,,,,,,,,,
,,,,,,,,,,
,,3.75,,,,,,,,6766.0
,,,,,,,,,,
,,,,,,1420.0,,,1990.0,6124.0
,,,,,,,,,,
,,,,,,,,,,
,,4.5,4300.0,,4300.0,,,,,
1200000.0,,,,,3990.0,,,,-1800.0,
,,,,,,,,52787.0,,
,,,,,,,,,,
,,,,,,,,,,
,,,,27007.0,,,,,,14375.0
,,,,,,,,,1170.0,
,,,,,,,,,1170.0,
,,,,,,,,,,
,,,,,,,,,,
,,,,,,,,,,-4615.0
1278000.0,,4.0,4390.0,,,1960.0,,,1300.0,5463.0
,,,,,,,,,,
,7.0,,,,,,,,,
,,,,,,,,,,
,,,,,,,,,,
,,,,,,,,,,
,,,,,,,,,,
,,,,,,,,,,
,,,,,,,,,,
,,,,,,,,,,
,,,,,,,,,,2554.0
,,,,,,,,,,-12087.0
,,,,,,,,,,
,,,,,,,,,,
,,,,,,,,,,-2271.0
,,,,,,,,,,
,1.0,0.0,,43377.0,,,,,,
,,,,,,,,,,
,,,,,,,,,,
1955000.0,,,,,,1560.0,,,,-5970.0
,,,,,,,,,,
,,,,40319.0,,,,,,
,,,,,,,,,,
,,,,,,,,,,
,,,,,,,,,,
,,,,,,,,,,
,,,,,,,,,,
,,,,,,,,,1250.0,
1750000.0,,,,,,,,,,
,6.0,,,,,,,,,
,6.0,4.5,,,,,,,,
5110800.0,,5.25,8010.0,45517.0,5990.0,2020.0,,,4580.0,18729.0
,,,,,,,,,,
,,,,,,,,,,
,,,,,,,,,,
,,,,,,,,,,-17976.0
,,,,,,,,,,
,,,,,,,,,1150.0,
1150000.0,,4.0,4460.0,103382.0,4460.0,,96028.0,,,14863.0
,,,,,,,,,,
,,,,,,,,,,
,,,,,,,,,,
,,,,,,,,,,-2500.0
,,,,,,,,,,
,,,,,,,,,,
,,,,,,,,,1460.0,
,,,,,,,,,,-7440.0
,,,,,,,,,,
,,,,40259.0,,,,,,5472.0
,,,,101930.0,,,,,,-111949.0
,,,,,,,,,1600.0,
,,,,,,,,,,
,,,,,,,,,,3233.0
,,,,,,,,,,2619.0
,,,,,,,,,,-46954.0
,,,,,,,,,,
,,,,,,,,,,
,,,,,,,,,,
,,,,,,,,,,
,,,,,,,,,,
,,,,,,,,,,
,,,,,,,,,,
,6.0,,,,,,,,,
,,,,,,,,,,
,,,,,,,,,,10085.0
,,,,,,,,,,
,,3.75,4610.0,40202.0,,2110.0,,,1560.0,
,,,,,,,,,,
,,,,,,,,,,
,,,,,,,,,,
,,,,,,,,,,
,,,,,,,,,,
,,,,,,,,,,
,,,,,,,,,,
,,,,,,,,,,
,,,,,,,,,,
,,,,27951.0,,,,,,13578.0
,,,,,,,,,,
,,,,,4190.0,,,,1710.0,
,,,,,,,,,,
,,,,,,,,,,
,,,,27631.0,,,,,,14473.0
,,,,,,,,,,
,,,,,,,,,,
1875000.0,,,,,,,,,,
,,,,,,,,,,
,,,,,,,,,,-2510.0
,,,,,,,,,,3748.0
,,,,,,,,,,
,,,,,,,,,,
,,,,,,,,,,
,,,,,,,,,1430.0,
,,,,,,,,,,
,,,,,,,,,,
,,,,,,,,,,
,6.0,,,,,,,,1280.0,
,,,,,,,,,,
,,,,,,,,,,
,,,,,,,,,,
,,,,,,,,,,2950.0
,,,,,,,,,,
,,,,,,,,,-1140.0,
,,,,,,,,,-1140.0,
,,,,,,,,,,
,,,,,,,,,-1180.0,
,,,,23625.0,,,,,,
,,,,,,,,,,
,,,,,,,,,,
,7.0,,,,,,,,,
,,,,81892.0,,,,,,41803.0
,,,,81549.0,,,,,,-12276.0
,,,,,,,,,1950.0,
,,,,,,,,,,-3500.0
,,,,,,,,,,
1225000.0,,4.5,,,,,,52787.0,,
,,,,,,,96028.0,,,
,,,,,,,,,,
,,,,,,,,,,
,,,,,,,,,,
,,,,,,,,,1260.0,
,,,,,,,,,,
,,,,,,,,,,
,,,,102366.0,,,,,,-208216.0
,,,,,,,,,,
,,,,,,1490.0,,,1240.0,
,,,,,,,,,,
,,,,,,,,,,
,,,,37981.0,,,,,,
,,4.5,4380.0,47044.0,,,,,1920.0,28532.0
,,,,,,,,,,
,,,,,,,,,1600.0,
,,,,21780.0,,,,,,
,,,,,,,96028.0,,,
,6.0,,,,,,,,1240.0,4756.0
,,,,,,,,,,
,,,,,,,,,,
,,,,,,,,,,
,,,,,,,,,,
,,,,,,,,,,
2300000.0,,,4250.0,,4250.0,,,,1420.0,-4251.0
,,,,99752.0,,,,,,
,,,,,,,,,,6000.0
,,,,,,,,,,
,,,,,,,,,,4200.0
,,,,,,,96028.0,,,
,,,,,,,,52787.0,,
,,,,,,,,,,
,,,,,,,,,,
,,,,,,,,,,
2260000.0,,,,,,,,,,2439.0
,,,,,,,,,,
,,,,,,,,,,
,,,,,,,,,,-5240.0
,,,,,,,,,,6099.0
,,,,,,,,,,
,,,,,,,,,,
,,,,,,,,,,
,,,,,,,,,,
,,,,,,,,,,
,,,,28717.0,,,,,,
,,,,,,,,,-1060.0,
,,4.25,4930.0,25714.0,4930.0,,,,1310.0,2679.0
,,,,,,,,,,
,,,,,,,,53799.0,,
,,,,,,,,,,
,,,,,,,,,,
,,,,,,,,,,
,,,,,,,,,,
,,,,,,,,,,
,,,,,,,,,,
,,,,,,,,,,
,,,,,,,,,,-29185.0
,,,,,,,96028.0,,,
,6.0,,,,,,,,,6332.0
,,,,,,,,,,
,,,,,,,,,,
,,,,,,,,,,
,,,,,3840.0,,,,,4772.0
,,,,,,,,,,4411.0
,,,,,,,,,,
,,,,,,,,,,
,,,,,,,,,,
5300000.0,6.0,6.0,7390.0,24829.0,5000.0,2390.0,,53799.0,3070.0,
,,,,31238.0,,,,,,-7069.0
,,,,,,,,,,
,,,,,,,,,,
,,,,,,,,,,
,,,,,,,,,,
,,,,,,,,,,
,,,,,,,,,,
,,,,,,,,,,
,,,,220308.0,,,,,,154968.0
,,,,,,,,,,
,,,,,,,,,,
,,,,,,,,,,
1200000.0,,,,,,,,52787.0,,
,,,,133729.0,,,,,,64033.0
,,,,,,,,,,
,,,,,,,,,,
,,,,,,,,,,
,,3.75,,,,,,,1272.0,
,,,,,,,,,,
,,,,,,,,,,
,,,,,,,,,,
,,,,,,,,,,
,,,,,,,,,,
,,,,,,,,,,
,,,,,,,,,,
,,,,,,,,,,
,,,,,,,,,,
,,,,,,,,,,
,,,,,,,,,1721.0,3541.0
,,,,,,,,,,
,,,,,,,,,,4160.0
,,,,,,,,,,
,,,,,,,,,,
,,,,,,,,,,
,,,,,,,,,,3015.0
,,,,79714.0,,,,,,43088.0
,,,,100545.0,,,,,,
,,,,,,,,,,
,,,,,,,,,,
,,,,,,1600.0,,,1730.0,4002.0
,,,,,,,,,,
,,,,,,,,,,
,,,,,,,,,,
,,,,,,,,,,
,,,,,,,,,,
2200000.0,,4.25,4640.0,22703.0,,1780.0,,,1500.0,8503.0
,,,,,,,,,,
,,,,,,,,,1220.0,
,,,,,,,,,,
,,,,,,,,,,
,,,,,,,,,,
,,,,,,,,,,
,,,,,,,,,,
,,,,,,,,,,
,,,,,,,,,,
,,,,,,,,,,
,,,,122038.0,,,,,,74038.0
,,,,,,,,,1300.0,
1131000.0,,,,,,,,,,
,,,,,,,,,,
,,,,,,,,,,-19679.0
,,,,,,,,,,
,1.0,,,,,,,,,
,,,,,,,,,1150.0,
,,,,,,,,,,3399.0
,,,,,,,,,,
,,,,,,,,,,
,,,,,,,,,,
,,,,,,,,,,
,,,,,,,,,,
,,,,,,,,,,-2217.0
,,,,,,,,,,
,,,,,,,,,,
,1.0,,,,,,,,,-10364.0
,,,,,,,,,,
,,,,,,,,,,
,,,,,,,,,,
,,,,,,,,,,
,,,,,,,,,,
,,,,35040.0,,,,,,-2223.0
,,4.0,5320.0,20041.0,5320.0,,,,,2773.0
,,,,,,,,,,
,,,,21650.0,,,,,,-8030.0
,,,,,,,96028.0,,,
,,,,,,,,,,
,,,,,,,,,,
,,,,,,,,,,
,,,,41346.0,,,,,,5951.0
,,,,,,,,,,
,,,,,,,,,,
,,,,,,,,,,
,,,,,,,,,,2958.0
,,,,,,,,,,
,,,,,,,,,,
,,,,,,,,,,
,,,,,,,,,,
,,,,,,,,,,
,6.0,3.75,,,,,,,,
,,,,,,,,,,
,,,,,,,,,1200.0,
,,,,,,,,,,
1175000.0,,,,,,,,,,-3321.0
,,,,,,,,,,
,,,,,,,,,,4003.0
1700000.0,,3.75,,,,,,,,3690.0
,,,,,,,,,,
,,,,,,,,,,
1400000.0,,,,,,2020.0,,,,
,,,,,,,,,,
,,,,,,,,,,3061.0
,,,,73600.0,,,,,,40000.0
,,,,,,,,,,
,,,,80837.0,,,,,,42122.0
,,,,,,,,,,
,,,,,,,,,,-2400.0
,,,,,,,,,,
,,,,,,,,,,
2537000.0,,,,20000.0,,,,,,
,,,,,,,,,,
,,,,,,,,,,6500.0
,,4.75,,35000.0,,1700.0,,,,
,,,,,,,,,,
,,,,,,,,,,3220.0
,,,,,,,,,,
1355000.0,,,,21399.0,,,,,,3840.0
,,,,,,,,,,
,,,,,,,,,,
,,,,,,,,,,2450.0
1229000.0,,,,37034.0,,,,,,
,,,,,,,,,,
,,,,,,,,,,
,,,,,,,,,,
5350000.0,,5.0,8000.0,23985.0,6720.0,,,,3400.0,
,,,,,,,,,,
,,,,,,,,,,
,,,,,,,,,,
,,,,,,,,,,
,,,,,,,,,,
,,,,,,,,,,
,,,,,,,,,,-2089.0
,,,,,,,,,,
,1.0,,,,,,,,,-2845.0
,,,,,,,,,,
,,,,,,,,,,2827.0
,,,,,,,,,,
,,,,,,,,,,
,,,,,,,,,,
,,,,,,,,,-1080.0,
,,,,,,,,,,
,,,,,,,,,,
,,,,,,,,,,
,,,,,,,,,,
,,,,,,,,,,
,,,,,,,,,,
,,,,,,,,,,-3030.0
1328000.0,,,,,,,,53799.0,,-2159.0
,,,,,,,,,,8171.0
,,,,,,,,,,2991.0
,,,,,,,,,,
,,,,,,,,,,
,,,,,,,,,,
,,,,,,,,,,
,6.0,,,,,,,,,
,,,,,,,,,,5040.0
,,,,,,,,,,
,,,,,,,96028.0,,,
,,,,21937.0,,,,,,
,,,,,,,,,,
,,,,20412.0,,,,,,-34293.0
,,,,,,,,,,
,,,,,,,,,,
,,,,,4210.0,,,,,
,,,,,,,,,,
,,,,35015.0,,,,,,
,,,,,,,,,,
,,,,,,,,,,
,,,,,,,,,,8223.0
,,,,,,,,,,
,,,,,,,,,,
,,,,,,,,,,
,,,,,,,,,,
,,,,,,,,,,
1218000.0,,,,,,,,,,
,,,,,,,,,,
,,,,,,,,,,
,,,,,,,,,,3440.0
,,,,,,,,,,
,6.0,,,,,,,,1670.0,7275.0
,,,,27311.0,3890.0,,,,,4670.0
,,,,,,,,,,
,,,,,,,,,,
,,,,,,,,,,
,,,,,,,,,,
,,,,,,,,,,
,,,,,,,,,,
,,,,,,,,,,
,,,,,,,,,,
,,,,,,,,,,3883.0
,,,,,,,,,,
,,,,,,,,,,
,,,,,,,,,,
,,,,35040.0,,,,,,13908.0
,,,,,,,,,,
,,,,40635.0,,,96028.0,,,
,,,,,,,,,,
,,,,,,,,,,
,,,,,,,,,,
,,,,,,,,,,-3095.0
,,,,,,,,,,
,,,,28563.0,,,,,,8262.0
,,,,,,,,,,
,,,,,,,,,,
,,,,,,,,,,
,,,,,,,,,,
1250000.0,,3.75,,41263.0,3830.0,,,,-1770.0,-15305.0
,,,,,,,,,,
,,,,,,,,,,
,,,,,,,,,,
,,,,,,,,,,
,6.0,3.75,,,,,,,,
,,,,,,,,,1310.0,
,,,,,,,,,,
,,,,,,,,,,
1300000.0,6.0,,6563.0,32670.0,5153.0,1410.0,,,3953.0,10019.0
,,,,,,,,,,9524.0
,,,,,,,,,,
,,,,,,,,,,
,,,,,,,,,-1360.0,3817.0
,,,,,,,,,,
,,,,,,,,,,
,,,,21312.0,,,,,,
,,,,,,,,,,
,,,,,,,,,,
,,,,,,,,,,
,,,,,,,,,,
,,,,,,,,,,
,,,,,,,,,,
,,,,,,,,,,
,,,,,,,,53799.0,,
,,,,,,,,,,
,,,,,,,,,,
,,3.75,,,4210.0,,,,,
,,,,45302.0,,,,,1220.0,31202.0
,,,,,,,,,,
,,,,,,,,,,
,,,,,,,,,,
,,,,47044.0,,,,,1230.0,-15785.0
,,,,,,,,,,
,,,,,,,,,,
,,,,35000.0,,,,,,
,,,,,,,,,,
,,,,,,,,,,
,,,,,,,,,,
,,,,,,,,,,
,,,,,,,,,,
,,,,,,,,,,
,,,,,,,,,,
,,,,,,,,,,
,,,,,,,,,,
,,,,,,,,,1400.0,
,,,,,,,,,,
,,,,,,,,,,
,,,,,,,,,,
,,,,,,,,,,
,,,,,,,,,,
,,,,,,,,,,3687.0
,,,,,,,,,,
1175000.0,,,,,,,,,,
1375000.0,,,,,,,,,-1180.0,-2180.0
,,,,,,,,,,
1150000.0,,,4740.0,49091.0,4740.0,,96028.0,,,6704.0
,,,,,,,,,,
,,,,,,,,,,
,,,,,,,,,,
,,,,,,,,,,
,,,,,,,,,,
,,,,,,,,,,-2404.0
,,,,,,1450.0,,,,
,,,,,,,,,,
,6.0,,,24773.0,,,,53799.0,,13033.0
,,,,,,,,,,4766.0
,,,,,,,,,,
,,,,,,,,,,
,,,,,,,,,,
,,,,46748.0,,,,,,7065.0
,,,,,,,,52787.0,,2647.0
,,,,,,,,53799.0,,
,,,,,,,,,,
,,,,,,,,,,
,,,,,,,,,,
,,,,74052.0,,1500.0,,,,8277.0
,,,,,,,,,,3137.0
,,,,,,,,,,
,,,,,,,,,,
,,,,,,,,,,
,,,,,,,,,,
,,,,43733.0,,,,,,
,,,,,,,,,,
,,,,,,,,,,
,,,,,,,,,,
,,,,,,,,,,
,,,,,,,,,,
,,,,,,,,,,
,,,,,,,,,,
,,,,,,,,,,
,,,,,,,,,,
,,,5450.0,37058.0,5450.0,,,,2650.0,
,,,,,,,,,,-2094.0
,,,,206910.0,,,,,1430.0,86235.0
,,,,,,,,,,-2220.0
,,,,,,,,52787.0,,
1198000.0,,,,,,,,52787.0,1370.0,
,,,,,,,,52787.0,-1110.0,
,1.0,,,,,,,,,
,,,,,,,,,,
,,,,29078.0,,,,,,
,,,,35722.0,,,,,,
,,,,,,,,,,
,,,,,,,,,,
,,,,,,,,,,
,,,,,,,,,,
,,,,,,,,,,
,,,,,,,,,,
,,,,,,,,,1520.0,
,,,,,,,,,,
,,,,,,,,,,
,,,,,,,,,,
,,,,,,,,,,
,,,,142803.0,,,,,,96194.0
,,,,,,,,,,
,,,,,,,,,,
,,,,,,,,,,
,,,,,,,,,,
,,,,,,,,,,
,,,,,,,,,,
,,,,,,,,,,
,,,,,,,,,,
,1.0,,,204732.0,,,,,,-8276.0
,,,,,,,,,,
,,,,,,,,,,2914.0
,,,,,,,,,,
,,,,,,,,,,
,,,,,,,,,,
,,,,,,,,,,-6464.0
,8.0,5.0,,,,,,,,
,,,,,,,,,,4301.0
,,,,,,,,,,-12892.0
,,,,35298.0,,,96028.0,,,
,,,,,,,,,1870.0,
,,,,,,,,,,
,,,,,,,,,1350.0,
,,,,,,,,,,
,,,,,,,,,,
,,,,,,,,,1480.0,
,,,,,,,,,1350.0,2373.0
,,,,,,,,,,
,,,,,,,,,,
,,,,,,,,,,
,6.0,,,,,,,,1510.0,
,,,,,,,,,,
2250000.0,,,4440.0,,,,,,,
,,,,,,,,,,
,,,,,,,,,,
,,,,,,,,,1530.0,
,,,,38639.0,,,,,,
1230000.0,,,,,,,,53799.0,,-10511.0
,,,,,,,,,,
,,,,,,,,,,
,,,,,,,,,,
,,,,,,,,,,
,,,,,,,,,,
,,,,,,,,,,
,,,,131115.0,,,,,,-54450.0
,,,,,,,,,,
,,,,28405.0,,,,,,16976.0
,,,,,,,,,,
,,,,,,,,,,
,,,,,,,,,,
,,,,,,,,,,
,,,,46580.0,,,,,,-8105.0
,,,,36036.0,,1800.0,,,,-8095.0
,,,,,,,,,,-15777.0
,,,,,,,,,,
,,,,,,,,,,
,,,,,,,,,,
,,,,,,,,52787.0,-1210.0,
,,,,,,,,,,
,,,,360241.0,,,,,1130.0,150282.0
,,,,,,,,,,
,,,,56628.0,,,,,,47926.0
1265000.0,,,,,,,,,,
,,,,,,,,,,
,,,,,,,,,,
,,,,,,,,,,
,,,,,,,,,,
,,,,,,,,,,
,6.0,,,,,,,,,4510.0
,,,,,,,,,,
,,,,,,,,,,
,,,,,,,,,,
,,,,,,,,,,
,,,,,,,,,,
,6.0,,,,,,,,,
,,,,1651359.0,,,,,-1260.0,1225778.0
,,,,,,,,53799.0,,-2789.0
,,,,,,,,,,2742.0
,,,,,,,,,,
,,,,51836.0,,,,,,
,,,,,,,,,,
,,,,36900.0,,,,,,
,,,,,,,,,,
,,,,,,,,,,5322.0
,,,,,,,,,,7288.0
,,,,,,,,,,
1679000.0,,4.25,4830.0,,,,,53799.0,2650.0,
,,,,,,,,,,
1928000.0,,,4280.0,20296.0,4280.0,,,,,3945.0
,,,,,,,,,,
,1.0,,,,,,,,,
,,,,,,,,,,
,,,,,,,,,,
,,,,,,,,,,
,,,,,,,,,-1180.0,
,,,,53898.0,,,,,,-163030.0
,,,,33981.0,,,,,,
,,,,,,,,,,
,,,,,3880.0,,,,1720.0,2387.0
,,,,53392.0,,,,,,10263.0
,,,,,,,,,,
,,,,,,,,,,
,,,,,,,,,,
,,,,134489.0,,,,,,70666.0
,,,,,,,,,,
,,,,,,,,,,
,,,,,,,,,,2411.0
,,,,,,,,,,
,6.0,3.75,,,,,,,1410.0,
,,,,,,,,,,
,,,4570.0,,4570.0,,,,,
,,,,,,,,,,
,,,,,,,,,,3074.0
,,,,,,,,,,
,,,,,,,,,,
,,,,,,,,,,
,,,,,,,,,,
,,,,,,,,,,
,,,,,,,,,,
,,4.0,,,,,,53799.0,1340.0,
,,,,33460.0,,,,,,
,,,,,,,,,,
,,,,,,,,,,
,,,,,,,,,,
1175000.0,,,,,,,,,,
,,,,,,,,,,-3000.0
2350000.0,,,4370.0,22863.0,,,,,1390.0,
,,,,,,,,,1230.0,
,,,,,,,,,,
,,,,,,,,,,
,,,,306848.0,,,,,,178782.0
,,,,,,,,,,
,,,,,,,,,,
,,,,,,,,,,
,,,,,,1580.0,,,,4735.0
,,,,,,,,,,
,,,,,,,,,,
,,,,41656.0,,,,,,6552.0
,,,,,,,,,,
,,,,,,,,,,
,,,,,3750.0,,,,,
,,,,,,,,,,
,,,,,,,,,,
,,,,,,,,,,
,,,,,,,,,,
,,,,,,,,,,
,,,,,,,,,,
,,,,,,,,,-1250.0,
,,,,,,,,,,
,,,,,,,,,,-2218.0
,,,,,,,,,1330.0,
,,,,156988.0,,,,,,85986.0
,,,,,,,,,,
,,,,,,,,,,-6850.0
,,,,,,,,,,
,,,,,,,,,,
,,,,,,,,,,
,,,,,,,,,,-3219.0
,,,,,,,,,,
1135000.0,,,,,4130.0,,,,,
,,,,,,,,,,
,,,,,,,,,,
,,,,,,,,,,
,,4.25,5710.0,24663.0,5710.0,,,,1650.0,
,,,,183823.0,,,96028.0,,,10019.0
,,,,,,,,,,
,,,,,,,,,,
,,,,,,,,,,
,,,,,,,,,,
,,,,36831.0,,,,,,21191.0
,,,,206480.0,,,,,,
,,,,,,,,,,
,,,,,,,,,,
1315000.0,,,,,,,,52787.0,,
1430000.0,,,,27589.0,,,,,,7514.0
,,,,,,,,,,
,,,,,,,,,,
,,,,,,,,,,
,,,,,,,,,,
,,,,,,,,,,
,,,,,,,,,,
,,,,,,,,,,-2500.0
,,,,,,,,,,
,,,,,,,,,,
,,,,,,,,,,-3050.0
,,,,,,,,,,
,,,,,,,,,,
,,,,,,,,,,
,,,,,,,,,,-5419.0
,,,,,,,,,,3561.0
,,,,,,,,,,
1525000.0,,,,,,,,,,
,,,,,,,,,,
,,,,,,,,,,
,,,,,,1800.0,,,,3925.0
,,,,,,,,,,
,,,,,,,,,,
,,,,,,,,,,
,,,,,,,,,,
,,,,,,,,53799.0,,
,,,,,,,,,,
,,,,,,,,,,
,,,,,,,,,,
,,,,,,,,,,
1569500.0,,4.5,5620.0,,4700.0,,,,3260.0,
,,,,,,,,,,
,,,,,,,,,,
,,,,26989.0,,,,,,9287.0
,,,,,,,,,,
,,,,,,,,,,
,,,,,,,,,,-3997.0
,,,,,,,,,,
,,,,,,,,,,3417.0
,,,,,,,,,,
,,,,,,,96028.0,,,2788.0
,,,,,,,,,,
,,,,,,1480.0,,,,
,,,,,,,,,,
,,,,,,,,,,
,,,,,,,,,,
,,,,19680.0,,,,,,7380.0
,,,,19680.0,,,,,,7380.0
,,,,,,,,,,
,,,,,,,,,,
,,,,,,,,,,
,,,,42436.0,,,,,,
,,,,,,,,,,
,,,,,,,,,1200.0,
,,,,,,,,,,
,,,,,,,,,,
,,,,,,,,,,
,,,,,,,,,,
,,,,,,,,,,-2611.0
,,,,,,,,,,
,,,,52953.0,,,,,,
,,,,,,,,,-1960.0,-4660.0
,,,,,,,,,,
,,,,,,,,,,
,6.0,3.75,,,,,,,1410.0,
,,,,,,,,,,
,,,,,,,,,,
,,,,,,,,,,3939.0
,,4.0,,,,,,,,
,,,,,,,,,,
,,,,,,,,,,
,,,,,,,,,,
,,,,37000.0,,,,,,
,,,,,,,,,,
,,,,,,,,,,
,,,,28052.0,,,96028.0,,,
1575000.0,,3.75,,,3810.0,,,53799.0,,
,,,,,,,,,,
,,,,,,,,,,
,,,,,,,,,,
,,,,,,,,,,
,,,,,,,,,,
,,,,,,,,,,
,,,,,,,,,,
,,,,,,,,,,
,,,,,,,,,,3627.0
,,,,,,,,,1430.0,
,,,,,,,,,,
,,,,,,,,,,-2326.0
,,,,,,,,,,3362.0
,,,,,,,,,,3446.0
,,,,26337.0,,,,,,
,,,,,,,,,,
,,,,,,,,,,
,,,,,,,,,,
,,,,,,,,,,
,,,,,,,96028.0,,,
,,,,,,,,,,
,,,,,,,,,,
,,,,,,,,,,
,,,,,,,,,,
,,,,,,,,,,
,,,,,,,,,,
,,5.0,5774.0,31675.0,4490.0,,,,2514.0,18475.0
,,,,,,,,,,-4885.0
,,,,,,,,,,
,,,,51763.0,,,,,,2556.0
,,,,,,,,,,
,,3.75,,,,,,,,-3300.0
,,,,,,,,,,
,,,,,,,,,,
,,,,,,,,,,
,,,,23200.0,,,,,,6160.0
,6.0,4.0,4470.0,,,,,,2680.0,
,,,,,,,,,,
,,,,,,,,,1110.0,4287.0
,,,,,,,,,,
1249000.0,,,,,,,,,,
,,,,,,,,,,
,,,,33920.0,,,,,,-27064.0
,,,,21780.0,,,,,,-6247.0
,,,,,,,,,,
,,,,,,,,,,
,,,,,,,,,,
,,,,,,,,,,
,,,,,,,,,,
1715000.0,,3.75,4490.0,,,,,52787.0,,
2400000.0,,3.75,,24825.0,,,,,,13325.0
,,,,96574.0,4150.0,,96028.0,,,55771.0
,,,,,,,,,,
,,,,,,,,,,
,,,,26487.0,,,,,,2408.0
,,,,,,,,,,
,,,,,,,,,,
,,,,,,,,,,
,,,,33132.0,,,,,,13132.0
,,,,,,,,,,6880.0
,,,,,,,,,,
,1.0,,,40946.0,,,,,,20596.0
,,,,,,,,,,
,,,,,,,,,,
,,,,,,,,,,6039.0
,,,,,,,,,,
,,,,,,,,,,
,,,,,,,,,,
,,,,52256.0,,,,,,
,,,,,,,,,,
,,,,,,,,,-1150.0,3750.0
,,,,,,,,,,
,,,,,,1670.0,,,2050.0,
,,,,85813.0,,,,,,
,,,,,,,,,,
,,,,,,,,,,
,1.0,,,87120.0,,,,,,-78408.0
,,,,,,,,,,6030.0
,,,,,,,,,,
,,,,,,,,,,
,1.0,,,,,,,,,2976.0
,,,,35679.0,,,,,,
,,,,,,,,,,
,,,,,,,,,,
,,,,,,,,,,
,,,,,,,,,,-2100.0
,,,,,,,,,,-2605.0
,,,,,,,,,,
,,,,,,,,,,
,,,,,,,,,,
,,,,,,,,,,
,6.0,,,,,,,,1410.0,7627.0
1600000.0,,4.25,,,,,,52787.0,,
,,,,,,,,,,
,,,,,,,,,,
,,,,20100.0,,1510.0,,,,10279.0
,,,,,,,,,,3038.0
,,,,,,,,,,
,,,,,,,96028.0,,,
,,,,,,,,,,
,,,,,,,,,,
,,,,,,,,,,
,,,,,,,,,,
,,,,,,,,,,
,,,,,,,,,,
,,,,,,,,,,
,,,,,,,,,,
,,,,,,,,,,
,,,,,,,,,,
,,,,,,,,,,-2432.0
,,,,,,,,,,
,,,,,,,,52787.0,,
,,,,,,,,,1360.0,
,1.0,,,,,,,,,3750.0
,,,,,,,,,,
,,,,,,,,,,
,,,,,,,96028.0,,,
,,,,,,,,53799.0,,
,,,,,,,,,,
,,,,,,,,,,
,,,,40098.0,,,,,,4727.0
,,,,,,,,,,
,,,,,,,,,,
,,,,35020.0,,,,,,
,,,,,,,,,,
,,4.0,,,,1800.0,,,,
,,,,,,,,,,
,,,,,,,,,,
1480000.0,,,,26000.0,4070.0,,,,,
,,,,150117.0,,,,,-1810.0,100062.0
,,,,,,,,,,
,1.0,,,,,,,,,
,,,,,,,,,,
,,,,,,,,,,
,,,,97138.0,,,,,,-79280.0
,,,,57050.0,,,,,-1200.0,17968.0
,1.0,,,,,,,,,
,,,,,,,,,,
,,,,,,,,,,
,,,,,,,,,,
,,,,,,,,,,
,,,,,,,,,,
,,,,,,,,,,
,,,,,,,,,,
,,,,,,,,,,
2532000.0,,4.25,5040.0,,,1620.0,,,,
,,,,24700.0,,,,,,
,,,,,,,,,,-2232.0
,,,,,,,,,,
,,,,,,,,53799.0,,
,,,,,,,,,,
1568000.0,,,,,,,,52787.0,-1140.0,
,,,,,,,,,,
,,,,,,,,,,-2755.0
,,,,,,,96028.0,,,
,,,,,,,,,,
,,,,,,,,,,
,,,,,,,,,,
,,,,,,,,,,
,,,,,,,,,,
,,,,,,,,,,
,,,,,,,,,,
,,,,,,,,,,
,,,,,,,,,,3351.0
,,,,,,,,,,-3090.0
,,,,,,,,,,
,,,,,,,,,,
,,,,,,,,,,
,,,,,,,,,,
,,,,,,,,,,
,,,,,,,,,,
,,,,,,,,,,
,,,,,,,,,,
,,,,,,,,,,
,,,,,,,,,,-3779.0
,6.0,,,,,,,,2010.0,
,,,,,3840.0,,,,,
,,,,,,,,,,
,,,,,,,,,,
,6.0,,,,,,,,,
1200000.0,,,,,,,,53799.0,-1330.0,-8632.0
,,,,46609.0,,,96028.0,,,6537.0
,,,,,,,,,,
,,,,,,,,,,
,,,,,,,,52787.0,,
,,,,,,,,,,
,,,,,,,,,,
,,,,,,,,,,
,,,,,,,,53799.0,,
1250000.0,,,,,,,,52787.0,-1230.0,
3850000.0,,4.25,5770.0,21300.0,5770.0,,,53799.0,1150.0,
,,,,,,,,,,
,,,,,,,96028.0,,,
1195000.0,,,5180.0,19606.0,,2570.0,,,1130.0,4310.0
,,,,,,,,,,
,,,,,,,,,,
,,,,,,,,53799.0,,
,,,,,,,,,,8160.0
,,,,,,,,,,
,,,,,,,,,,
,,,,,,,,,,
,,,,,,,,,,
,,,,,,,,,,
,,,,,,,,,,
,,,,,,,,,,
,,,,,,,,,,2500.0
,,,,,,,,,,
,,,,,,,,,,
,,,,,,,,,,
,,,,,,,,,,
,,,,,,,,,,
,,,,,,,,,,6475.0
,,,,,,,,,,
,,,,36246.0,,,,,,23068.0
,,,,,,,,,,
,,,,,,,,,,
,,,,,,,,,,
1635000.0,,,,26784.0,,2110.0,,,,-7161.0
,,4.5,,,4030.0,,,,,
,,,,,,,,,,
,,,,,,,,,,
,,,,,,,,,,
,,,,,,,,,,8634.0
,,,,,,,,,,
,,,,40946.0,,1490.0,,,,11326.0
,,,,,,,,,,
,,,,70567.0,,,,,-1650.0,27007.0
,,,,,,,,,,
,,,,74495.0,,,96028.0,,,49852.0
,,,,,,,,,,
1325000.0,,3.75,6400.0,76665.0,3810.0,2590.0,,,2970.0,16117.0
,,,,,,,,,,
,,,,,,,,,,
,,,,,,,,,,
,,,,,,,,,,
,,,,,,,,,,
,,,,,,,,,,
,,,,,,,,,,
,,,,,,,,,,-2400.0
,,,,,,,,,,
,,,,,,,,,,
1735000.0,,,,,,,,,,
,,,,,,,,,,6159.0
,,,,,,,,,,
,,,,,,,,,,
1700000.0,,,,,,,,,,-3532.0
,,,,22334.0,,,,,-1052.0,11764.0
,,4.0,,,,,,,,
,,,,,,,,,,
,,,,,,,,,,
,,,,,,,,,,
,,,,,,,,,,4026.0
,,,,,,,,,,
,,,,,,,,,,
,,,,,,,,,,-2175.0
,,,,,,,,,,
,,,,43645.0,,,,,,9319.0
,,,,,,,,,,
,,,,,,,,,2300.0,
,,,,,,,,,,
,,,,,,,,,,-4793.0
,1.0,,,,,,,,,
,,,,,,,,,,
,,,,,,,,,,
,,,,,,,,,,9889.0
,,,,,,,,,,
,,,,,,,,,,
,,,,,,,,,,
,,,,,,,,,,
,,,,,,,,,,
,,,,,,,,,,
,,,,,,,,,,
,,,,,,,,,,
,,,,,,,,,,
,,,,,,1580.0,,,,
,,,,,,,,,,2976.0
,,,,,,,,,,
,,,,,,,,,,
,,,,,,,,,,
,,,,,,,,,,
,,,,,,,,,,
,,,,,,,,,,
,,,,,,1480.0,,53799.0,,-2536.0
,,,,,,,,,,
1650000.0,,,,,,,,,,
,,,,,,,,,,
1550000.0,,,,20805.0,,,,,,
,,,,,,,,,,4970.0
,,,,,,,,,,
,,,,,,,,,,
,,,,,,,,,,
,,,,22500.0,,,,,,11700.0
,,,,,,,,,,
,,,,,,,,,,
,,,,,,,,,,
,,,,57063.0,,,,,,49749.0
,,,,,,,,,,
,,,,,,,,,,3408.0
,,,,69834.0,,,96028.0,,,-4422.0
,,,,,,,,,,
,,,,,,,,,,
,,,,,,,,,,
,,,,,,,,,,-11980.0
,,,,,,,,,,
,,,,,,,,,,2801.0
1680000.0,,3.75,4490.0,34982.0,4490.0,,,,,-2543.0
,,,,,,,,,,
,,,,,,,,,,
,,,,,,,,,,
,,,,,,,,,,
,,,,,,,,,,
,,,,,,,,,,
,,,,,,,,,,
,,,,,,,,,,
,,,,,,1410.0,,,,
,,,,,,,,,,
,,,,,,,,,,
,,,,,,,,,,3409.0
,,,,,,,,,,
,,,,,,,,,,
,,,,,,,,,,
,,,,,,,,,,
,,,,,,,,,,
,,,,,,,,,,2695.0
,,,,,,,,,,
,,,,,,,,,,3049.0
,,,,,,,,,,
,,,,37533.0,,,,,,27441.0
,,,,,,,,,,
,,,,,,,,,,
,,,,,,,,,,
,,,,,,1480.0,,,,
,,,,,,,,,,
,,,,,,,,,,
,,,,,,,,,,
,,,,,,,,,,
,,,,,,,,,,
,,,,46609.0,,,,,,3049.0
,,,,,3840.0,,,,,
,,,,,,,,,,
,,,,21514.0,,,,,,
1760000.0,,5.0,6055.0,21630.0,,2500.0,,,1165.0,2407.0
,,,,,,,,,,3458.0
,,,,,,,,,,
,,,,,,,,,,
,,,,,,,,,,
,,,,,,,,,,
,,,,,,,,,,
,,,,,,,,,,
,,,,26460.0,,,,,,-2615.0
,,,,,,,,,,
,,,,,,,,,,
,,,,45738.0,,,96028.0,,-1330.0,
,,3.75,,,,,,,1570.0,
,,,,,,,,,,
,,,,,,,,,,-5996.0
,,,,,,,,,,
,,,,,,,,,,
,,,,,,,,,,
1339000.0,,,4250.0,19387.0,,,,53799.0,,2363.0
,,,,20873.0,,,,,-1040.0,2509.0
,,,,,,,,,,
,,,,,,,,,,
,,,,,,,,,,
,,,,,,,,,,
,,,,,,,,,,
,,0.5,,,,,,,,
,,,,,,,,,,
,,,,,,,,,,
,,,,,,,,,,
,,,,,,,,,,
,,,,,,,,,,
2750000.0,,4.0,6300.0,,4360.0,1940.0,,,3040.0,
,,,,,,,,,1300.0,
,,,,,,,,,,
,,,,,,,,,,
,,,,,,,,,,
,,,,,,,,,,
,,,,216777.0,,,,,,108314.0
,,,,,,,,,,
,,,,,,,,,,
,,,,,,,,,,-2437.0
,,,,,,,,,,
,,,,,,,,,,
,,,,,,,,,,
,,,,,,,,,,
,,,,,,,,,,
,,,,,,,,,,
,,,,,,,,52787.0,,
,,,,,,,,,,
,,,,,,,,,,
,,,,,,,,,,
,,,,,,,,,,
,,,,,,,,,,
,,,,,,,,,,
,,,,,,,,,,-3276.0
,,,,41600.0,,,,,,6640.0
,,,,,,,,,,
,,,,,,,,,,
,,,,,,,,,,
,,,,,,,,52787.0,,
,,,,,,,,,1140.0,
,,,,,,,,,,
,,,4350.0,37169.0,,,,,,-4462.0
,,,,,,,,,,
,,,,,,,,,,
,,,,,,,,,,
,,,,,,,,,,2346.0
,,,,,,,,,,
,,,,,,,,,,
,,,,,3960.0,,,,,
,6.0,,,,,,,,,
,,,,,,,,,,
1185000.0,,,,,,,,52787.0,,
,,,,,,,,,,4356.0
,6.0,,,,,,,,,
,,,,,,,,,,
,,,,,,,,,,
,,,,,,,,,,
1400000.0,,,,,,,,,,
,,,,,,,,,,
,,,,,,,,,,
,,,,,,,,,,4098.0
,,,,,,,,,,
,,,,,,,,,,
1810000.0,,,,,,,,52787.0,,
,,,4460.0,51177.0,4460.0,,,,1790.0,12252.0
,,,,,,,,,,
,,,,,,,,,,
,,,,,,,,,,
,,,,,,,,,,
,,,,,,,,,,
,,,,,,,,,,
,,,,,,,,,,5479.0
,,,,,,,,,,2711.0
,,,,,,,,,,
,,,,,,,,,,
,,,,,,,,,,
,,,,23085.0,,,,,,4905.0
,,,,,,,,,,
,,,,,,,,,,
,,,,,,,,,,
,,,,,,,,,,
,,,,,,,,,,
1365000.0,,,,,,,,,,
,,,,,,,,,,3420.0
,,,,,,,,,,
,,,,,,,,,,
,,,,,,,,,,
,,,,,,,,,,
,6.0,5.0,,,,,,,2040.0,
,,,,58712.0,,,,,,34380.0
,,,,,,,,,,
,,,,,,,,,,
,,,,,,,,,,
,,,,,,,,,,
,,,,21486.0,,,,,,5550.0
,,,,20685.0,,,,,,-8842.0
,,,,,,,,,,
,,,,,,,,,,
1187500.0,,,4340.0,217800.0,4340.0,,96028.0,,,
,,,,,,,,,,
,,,,,,,,,,
,,,,,,,,,,5285.0
,,,,,,,,,,
,,,,,,,,,,
,,,,,,,,,,-3651.0
,,,,,,,,,,
,,,,,,,,,,7520.0
,,,,,,,,,,
,,,,,,,,,,
,6.0,,4250.0,,,,,,2730.0,
,,,,,,,,,,
,,,,,,,,,,
,,,,,,,,,,
,,,,,,1550.0,,,1390.0,
,,,,105587.0,,,,,,-102851.0
,,,,,,,,,,
,,,,,,,,,,
,,,,35636.0,,,96028.0,,,
,,,,,,,,,,
,,,,44431.0,,,,,,29581.0
,,,,,,,,,,
,,,,,,,,,,
,,,,,,,,,,
,,,,,,,,,,
,,,,,,,,,,
,6.0,,,,,,,,,
,,,5110.0,,3850.0,,,,3320.0,
,,,,99916.0,,,,,,26736.0
,,,,,,,,,,
,,,,19602.0,,,,,,
,,,,,,,,,,
,,,,,,,,,,
,,,4700.0,38412.0,,,,,,2841.0
,,,,,,,,,,
,,,,81892.0,,,,,,44622.0
,,,,,,,,,,2750.0
,,,,,,,,,,
,,,,,,,,,,
,,,,,,,,53799.0,,2663.0
,,,,,,,,,,4277.0
,,,,,,,,,,
,,,,,,,,,,
1544500.0,,,4910.0,,,2350.0,,,,
,,,,,,,,,,
,,,,,,,,,,
,,,,,,,,,,
,,,,,,,,,,
,,,,,,,,,,
,,,,,,,,,,
,,,,24000.0,,,,,,14400.0
,,,,,,,,,1650.0,-2296.0
,,,,,,,,,,
,,,,,,,,,,
,,,,,,,,,,
,6.0,,4750.0,248600.0,4750.0,,,,2520.0,-63010.0
,,,,,,,,,,
,,,,64073.0,,,,,,15313.0
,,,,,,,,,,
,,,,,,,,,,
,,,,,,,,,,
,,,,,,,,,,
,,,,,,,,,,-2354.0
,,,,,,,,,,
,,,,,,,96028.0,,,
,,,,,,,,,,2788.0
,,,,,,,,,,
,,,,,,,,,,
,,,,,,,,,,
,,,,,,,,53799.0,,-6793.0
,,,,,,,,,,
,,,,,,,,,,
,,,,,,,,,,
1600000.0,,,,,,,,,,
,,,,,,,,,,-3006.0
,,,,,,,,,-1420.0,-54018.0
,,,,,,,,,,
,,,,,,,,,,
,,,,42077.0,,,,,,5841.0
,,,,,,,,,,
,,,,,,,,,,
,,,,,,,,,,5100.0
,,,,,,,,,,
,,,,,,,,,,
,,,,,,,,,,
,,,,,,,,,,
,,,,,,,,,,
,,,,,,,,,,
3278000.0,,,6840.0,,4350.0,2490.0,,,3720.0,-2300.0
,,,,,,,,,,
,,,,,,,,,,
,,,,,,,,,,5130.0
,,,,,,,,,,
1600000.0,,,,,,,,,,
,,,,,,,,,,
,,,,,,,,,,
,,,,51836.0,,1481.0,,,1125.0,43230.0
,,,,,,,,,,
,,,,,,,,,,
1220000.0,,,,,,,,,1230.0,
,,,,29982.0,,,,,,10104.0
,,,,,,,,,,
,,,,,,,,,,
,,,,35000.0,,,,,,
,,,,,,,,,,
1700000.0,,5.0,4930.0,,4160.0,,,53799.0,1900.0,6170.0
,,,,,,,,,,
,,,,,,,,,,
,,,,,,,,,,
,,,,,,,,,,
1280000.0,,,,,,,,,,
,,,,,,,,,,
,,,,,,,,,,
,,,,,,,,,,
,,,,,,,,,,
,,,,,,,,,,
,,,,,,,,,,
1865000.0,,,,43560.0,,,,,,2544.0
,,,,,,,,,,4063.0
,,,,,,,,,,2566.0
,,,,,,,,,,
1215000.0,,,,,,,,53799.0,,-3600.0
,,,,,,,,,,
,,,,,,,,,,
,,,,,,,,,,
,,,,,,,,,,
,,,,,,,,,,
,,,,,,,,,,
,,,,,,,,,,
,,,,,,,,,,
,,,,,,,,,,6245.0
,,,,,,,,,,
,,,,,,,,,,
,,,,,,,,,,
,,,,,,,,,,
,,,,,,,,,,
,,,,,,,,,,
,,,,,,,,,,
,,,,,,,,,,
,,,,,,,,,,
,6.0,,,,,,,,,
,6.0,,,,,,,,,
,,,,,,,,,,
,,,,,,,,,,
,,,,,,,,,,
,,,,,,,,,,
,,,,,,,,,,
,,,,,,,,,,
,,,,,,,,,,
,,,,,,,,,,
,,,,,,,,,,
,,,,,,,,,,
,,,,,,,,,,
,,,,37801.0,,,,,,-9679.0
,,,,,,,,,,
,,,,,,,,,,
,,,,216332.0,,,,,,154913.0
,,,,219978.0,,,,,,
,,,,,,,96028.0,,,
,,,,,,,,,,
1245000.0,6.0,,,,,,,,1610.0,6182.0
,,,,,,,,,,
,,,,,,,,,,
,,,,,,,,,,
,,,,,,,,,,
,,,,,,,,,,
,,,,,,,,,,5476.0
,,,,,,,,,,
,,,,,,,,,,
,,,,,,,,,,
,,,,,,,,,,
,,,,,,,,,,
,,,,,,,,,,3468.0
,,,,,,,,,,
,,,,,,,96028.0,,,
,,,,,,,,,,
,,,,,,,,,,
,,,,,,,,,,
,,,,,,,,,,
,,,,,,,,,,
,,,,,,,,,,
,,,,,,,,,,
,,,,,,,,,,
,,,,,,,,,,
,,,,,,,,,,
,,,,,,,,,,
,,,,,,,,,,
,,,,53250.0,,,,,,16701.0
,,,,,,,,,,3907.0
,,,,,,,96028.0,,,
,,,,,,,,,,
,,,,,,,,,,
,,,,39639.0,,,,,,-5227.0
,,,,,,,,,,
,,,,,,,,,,
,,,,,,,,,,
,,,,,,,,,,
,,,,,,,,,,
,,,,,,,,,,3049.0
,,,,,,,,,,
,,,,,,,,,,-2440.0
,,,,,,,,,,
,,,,,,,,,,
,,,,,,,,,,
,,,,,,,,,,5698.0
,,,,,,,,,,
,,,,,,,,,,
1600000.0,,,,,,1470.0,,52787.0,,
1620000.0,,,,,,,,,,
1650000.0,,,,,,,,,,
,,,,,,,,,,
,6.0,,,,,,,,,
,,,,,,,,,,
,,,,,,,,,,2568.0
,,,,,,,,,,
,,,,,,,,,,
,,,,223377.0,,,,,,
,,,,,,,,,,
,,,,,,,,,,
,,,,,,,,,,
,,,,,,,,,,4155.0
,,,,,,,,,,
1237500.0,,,5180.0,49936.0,5180.0,,96028.0,,,14573.0
,,,,43821.0,,,,,,-21519.0
,,,,35868.0,,,,,,
,,,,,,,,,,
,,,,57587.0,4070.0,,,,,21627.0
,,,,,,,,,-1210.0,
,,,,,,,,,,
,,,,,,,,,,
,,,,,,,,,,
,,,,,,,,,,
,,,,,,,,,,
,,,,,,,,,,
,,,,,,,,,,
,,,,,,,,,,
,,,,,,,,,,
,,,,,,,,,,
,,,,,,,,,,
,,,,,,,,,1210.0,5907.0
,,,,,,,,,,-3359.0
,,,,33630.0,,,,,,26125.0
,,,,,,,,,,
,,,,,,,,,,
,,,,,,,,,,
,,,,,,,,,,
,,,,,,,,,,2936.0
,,,,,,,,,,
,,,,,,,,,,-24476.0
,,,,,,,,,,
,,,,189486.0,,,,,,128938.0
,,,,,,,,,,
,,,,,,,,,,
,,,,,,,,,,
,,,,30886.0,,,,,,-8247.0
,,,,,,,,,,5250.0
,,,,30605.0,,,,,,-4745.0
,,,,,,,,,,
,,,,,,,,,,
,,,,,,,,,,
,,,,,,,,,,
,,,,,,,,,,
1165000.0,,,,,,,,,1290.0,
,,,,,,,,,,
1599950.0,,4.5,5130.0,43123.0,5130.0,,,,,
,,,,,,,,,,
,,,,,,,,,,3656.0
,,,,,,,,,,
,,,,,,,,,-1020.0,
,,,,,,,,,,
4500000.0,,5.5,6640.0,40014.0,6350.0,,,,3610.0,16606.0
,,,,41072.0,,1520.0,,,,-12942.0
,,,,,,,,,,
,6.0,,,,,,,,,
,,,,,,,,,,
,,,,,,,,,,
,,,,,,,,,,
,,,,,,,,,,
,,,,40341.0,,1850.0,,,1370.0,-13096.0
,,,,,,,,,,
,,,,,,,,,-1240.0,
,,,,,,,,,,
,,,,,,,,,,
,,,,,,,,,,
,,,,,,,,,,
1272000.0,,,,,,,,,,-3192.0
,,,,,,,,,,
,,,,,,,,,,
,,4.25,,,3770.0,,,,1570.0,
,,,,,,,,53799.0,,
,,,,,,,,,,
,,,,,,,,,,
,,,,,,,,,,
,,,,37522.0,,,,,,
,,,,,,,,,,
,,,,,3780.0,,,,,
,,4.0,,,,1830.0,,,1510.0,
,6.0,,,,,1660.0,,53799.0,,
,,,,,,,,,1460.0,2940.0
,,,,,,,,,,
,,,,,,,,,,
,,,,,,,,,,5045.0
,,,,,,,,,,
,,,,,,,,,,
,,,,65340.0,,,,,,-8712.0
,,,,,,,,,,
,,,,,,,,,,
,,,,,,,,,,
,,,,,,,,,,
,,,,,,,,,,
,,,,,,,,,,
,,,,,,,,,,
1380000.0,6.0,4.5,5740.0,,,2130.0,,,1390.0,
,,,,,,,,,,-7137.0
,,,,,,,,,,
,6.0,,,,,,,,,
,,,,,,,,,,3427.0
,,,,,,,,,,
,,,,,,,,,,
,,,,,,,,,,
,,,,,,,,52787.0,,
,,,,,,,,,,
,,,,,,,,,,
,,,,,,,,,,
,,,,,,,,,,
,,,,,,,,,,
,,,,,,,,,,
,,,,,,,,,,
,,,,,,,,,,
,,,,,,,,,,
,,,,,,,,,,
,1.0,,,,,,,,,
,,,,,,,,,,
,,,,,,,,,1310.0,
,,,,,,,,,,
,,,,,,,,,,
,,,,,,,,,,5660.0
,,,,,,,,,,
,,,,,,,96028.0,,,
,,,,20946.0,,,,,,9604.0
,,,,,,,,,,
,,,,,,,,,,
,,,,,,,,,,
,,,,,,,,,,2689.0
,,,,,,,,,,
,,,,,,,,,,
,,,,,,,,,,
,,,,,,,,,,
,,,,,,,,,,
,,,,,,,,,,-4268.0
,,,,,,,,,,
,,,,,,,,,,
,,,,36583.0,,,,,,8763.0
,6.0,,,,,,,,,
,,,,,,,,52787.0,,-2500.0
,,,,,,,,,,
,,,,,,,,,,2982.0
,,,7350.0,,4750.0,2600.0,,,1970.0,
,,,,,,,,,,
,,,,,,,,,,3018.0
,,,,,,,,,,
,,,,,,,,,,
,,,,,,,,,,
,,,,,,,,,,
,,,,,,,,,,
,,,,,,,,,,
,,,,,,,96028.0,,,
,,,,,,,,,,
,,,,,,,,,,
,,,,,,,,,,
,,,,,,,,,,2930.0
,6.0,,,,,1450.0,,,,
,,,,,,,,,,
,,,,,,,,,,
,,,,,,,,,,
,,,,,,,,,,
,,,,,,,,,,7311.0
,,,,,,,,,,
,,,,,,,,,,
,,,,45963.0,,,,,,12008.0
,,,,,,,,,,7610.0
,,,,,,,,,,
,,,,,,,,,,
,,,,,,,,,,-2247.0
1150000.0,,,,,,,,,,
,,,,,,,,,,
,,,,,,,,,,
,,,,,,,,,,
,,,,,,,,,,
,,,,,,,,,,
,,,,,,,,,,
,,,,,,,,,,
,,,,,,,,,,
,,,,,,1850.0,,,1360.0,
,,,,25002.0,,,,,,
,,,,,,,,,,
,,,,,,,,,,
,,,,,,,,,,
,,,,,,,,,,
,,,,,,,,,,
,,,,,,,,,,
,,,,389126.0,,,,,,346978.0
,,,,,,,,,,
,,,,,,,,,,
,,,,,,,,,,
,,,,,3950.0,,,,,
,,,,,,,,,,
,,,,,,,,,,
,,,,,,,,,,
,,,,,,,,,,
,,,,,,,,,,3362.0
,,,,,,,,,,
,,,,,,,,,,
,,,,,,,,,,
,,,,,,,,53799.0,-1100.0,
,,,,,,,,,,2640.0
,,,4510.0,,,1690.0,,,,-2436.0
,,,,,,,,,,
,,,,,,,,,,
,,,,,,,,,,
,,,,,,,,,-1410.0,-24637.0
,,,,,,,,,,
,,,,,,,,,,
,,,,,,,,,,
,,,,,,,,,,
1505000.0,,,,,,,,,,
,,,,,,,,,,
,,,,,,,,,,
,,,,,,,,,,
,,,,,,,,,,
,,,,,,,,,,
,,,,,,,,,,
,,,,,,,,,,
,,,,,,,,,,
1610000.0,,3.75,,,,,,53799.0,,
,,,,,,,,,,2365.0
,,,,,,,,,,
,,,,,,,,,,
1289000.0,,,,,,,,,,
,,,,155130.0,,,,,,140655.0
,,,,,,,,,,
,,,,,,,,53799.0,,
,,,,,,,,,,
,,,,,,1850.0,,,1510.0,2420.0
,,,,,,,,,,
,,,,36445.0,,,,,,
,,,,32214.0,,,,,-1120.0,18500.0
,,,,,,,,,,
,,,,,,,,,,
,,,,,,,,,,
,,,,,,,,,,-2396.0
,,,,,,,,,,
,,,,,,,,,,3701.0
,,,,,,,,,,-2173.0
,,,,,,,,,,
,,,,,3915.0,,96028.0,,,
,,,,,,,,,,
,,,,,,,,,,
,,,,,,,,,,
,,,,,,,,,,3765.0
,,,,,,,,,,
,,,,,,,,,,
1385000.0,,3.75,,,,,,,1280.0,
,,,,,,,,,,
,,,,,,,,,,
,,,,,,,,,,
,,,,,,,,,,
,,,,,,,,,,
,,,,50965.0,,,,,,
,6.0,,,,,,,,1460.0,5616.0
,,,,,,,,,,
,,,,,,,,,,
,,,,,,,,,1290.0,
,,,,,,,,,,
,,,,,,,,,,
,,,,,,,,,,
,,,,,,,,,,
,,,,,,,,,,
,,,,21344.0,,,,,,5256.0
,,,,,,,,,,
1324050.0,,,,,,,,,,
,,,,,,,,,,6103.0
,,,,,,,,,,
,,,,,,,,,,
,,,,,,,,,,
,,,,,,,,,,
,,,,,,,,,,
,,,,,,,,,,
,,,,,,,,,,
1400000.0,,4.5,,,,,,53799.0,,
,,,4300.0,50405.0,,,,,1620.0,8721.0
,,,,174240.0,,,,,,-73616.0
,,,,,,,,,,
,,,,,,,,,,
,,,,,,,,,,
,,,,,,,,,,
,6.0,,,,3880.0,,96028.0,,1260.0,
,,,,,,,,,,
,,,,,,,,52787.0,,
,,,,,,,,,,
,,,,,,,,,,
,,,,,,,,,,
1835000.0,,,4870.0,39190.0,4870.0,,,,,5310.0
,,,,43575.0,,,,,,-2463.0
,,,,57499.0,4030.0,,96028.0,,,
,,,,,,,,,,
,,,,,,,,,,
,,,,108464.0,,,,,,103526.0
3600000.0,,,5020.0,,,1600.0,,,1340.0,
,,,,,,,,,,
,,,,,,,,,,
,,,,,,,,,,-2100.0
,,,,,,,,,,
,,,,,,,,,,
,,,,37363.0,,,96028.0,,-1020.0,-3272.0
,,,,423838.0,,,,,,328878.0
,,,,,,,,,,
,,,,,,,,,,
,,,,,,,,,,
,,,,,,,,,,
,,,,,,,,,,
,,,,,,,,,,
,,,,,,,,,,
,,,,,,,,,,
,,,,,,,,,,
,,,,,,,,,,
,,,,,,,,,,
,,,,,,,,53799.0,-1210.0,-2606.0
,,3.75,4740.0,126759.0,4740.0,,,,1680.0,8712.0
,,,,,,,,,,
,,,,,,,,,,
,,,,43995.0,,,,,,-4356.0
,,,,,,,,,,
,,,,175982.0,,,,,,-39204.0
,,,,,,,,,,
,,,,,,,,,,
,,,,19998.0,,,,,,
,,,,,,,,,,
,,,,,,,,,,
,,,,,,,,,,
1250000.0,,,,,,,,53799.0,,
,,,,,,,,,,2693.0
,,,,,,,,,,6267.0
3000000.0,,,5370.0,,3850.0,1520.0,,,2960.0,
,,,,,,,,,,
,,,,,,,,,,2913.0
,,,,,,,,,,
,,,,,,,,,,
,,,,,,1780.0,,53799.0,,4221.0
,,,,,,,,,,
,6.0,,,,,,,,,-4282.0
,,,,,,,,,,
,,,,,,,,,,
,,,,,,,,,,
,,,,19200.0,,,,,,4350.0
,,,,,,,,,,
,,,,,,,,,,
,,,,,,,,,,
,,,,,,,,,,
,,,,,,,,,,
,,,,,,,,,,
,,,,,,,,,,
,,,,,,,,,,
,,,,,,,,,,
,,,,,,,,52787.0,,
,,,,,,,,,,
,,,,,,,,,,
,,,,,,,,,,
,,,,,,,,,,
,,,,24755.0,,,,,,
,,,,,,,,,,
,1.0,,,,,,,,,
,,,,,,,,,,
,,,,,,,,,,
,1.0,,,,,,,,,
,,,,,,,,,,
,,,,,,,,,,
,,,,,,,,,,
,,,,,,,,,,
,,,,,,,,,,
,,,,60467.0,,,,,,16243.0
,,,,20000.0,,,,,,-10056.0
,,,,,,,,,,
,,,,,,,,,,
,,,,,,,,,,
,,,,,,,,,,
,,,,,,,,,,
,,,,,,,,,,
,,,,40608.0,,,96028.0,,,-4833.0
,,,,,,,,,,
,,,,35752.0,,,,,,
,,,,,,,,,,
,,,,,,,,,,
,,,,,,,,,,
,,,,,,,,,,
,,,,,,,,,,4049.0
,,,,,,,,,,
,,,,,,,,,,
,,,,54014.0,,,,,,32414.0
,,,,,,,,,,
1195000.0,,,,,,,,,,
,,,,,,,,,,
,,,,42580.0,,,,,,9413.0
,,,,57499.0,,,,,,14811.0
,,,,403365.0,,,,,,294465.0
,,,,,,,,,,
,,,,,,,,,,
,,,,,,,,,,
,,,,505166.0,,,,,,483178.0
,,,,,,,,,-1110.0,
,,,,,,,,,,
,,,,19600.0,,,,,,9100.0
,,,,,,,,,,
,,,,,,,,,,
,,,,,,,,,,
,,,,,,,,,,
,,,,,,,,,,
,1.0,,,,,,,,,
2950000.0,,,4860.0,23885.0,4860.0,,132665.0,81926.0,1280.0,7831.0
,,,,,,,,,,-3982.0
,,,,,,,,,,
,,,,,,,,,,
,,,,,,,,,,
,,,,,,,,,,
,,,,46609.0,,,,,,39307.0
,,,,,,,,,,2863.0
,,,,,,,,,,
,,,,,,,,,,
,,,,,,,,,,4620.0
,,,,,,,,,,
,,,,20000.0,,,,,,
,,,,41167.0,,,,,,19402.0
,,,,218235.0,,,,,,-2614.0
,,,,,,,,,,
,,,,,,,,,,4236.0
,,,,,,,,,,
,,,,,,,,,,
,,,,,,,,,,
,,,,,,,,52787.0,,
,,,,,,,,,,
,,,,,,,,,,-5400.0
,,,,,,,,,,
,,,,,,,,,,
,,,,,,,,,,
,,,,,,,,,,
,,,,,,,,,,
,,,,,,,,,,
,,,,,,,,,,
,,,,,,,,,,
,,,,,,,,,,-3415.0
,,,,,,,96028.0,,,
,,,,,,,,52787.0,,-2098.0
,,,,,,,,,,
1325000.0,,,,,,,,52787.0,,
,,,,,,,,,,
,,,,,,,,,,
,,,,,,,,,1210.0,
,,,,,,,,,,
,,,,,,,,,,
,,,,,,,,,,
,,,,,,,,,,
,,,,,,,,,,
,,,,,,,,,,
,,,,,,,,,,
2525000.0,,5.5,6930.0,45100.0,4310.0,2620.0,,,4370.0,7334.0
,,,,,,,,,,
,,,,,,,,,,-6866.0
,,,,,,,,,,
,,,,,,,,,,7730.0
,,,,,,,,,,
,,,,,,,,,,
,,,,,,,,,,
,,,,,,,,,,
,,,,40705.0,,,96028.0,,,
,,,,,,,,,,
,,,,,,,,,,
,,,,,,,,,,
,,,,,,,,,,
,,,,,,,,,,
1799000.0,,,,39098.0,3930.0,,,,,
,,,,,,,,,,
,,,,,,,,,,
,,,,,,,,,,
2298000.0,,4.25,,,4070.0,,,53799.0,,4620.0
,,,,,,,,,,3046.0
,,,,,,,,,,
,1.0,,,211576.0,,,,,,-5788.0
,,,,,,,,,,
,,,,,,,,,,
,,,,,,,,,,-2271.0
,,,,,,,,,,
,,,,,,,,,,2350.0
,,,,,,,,,,
,,,,,,,,,,
,,,,,,,,,,4524.0
,,,,,,,,,,
,,,,,,,,,,
,,,,,,,,,,
,,,,,,,,,-1020.0,
,,,,,,,,,,
,,,,,,,,,,
,,,,,,,,,,
,,,,,,,,,,
,,,,,,,,,,
,,,,45133.0,,,,,,-6640.0
,,,,,,,,,,
,,,,,,,,,,-2973.0
,,,,,,,,,,
,,,,,,,,,,-6919.0
,,,,,,,,,,
,,,,,,,,,,
,,,,,,,,,,
,,,,,,,,,,
,,,,,,,,,,
,,,,,,,,,,
,,,,,,,,,,
,,,,,,,,,,
,,,,,,,,52787.0,,
,,,,,,,,,,
,,,,,,,,,,3967.0
,,,,,,,,,,2674.0
,,,,,,,,,,
,,,,,,,,,,
,6.0,,,,,,,,1110.0,-2116.0
,,,,,,,,,,
,,,,,,,,,,-3050.0
,,,,,,,,,,
,,,,,,,,,,
,,,,,,,,,,
,,,,,,,,,,
,,,,,,,,,,
,,,,,,,,,,
,,,,,,,,,,
,,,,47480.0,,,,,,-4356.0
,,,,,,,,,,
2288000.0,,,,,4080.0,,,,,
,,,,22482.0,,,,,,6466.0
,,,,,,,,,,
,,,,,,,,,,
,,,,21043.0,,,,,,13423.0
,,,,,,,,,,
,,,,,,,,,,
,,,,,,,,,,
,,,,,,,,,,
1500000.0,,5.5,6550.0,217374.0,5400.0,,,,2440.0,166996.0
,,,,,,,,,,
,,,,,,,,52787.0,,
1130000.0,,,,,,,,,,
,,,,,,,,,,
,,,,,,,,,,
,,,,,,,,,,
,,,,,,,,,,
,1.0,,,,,,,,,
,,,,,,,,,,
,,,,,,,,,,
,,,,,,,,,,
,,,,,,,,,,2824.0
,,,,,,,,,,
,,,,,,,,,,
,,,,21929.0,,,,,,
,,,,30869.0,,,,,1240.0,15067.0
,,,,,,,,,,
,,,,,,,,,,
,0.0,0.0,,,,,,,,
,,,,,,,,52787.0,,
1320000.0,,5.25,6110.0,,6110.0,,,,1920.0,
,,,,,,,,,,
,,,,,,,,,,
,,,,,,,,,1210.0,
,,,,,,,,,,
,,,,241322.0,,1600.0,,,,153501.0
,,,,,,,,,,2700.0
,,,,,,,,,,2623.0
1265000.0,,,,,,,,52787.0,,
,,,,,,,,,,
,,,,,,,,,,
,,,,,,,,,,
,,,,,,,,,,
,,,,,,,,,,
,,,,,,,,,,
,,,,,,,,,,
,,,,,,,,,,
,,,,,,,,,,
,,,,,,,,,,
,,,,,,,,,,
,,,,59058.0,,,,,,21795.0
,,,,,,,,,,
,,,,,,,,,,
,,,,,,,,,,
,,,,,,,,,,
,,,,,,,,,,
,,,,,,,,,,
,,,,,,,,,,
,,,,,,,,,,
,,,,,,,,,,
,,,,,,,,,,
,6.0,,,36171.0,,1430.0,,,,-6703.0
1506000.0,,,,,,,,52787.0,,
,,,,,,,,,,
,,,,,,,,,,
,,,,,,,,,,
1899000.0,,,,32044.0,,,,,1380.0,5056.0
,,,,,,,,,,
,,,,,,,,,,-2120.0
,,,,,,,,,,
,,,,,,,,,,
,,,,,,,,,,
,,,,73616.0,,,,,,22651.0
,,,,,,,,,,
,,,,,,,,,,
,,,,,,,,,,
,,,,,,,,,,4513.0
,,,,,,,,,,
,,,,,,,,,,
,,,,,,,,,,
,,,,20868.0,,,,,,5842.0
,,,,,,,,,,
,,,,,,,,,,
,,,,36704.0,,,,,,
,,,,,,,,,,
,,,,,,,,,,
,,,,,,,,,,
,,,,,,,,,,
,,,,,,,,,,
,,,,,,,,,1560.0,
,,,,,,,,,,
,,,,,,,,,,
,,,,,,,,,,
,,,,,,,,,,-3772.0
,,,,,,,,,,
,,,,48993.0,,,,,,12737.0
1400000.0,,,,,,,,52787.0,,
,,,,,,,,,,
1135000.0,,,,,,,,,1250.0,
,,,,,,,,,,
,,,,,,,,,,
,,,,,,,,,,
,,,,,,,,,,
,,,,,,,,,,-3003.0
,,,,,,,,,,
,,,,,,,,,,
,,,,,,,,,,4963.0
,,,,,,,,,,-3440.0
,,,,,,,,,,
,,,,,,,,,,9542.0
,,,,,,,,52787.0,,
,,,,,,,,,,
,,,,38009.0,,,,,,
,,4.25,4883.0,26040.0,3859.0,,,,1147.0,16170.0
,,,,,,,,,,
,,,,19550.0,,,,,,
,,,,,,,,,,
,,,,,,,,,,
,,,,89298.0,,,96028.0,,,
,,,,,,,,,,
,,,,,,,,,,
,,,,,,,,,,
,,,,,,,,,,
,,,,,,,,,,
,,,,,,,,,-1450.0,
,,,,,,,,,,
,,,,,,,,,,
,,,,,,,,,,
,,,,,,,,,,
,,,,,,,,,,
,,,,,,,,,,
,,,,,,,,,,
,1.0,,,,,,,,,
,,,,,,,,,,
,,,,,,,,,,
,,,,,,,,,,
,,,,,,,,,,
,,,,,,,,,,-13703.0
1901000.0,,,,,,,,,,
,,,,,,,,,,
,,,5010.0,49222.0,,,,,1870.0,-4792.0
,,,,,,,,,,
,,,,,,,,,1120.0,
,,,,,,,,,,-19370.0
,6.0,,,,,1798.0,,,1702.0,3200.0
,,,,,,,,,,
,,4.0,4660.0,,,2060.0,,,1280.0,
,,,,,,,,,,
,,,,,,,,,,-2626.0
,,,,,,,,,,2786.0
,,,,,,,,,,
,,,,,,,,,,7388.0
,,,,,,,,,,
,,,,,,,,,,
,,,,,,,,,,
,,,,,,,,,,
,,,,,,,,,,
,,,,,,,,,,9079.0
,,,,,,,,,,
,,,,,,,,,,
,,,,35996.0,,,,,,
,,4.5,,,,,,,,
,1.0,,,,,,,,,
,,,,,,,,,,
,,,,,,,,,,
1208000.0,,3.75,,,,,,,,-4285.0
,,3.75,,,,,,,,
1900000.0,,3.75,,,,,,52787.0,,
,,,,40278.0,,,,,,
,,,,,,,,,,
,,,,,,,,,,
,,,,,,,,,,
,,,,,,,,,,
,,,,,,,,,,
,,,,,,,,,,
,,,,,,,,,,
,,,,38509.0,,,,,2030.0,12644.0
,,,,,,,,,,
,,,,,,,,,,
,,,,,,,,,,
,,,4600.0,67369.0,4600.0,,96028.0,,,
,,,,,,,,,,-9859.0
,,,,,,,,,,
,,,,,,,,,,
,,,,,,,,,,
,,,,,,,,,,
1306000.0,,,,,,,,,,
,,,,,,,,,,
,,,,,,,,,,
,,,,,,,,,,
1965000.0,,3.75,,,3940.0,,,,1570.0,
,,,,50094.0,,,,,,
,,,,,,,,,,
,,,,27591.0,,,,,,
,1.0,,,,,,,,,
,,,,,,,,,,
,,,,,,,,,,
,,,,,,,,,,
,,,,,,,,,,
,,,,,,,,,,
,,,,,,,,,,
,,,,21794.0,,,,,,
,,,,,,,,,,
,,,,,,,,,,
,,,,,,,,,,3973.0
,,,,,,,,,,
,,,,,,,,,,
,,,,,,,,,,
,,,,,,,,,,
,,,,,,,,52787.0,,
,,,,,,,,,,
,,,,,,,,,,
,1.0,,,,,,,,,
,,,,,,,,,,-2267.0
,,,,,,,,,,2633.0
,,,,,,,,,,-3012.0
,,,,,,,,,,
,,,,,,,,,,
,,,,,,,,,,
,,,,,,,,,,
,,,,,,,,,,
,,,,,,,,,,
,,,,32660.0,,,,,,
,,,,,,,,,,
,,,,,,,,,,-3803.0
,,,,,,,,,,
,,4.25,,57514.0,,,,,,21781.0
,,,,,,,,,,
,,,,,,,,,,
,,,,37616.0,,,,,,3866.0
,,,,,,,,,,
,,,,,,,,,,
,,,,88426.0,,,,,,31599.0
,,,,,,,,,,
,,,,42316.0,3800.0,,,,1220.0,6541.0
,,,,,,1610.0,,,,-3282.0
,,,,,,,,,,
,,,,,,,,52787.0,,
,,,,,,,,,,
,,,,,,,,,,
,,,,38125.0,,,,,-1040.0,23055.0
,,,,,,,,,-1310.0,-12488.0
,,,,,,,,,,6111.0
,,,,27586.0,,1780.0,,,,
,,,,,,,,,,2654.0
,,,,,,,,,,
,,,,,,,,,,
1675000.0,6.0,,4910.0,,,,,,1630.0,
,,,,,,,,,,
,,,,,,,,,,
,,,,,,,,,,
,,,,,,,,,,
,,,,,,,,,,
2075000.0,,,,20377.0,4230.0,,,,,
,,,,,,,,,,
,,,,,,1440.0,,,,
,,,,,,,,,,-3060.0
,,,,,,,,,,
,,,,115434.0,4070.0,,,,,19602.0
,,,,,,,,,,
,,,,,,,,,,
,,,,,,,,53799.0,,3800.0
,,,,,,,,,,-5168.0
,,,,,,,,,,
,,,,,,,,,,
,,,,,,,,,,
,,,,,,,,,,
,,,,,,,,,,
,,,,,,,,,,
,,,,,,,,,,
,,,,,,,,,,
,,,,,,,,,,
,,,,,,,,,,-12900.0
,,,,,,,,,,
,,,,,,,,,,
,,,,,,,,,,4945.0
,,,,,,,,,,
,,,,,,,,,,
,,,,,,,,,,
,,,,,,,,,,
,,,,,,,,,,2516.0
,,,,,,,,,,
,,,,,,,,,,
,,,,,,,,,,
,,,,,,,,,,
,,,,,,,,,,3836.0
,,,,,,,,,,
,,4.5,,,,,,,,
,,,,,,,,,,
,,,,,,,,,,
,,,,,,,,,,
,,,,35001.0,,,,,,-5370.0
,1.0,,,,,,,,,
2544750.0,,4.75,5410.0,,5050.0,,,52787.0,1660.0,
,,,4270.0,43386.0,,1590.0,96028.0,,,7206.0
,,,,,,,,,-1220.0,-4189.0
,,,,,,,,,,
,,,,,,,,,1340.0,
,,,,105415.0,,,,,,95795.0
,,,,,,,,,,
,,,,27072.0,,,,,,-7778.0
,,,,,,,,,,
,,,,,,,,,,
,,,,,,,,52787.0,,-3051.0
,,,,,,,,,,
,,,,24829.0,,,,,,9625.0
,,,,,,,,,,
,,,,199940.0,,,,,,49658.0
,,,,,,,,,,
,,,,43088.0,,,,,,3872.0
,,,,,,,,,,
,,,,,,,,,,6316.0
,,,,20000.0,,,,,,2714.0
,,,,,,,,,,
,,,,,,,,,,
,,,,,,,,,,
1570000.0,,3.75,,,,,,52787.0,,
,,,,,,,,,,
,,,,,,,,,,
,,,,,,,,,,
,,,,,,,,,,
,,,,,,,,,,
,,,,,,,,,,
,,,,,,,,,,
,,,,,,,,,,
,,,,,,,,,2140.0,5253.0
,,,,,,,,,,
,,,,,,,,,,
,,,,,,,,,,
,,,,,,,,,,
,,,,67953.0,,,,,,58853.0
,,,,,,,,,,
,,,,,,,,,,
,,,,,,,,,,
,,,,,,,,,,
,,,,,,,,,,
,,,,,,,,,,
,,,,,,,,,,
,,,,,,,,,,
,,,,,,,,,,
,,,,,,,,,,
,,,,,,,,,,
,,,,,,,,,,
,,,,,,,,,,
,,,,,,,,,,
,,,,,,,,,,
,,,,,,,,,,-4966.0
,,,,20000.0,,,,,,8225.0
1280600.0,,,,,,1500.0,,53799.0,,
,,,,,,,,,,-2500.0
,,,,,,,,,,
,,,,,,,,,,
,,,,,,,,,,
,,,,,,,,,,
,,,,,,,,,,
,,,,21262.0,,,,,,10462.0
,,,,,4000.0,,,,,6506.0
,,,,,,,,,,
,,,,,,,,,,
,,,,,,,,,,
,,,,,,,,,,
1234570.0,,,,,,,,52787.0,,
,,,,,,,,,,-2500.0
,,,,41275.0,,,,,,
1290000.0,,,,290980.0,,,,,2210.0,281725.0
,,,,,,,,,,
,,,,,,,,,,3178.0
,,,,,,,,,,
,,,,,,1450.0,,53799.0,,
,,,,,,,,52787.0,,-2280.0
,,,,,,,,,,
,,,,,,,,,,
1230000.0,,,,,,,,,,
,,,,,,,,,,
,,,,,,,,,,
,,,,77972.0,,,,,,63542.0
,0.0,,,,,,,,,
,,,,,,,,,,
,,,,,,,,,,
,,,,,,,,,,
,,,,,,,,,,
,,,,,,,,,,
,,,,,,,,,,
,,,,,,,,,,
,,,,,,,,,,
1165000.0,,3.75,,,4220.0,,,,,
,,,,,,,,,,
,,,,,,,,,,
,,,,,,,,,,
1225000.0,,,,,,,,,,
,,,,,,,,,,
,,,,,,,,,,
,,,,,,,,,,
,,,,235224.0,,,96028.0,,,148104.0
,,,,,,,,,-1060.0,-3180.0
,,,,,,,,,,
,,,,22489.0,,,,,,
,,,,,,,,,,
,1.0,,,,,,,,,
,,,,42733.0,,,96028.0,,1270.0,18733.0
,,,,,,,,,,
,,,,157875.0,,,,,1540.0,150825.0
,,,,212137.0,,,,,-1290.0,102495.0
,,,,206910.0,,,,,,181843.0
,,,,,,,,,,
,,,,,,,,,1250.0,
,,,,,,,,,,
,,,,,,,,,,
,,,,,,,,,,
,,,,,,,,53799.0,,
,,,,,,,,,,
,,,,,,,,,,
,,,,,,,,,,
,,,,,,,,,-1150.0,-5286.0
,,,,,,,,,,
,,,,,,,,,,
,,,,,,,,,,
,,,,,,,,,,
,,,,,,,,,,
,,,,,,,,,,
,,,,,,,,,,
,,,,35235.0,,,,,,
,,,,,,,,,,
1250000.0,,3.75,4520.0,,,,,53799.0,1140.0,
,,,,,,,,,,
,,,,,,,,,,
,,,,,,,,,,
,,,,,,,,,,
2095000.0,,3.75,5340.0,,,1600.0,,,1430.0,
,,,,46902.0,,,,,,8772.0
,,,,,,,,,,
,,,,,,,,,,
,6.0,,,,,,,,,
,,,,273556.0,,,,,,55757.0
,,,,,,,,,,
1575000.0,,,,20150.0,,,,,,
,,,,,,,,,,
,,,,,,,,,,
,,,,,,,,53799.0,,
,,,,,,,,,,
,,,,,,,,,,
,,,,,,,,,,
,,,,,,,,,,
,,,,,,,,,,
,,3.75,,,3860.0,,,,,
,,,,349351.0,,,,,,10019.0
,,,,,,,,,,
,,,,,,,,,,
,,,,,,,,,,
,6.0,,,,,,,,,
,6.0,,,,,,,,,
,,,,,,,,,,
,,,,,,,,,,
,,,,,,,,,,
,,,,,,,,,,
,,,,,,,,,,
,,,,,,,,,,
,,,,35225.0,,,,,,18002.0
,,,,,,,,,,
,,,,41339.0,,,,,,-4399.0
,,,,,,,,,,
,,,,,,,,,-1080.0,2605.0
,,,,,,,,,,
,,,,,,,,,,
,,,,,,,,,,
,,,,,,,,,,
,,,,,,,,,,
,,,,,,,,,,-2530.0
,,,,,,,,,,
,,,,,,,,,,
,,,,,,,,,,
,,,,,,,,,-1310.0,
,,,,217800.0,,,,,,134242.0
,,,,,,,,,,
,,,,,,,,,,
,,,,,,,,,,
,,,,,,,,,,
,,,,,,,,,,
,,,,,,,,,,
,,,,,,,,,,
,,,,,,,,,,
,,,,54557.0,,,,,,4899.0
,,,,28005.0,,,,,,-7243.0
,,,,,,,,,,
,,,,,,,,,,
,,,,,,,,,,
,,,,,,,,,,-5000.0
,,,,,,,,,,
,,,,,,,,,,
,,,,,,,,,-1490.0,-6180.0
,,,,,,,,,,
,1.0,,,33278.0,,,,,-2300.0,18967.0
,,,,,,,,,,
,,,,,,,,,,
,,,,,,,,,,
1598890.0,,4.5,,,,,,,1120.0,
,,,,,,,,,,-2590.0
,,,,,,,,,,
,,,,,,,,,,
,,,,,,,,,,
,,,,,,,,,,
,,,,,,,,,,
,,,,,,,,,,
,,,,,,,,,,
,,,,,,,,,,
,,,,27540.0,,,96028.0,,,
,,,,,,,,,,8071.0
,,,,,,,,,,
,,,,,,,,,,
,,,,,,,,,,
,,,,,,,,,1850.0,
,1.0,,,,,,,,-1070.0,
,,,,,,,,,,
,,,,,,,,,,
,,,,,,,,,,
,,,,,,1690.0,,,,
,,,,,,,,,,-2232.0
,,,,,,,,,,
,,,,,,,,,,-2500.0
,,,,,,,,,,
,,,,,,,,,,
,,,,,,,,,,
,6.0,,,,,,,,,
,,,,,,,,,,
,,4.25,,,,,,,,-4488.0
,,,,,,,,,,
,,,,,,,,,,
,,,,,,,,,,
,,,,,,,,,,
,,,,,,,,,1390.0,
,,,,31838.0,,,,,,-7909.0
,,,,,,,,,,-4249.0
,,,,,,,,,,
,,,,,,,,,,
,,,,48693.0,,,,,,13793.0
,,,,,,,,,,
,,,,,,,,,,
,,,,,,,,,,
,,,,,,,,,,
,,,,,,,,,,
,,,,26500.0,,,,,,6000.0
,,,,,,,,,,
,,,,68479.0,,,,,,6576.0
,,,,,,1500.0,,,,
,,,,,,,,,,
,,,,,,,,53799.0,,
,,,,,,,,,,
,,,,,,,,,,
,,,,,,,,,,
,,,,,,,,,,
,,4.0,,,,,,,,
,,,,22000.0,,,,,,
,,,,,,,,,,
,,,,,,,,,,
,,,,,,,,,,
,,,,,,,,,,2343.0
,,,,,,,,,,
,6.0,,,,,,,,,
,,,,,,,,53799.0,,
,,,,,,,,,,5067.0
,,,,,,,,,,
,,,,,,,,,1380.0,
,,,,,,,,,,
,,,,,,,,,,
,,,,,,,,,,
,,,,,,,,,,
,,,,29163.0,,,96028.0,,,
,,,,,,,,,,
,,,,,,,,,,
,,,,,,,,,,
,1.0,,,,,,,,-1310.0,-3227.0
,,,,,,,,,,
,,,,,,,,,,3168.0
1288000.0,,,,,,,,,,-2333.0
,,,,,,,,,,
,,,,,,,,,,
,,,,,,,,,,
,,,,34513.0,3890.0,,,,,6078.0
,,,,,,,,,,
,,,,,,,,,,
,,,,208652.0,,,,,,-3485.0
,,,,,3890.0,,,,,
,,,,,,1470.0,,,1360.0,5225.0
,,,,,,,,,,
,,,,45738.0,,,,,,41242.0
,,,,,,,,,,
,,,,,,,,,,
,,,,,,,,,,
,,,,,,,,,,
,,,,,,,,,,-13000.0
,,,,,,,,,-1070.0,
,,,,,,,,,,2370.0
,,,,,,,,,,
,,,,,,,,,,
,,,,,,,,,-1180.0,
,,,,,,,,,,
1440000.0,,,,,,,,,1130.0,
,,,,,,,,53799.0,,
,,,,,,,,,,
,,,,,,,,,,
,,,,,,,,,,
,,,,,,,,,,
,,,,,,,,53799.0,,
,,,,,,,,,,
,,,,,,,,,,
,,,,,,,,,,
,,,,,,,,,,
,,,,,,,,,,
,,,,,,,,,,
,,,,,,,,,,
,,,,,,,,,,
,,,,,,,,,,
,,,,,,,,,,
,,,,,,,,,,
,,,,,,,,,,
,,,,,,,,,,-4050.0
,,,,,,,,,,
1350000.0,,4.75,5230.0,89298.0,5230.0,,,,1120.0,-17855.0
,,,,,,,,,,
,,,,,,,,,,
,,,,,,,,,,
,,,,,,,,,,
,,,,,,,,,,
,,,,,,,,,,
,,,,,,,,,,
,,,,,,,,,,-2370.0
,,,,23000.0,,,,,,14735.0
1240000.0,,,,,,,,,,
,,,,,,,,,,-2080.0
,6.0,,,84506.0,,,,,1170.0,41382.0
,7.0,4.75,5370.0,,5370.0,,,53799.0,3060.0,
,,,,104544.0,,,,,,22846.0
,,,,,,,,,,
,,,,,,,,52787.0,,
,6.0,3.75,,,,,,,,
,,4.5,,,4140.0,,,,,
,,,,24800.0,,,,,,11900.0
,,,,,,,,,,
,,,,,,,,,1860.0,
,,,,,,,,,,
,,,,,,,,,,
,,,,,,,,,,-3343.0
,,,,,,,,,,
,,,,,,,,,,
2453500.0,,,4730.0,,4270.0,,,52787.0,,4758.0
,,,,,,,,,,
,,,,,,,,,,
,,,,,,,,,,
,,,,47916.0,,,,,,-167706.0
,,,,,,,,,,
,,,,21587.0,,,96028.0,,,
,,,,33080.0,,,,,,-2211.0
,,,,,,,,,,
,,,,,,,,,,
,6.0,,,,,1570.0,,,,
,,,,,,,,,,
,,,,,,,,,,
2450000.0,,4.0,4430.0,,4430.0,,,,1960.0,
,,,,,,,,,,
,,,,27427.0,,,,,,10743.0
,,,,,,,,,,
,,,,20280.0,,,,,,
,,,,,,,,52787.0,,
,,,,,,,,,1730.0,
,,,,32700.0,,,,,,
,,,,,,,,,,
,,,,,,,,,,
,,,,,,,,,,-2336.0
,,3.75,,,,,,,,
,,,,,,,,,,
1905000.0,,,,,4210.0,,132665.0,81926.0,,
,,,,264844.0,,,,,1770.0,118918.0
,,,,212639.0,,,,,,-21278.0
,,,,,,,,,,
,,,,,,,,,,
,,,,,,,,,1440.0,
,,,,20130.0,,,,,,
,,,,,,,,,,
1740000.0,,3.75,,,,,,,,
,,,,,,,,,,
,,,,,,,,,2060.0,
,,,,94960.0,,,,,,78595.0
,,,,,,,,,,
,,,,,,,,,,
,,,,223462.0,,,,,,206980.0
,6.0,,,,,1590.0,,,,
1650000.0,,4.0,,,,,,,,
,,,,,,,,,,2675.0
,,,,138085.0,,,,,,-81457.0
,,,,,,,,,,4750.0
,,,,,,,,,,
,,,,,,,,,,
,,,,,,,,,,
,,,,,,,,,,
,,,,,,,,,,
,,,,,,,,,,
,,,,,,,,,,
,,,,,,,,,,
,,,,,,,,,,2898.0
,,,,,,,,,,-3399.0
,,,,,,,,,,
,,,,,,,,,,
,,,,,,,,,,
,,,,,,,,,,
,,,,42253.0,,,,,,
,,,,,,,,,,
,,,,,,,,,,
,,,,37431.0,,,,,,
,,,,,,,,,1530.0,10768.0
,,,,,,,,,,
,,,,118918.0,,,,,1250.0,-315810.0
,,,,,,,,,,-4205.0
,,,,,,,,,,
,,,,,,,,,,-5400.0
,1.0,,,,,,,,,
,,,,,,,,,,
,,,,,,,,,,
,,,,,,,,,,
,,,,,,,,,,
,,,,,,,,,,
,,,,,,,,,,
,,,,,,,,,,
2890000.0,,4.0,5780.0,,4130.0,1650.0,,52787.0,1850.0,
,,,,,,,,,,
,,,,,,,,,,
,,,,,,,,,,
,,,,,,,,,,
,,,,,,,,,,
,,,,,,,,,,
,,,,,,,,,,
1575000.0,,3.75,,,,,,53799.0,,
,,,,,3780.0,,,,,
,,,,,,,,,,5722.0
,,,,,,,,,,
,,,,,,,,,,
,,,,,,,,,,
,,,,,,,96028.0,,,
,,,,,,,,,,
,,,,,,,,,,2618.0
,,,,,,,,,,
,,,,,,,,,,
,,,,,,,,,,
,,,,,,,,,,
,,,,,,,,,,-3299.0
,,,,,,,,,,
,,,,,,,,,,
,1.0,,,,,,,,,
,,,,,,,,,,
,,,,,,,,,-1300.0,
,,,,,,,,,,
,,,,42200.0,,1500.0,,,,32379.0
,,,,,,,,,,
,,,,,,,,,,
,,,,,,,,,,-2573.0
,,,,,,,,,,4830.0
,,,,,,1510.0,,,,
,,,,,,,,,,
,,,,327135.0,,,,,,267055.0
,,,,,,,,,,
,,,,,,,,,,-3750.0
,,,,,,,,,,
,,,,93218.0,,,,,,-17860.0
,,,,,,,,,,
,,,,,,1910.0,,,,
,,,,,,,,,,
,,,,23994.0,,,,,,6985.0
,,,,,,,,,,
,,,,,,,,,,
,,,,,,,,,,
,,,,,,,,,,-2590.0
2200000.0,,,,,,,,52787.0,,2884.0
,,,,42399.0,,,,,,2384.0
,,,,,,,,,,
,,,,,,,,,,
,,,,,,,,,,
,,,,,,,,,,
,,,,,,,,,,
,,,,,,,,,,
1325000.0,,,,,,,,,,
,,,,,,,,,,
2950000.0,,4.75,6240.0,47480.0,4610.0,1630.0,,53799.0,2070.0,29812.0
,,,,,,,,,,
,,,,,,,,,,
,1.0,,,,,,,,,
,,,,,,,,,,
,,,,,,,,,,
,,,,,,,,,,-2800.0
,,,,,,,,,,
,,,,,,,,,,
,,,,,,,,,,
,,,,,,,,,,
,,,,,,,,,,
,,,,,,,,,,-3450.0
,,,,,,,,,,5788.0
,,,,,,,,,,
,,,,130680.0,,,,,-1040.0,91050.0
,,,,,,,,,,3541.0
,,,,,,,,,,
,,,,,,,,,,
,,,,,,,,,,
1225000.0,,,,95396.0,,,,,,60044.0
,,,,,,,,,,
,,,,,,,,,,
,,,,,,,,,,-14270.0
,,,,,,,,,,
,,,,,,,,,,
,,,,,,,,53799.0,,-8562.0
,,,,,,,,,,
,,,,,,,,,,
,,,,,,,,,,
,,,,,,,,,,
,,,,,,,,,,
,,,,,,,,,,
,,,,,,,,,,
,,,,,,,,,,
1415000.0,,,,38016.0,,,,,1160.0,15323.0
,,,,,,,,,,
,,,,,,,,,,
,,,,,,,,,,
,,,,,,,,,,
,,,,,,,,,,
,,,,,,,,52787.0,,
,,,,,,,,,,
7062500.0,,4.5,10040.0,37325.0,7680.0,2360.0,,,6110.0,11876.0
,,,,,,,,,,
,,,,,,,,,,
,,,,,,,,,,
,,,,,,,,,,
,,,,,,,,,,
,,,,19700.0,,,,,,10000.0
1208000.0,,,4250.0,,4250.0,,,,,
,,,,,,,96028.0,,,
,,,,,,,,,,2940.0
1495000.0,,3.75,,,,,,,,
,6.0,,,206474.0,,,,,,146797.0
,,,,35016.0,3820.0,,96028.0,,,
,,,,,,,,,,-2122.0
1300000.0,,,,,4120.0,,,,,
,,,,,,,,,,
,,,,,,,,,,
,,,,,,,,52787.0,,
,,,,,,,,,,
,,,,,,,,,,
1379900.0,,,,38038.0,,1852.0,,,,4677.0
,,,,,,,,,,
,6.0,,,,,,,,,8476.0
,,,,,,,,,,
,,,,55321.0,,,,,,
,,,,,,,,,,
,,,,,,,,,,4050.0
,,,,,,,,,,
,,,,,,,,,,
,,,,,,,,,,
,,,,,,,,,,2634.0
,,,,,,,,,,
,,,,,,,,,,-9783.0
,,,,,,,,,,
,,,,,,,,,,
,,,,982998.0,3770.0,,,,1480.0,945857.0
,,,,,,,,,,-6342.0
,,,,,,,,,,-6342.0
,,,,,,,,,,-3525.0
,,,,,,,,,,
,,,5360.0,25800.0,,2090.0,,,2710.0,4019.0
,,,,,,,,,,
,,,,,,,,,,
,,,,,,,,,,5233.0
1145000.0,,,,20242.0,,,,,,
,,,,35091.0,,,,,,
,,,,,,,,,,
,,,,,,,,,,
,,,,,,,,,,-3385.0
,,,,,,,,,,
,,,,,,,,,,
,,,,,,,,,,
,,,,,,,,,,2713.0
,,,,,,,,,,
,,,,,,,,,,
,,,,,,,,,,
,,,,,,,,,,
,,,,,,,,,-1160.0,
,,,,,,,,,,
,,,,,,,,,,
,,,,111513.0,,,,,,4356.0
,,,,,,,,,-1160.0,3140.0
,,,,,,,,,,
,,,,,,,,,,
,,,,,,,,,,
,,,,,,,,,,
,,,,,,,,,,
,,,,25700.0,,,,,,
,,,,37800.0,,,,,,25802.0
,,,,,,,,,,
,1.0,,,,,,,,,
,,,,,,,,,-1150.0,
,,,,,,,,,,
,1.0,,,,,,,,,
,,,,,,,,,,
1495000.0,,,,,,,,,,
,,,,,,,96028.0,,,
,,,,,,,,,,
,,,,98881.0,,,,,,3049.0
,,,,,,,,,,
,,,,,,,,,,
,,,,,,,,,,
,,,,,,,,,,
,,,,,,,,,,
,,,,,,,,,,
,,,,38644.0,,,,,,27228.0
,,,,,,,,,,
,,,,,,,,,,
,,,,,,,,,1450.0,
,,,,,,,,,,
,,,,,,,,,,
,,,,22651.0,,,,,,-26571.0
,,,,,,,,,,
,,,,,,,,,-1450.0,
,,,,,,,,,,
,,,,,,,96028.0,,,
,,,,,,,,,,
,,,,,,,,,,
,,,,,,,,,,
2400000.0,,,,,,,,,,-4294.0
,,,,,,,,,,
1385000.0,,,,,,,,,,
,,,,,,,,,,
,,,,49137.0,,,,,,-4006.0
,,,,115434.0,,,,,,91912.0
,,,,,,,,,,
,,,,,,,,,,
,,,,,,,,,,
,,,,,,,,,,
,,,4610.0,,4610.0,,,,,
,7.0,6.75,7480.0,41664.0,5080.0,2400.0,,,4670.0,8474.0
,,,,,,,,,,
,,,,,,,,,,
1350000.0,,,,,,,,,,
,,,,59677.0,,,,,,-6098.0
,,,,,,,,,,
,,,,,,,,,,
,,,,,,,,,,
2500000.0,,,5620.0,,4140.0,1480.0,,,1150.0,4622.0
,,,,,,,,,,
,,,,,,,,,,
2150000.0,8.0,6.0,4340.0,,4340.0,,,,2290.0,
,,,,,,,,,,
,,,,,,,,,,2720.0
,,,,,,,,,,4880.0
,,,,,,,,,,
,,,,,,,,,,
,,,,42000.0,,,,,,-8094.0
,,,,,,,,,,5505.0
,,,,,,,,,,
,,,,22100.0,,,,,,
,,,,,,,,,,
,,,,,,,,,,
,,,,,,,,,,2470.0
,,,,,,,,,,2699.0
,,,,,,,,,,
,,,,,,,,,,
,,,,,,,,,,
,,,,,,,,,,
,,,,,,,,,,
,,,,,,,,,,
,,,,,,,,,-1090.0,
,,,,,,,,,,
,,,,,,,,,,
,,,,,,,,,,
,,,,,,,,,,
,,,,,,,,,,3880.0
,,,,,,,,,,
,,,,,,,,,,4800.0
,,,,54450.0,,,,,,47985.0
,,,,,,,,,,4186.0
,,,,,,,,,,
,,,,,,,,,,
,8.0,,,,,,,,1370.0,7772.0
,,,,,,,,,,
,,,,,,,,,,
,,,,,,,,,,-3243.0
,,,,28750.0,,,,,,-24828.0
,,,,,,,,,,
,,,,,,,,52787.0,,
,,,,,,,,,,
,,,,,,,,,,
,,,,,,,,,,
,,,,,,,132665.0,81926.0,,
,,,,,,,132665.0,81926.0,,
,,,,,,,,,,2893.0
,,,,,,,,,,
,,,,237402.0,,,,,1210.0,71439.0
,,,,20531.0,,,,,,
,,,,,,,,,,-2416.0
,,,,,,,,,,
,,,,,,,,,,
,,,,,,,,,,
,,,,,,,,,,
,,,,21907.0,,,,,,-6010.0
,1.0,,,,,,,,,5925.0
,,,,,,,,,,
,,,,21100.0,,,,,,
,,,,,,,,,,
,,,,,,,,,,
,,,,40910.0,,,,,,
,,,,,,,,,,
,9.0,4.5,,,,,,,2370.0,
,,,,,,,,,,
,,,,189852.0,,,,,,141092.0
,,,,,,1790.0,,,,
,,,,,,,,,,
,,,,,,,96028.0,,,
,,,,,,,,,,-33960.0
,,,,,,,,,,2658.0
,,,,,,,,,,
,,,,,,,96028.0,,,
,,,,,3770.0,,,,,
,6.0,,,,,,,,,
,,,,,,,,,1260.0,
,,,,,,,,,,
,,,,,,,,,,
,,,,387684.0,,,,,,198634.0
,,,,,,,,,,
,,,,,,,,,,
,,,,,,,,,,
,,,,,,,,,,
,,,,,,,,,,4800.0
,,,,,,,,,,2900.0
,,,,38912.0,,2150.0,,,1140.0,
,,,,,,,,,,
,,,,,,,,,,
,,,,,,,,,,
,,,,,,,,,,-2357.0
,,,,,,,,,,
,,,,22100.0,,,,,,9100.0
,,,,,,,,,,
,,,,,,,,,,
,,,,,,,,,,
,,,,,,,,,,
,,,,,,,,,,
,,,,,,,,,,
,,,,,,,,,,
,,,,57063.0,,,96028.0,,,28118.0
,,,,,,,,,,
,,,,,,,,,,
,,,,,,,,,,
,,,,,,,,,-1130.0,
,,,,,,,,,,
,,,,,,,,,,
,,,,,,,,,,
1210000.0,,,,,,,,,,
,,,,,,,,,,
,,,,,,,,,,
,,,,,,,,,,
,,,,,,,,,,2449.0
,,,,,,,,,,
,1.0,,,,,,,,,-2201.0
,,,,,,,,,,
,,,,,,,,,,3876.0
4000000.0,,5.5,7080.0,,5760.0,,132665.0,81926.0,3940.0,
,,,,,,,,,,
,,,,,,,,,2080.0,2955.0
,,,,,,,,,,
,,,,,,,,,,-4153.0
,,,,,,,,,,-3795.0
,,,,,,,,,,
,,,,,,,,,,
,,,,,,,,,,
,,,,,,,,,,
,,,,,,,,,,
,,,,,,,,,,
,,,,,,,,,,-5027.0
,,,,,,,,,,
,,,,,,,,,,
,,,,,,,96028.0,,,
,,,,20870.0,,,,,,6680.0
,,,,,,,,,,
,,,,,,,,,,
,,,,,,,,,,-12780.0
,,,,,,,,,,
,,,,,,,,,,
,,,,,,,,,,
,,,,,,,,,,
1191000.0,,,,,,,,,,
,,,,,,,,,,
,,,,19600.0,,,,,1230.0,9523.0
,,,,,,,,,,
,,,,,,,,,,-2449.0
,,,,,,,,,,
,,,,22000.0,,,,,,5360.0
,,,,,,,,,,
,,,,,,,,,,
,,,,,,,,,,
,,,,,,,,,,
,,,,,,,,,,
,,,,,,,,,,
,,,,,,,,,,2483.0
,,,,,,,,,,
,,,,,,,,,,
1600000.0,,,,,,,,,,
2880500.0,,,5760.0,32033.0,4390.0,,,,2340.0,3558.0
,,,,,,,,,,
,,,,,,,,,,
,,,,,,,,,,
,,,,,,,,,1210.0,
,,,,,,,,,,11144.0
,,,,,,,,,,
,6.0,,,,,1500.0,,,1600.0,
,,,,,,,,,,
,,,,,,,,,,
,,,,,,,,,,
,,,,,,,,,,
,,,,60840.0,,,,,,-143892.0
,,,,38500.0,,,,,,20203.0
,,,,,,1440.0,,,1190.0,
,,,,,,,,,1140.0,3795.0
,,,,,,,,,,
,,,,,,,,,,
,,,,,,,,,,
,,,,,,,,,,
,,,,,,,,,,
1285000.0,,,,,,,,,,
,,,,,,,,,,
,,,,,,,,,,
,,,,,,,,,,
,,,,,,,,,,
,,,,,,,,,,
,,,,,,,,,,
1875000.0,,,,29111.0,,,,,,8037.0
,,,,,,1500.0,,,,
1570000.0,,,,,,,,,,7075.0
,,,,,,,,,,
,,,,,,,,,,
,,,,,,,,,,
,,,,,,,,,,4720.0
,,,,,,,,,,
,,,,62310.0,,,,,,-141986.0
,,,,,,,,,,
,,,,,,,,,,-2190.0
,,,,,,,,,,
,,,,,,,,,,
,,,,,,,,,,
,,,,,,,,,,
,,,,50529.0,,,,,,3049.0
,,,,,,,,53799.0,,
,9.0,,,,,,,,1720.0,
,,,,,,,,,,
,,,,,,,,,,
,,,,60548.0,,,,,,-23522.0
,,,,,,,,,,
,6.0,,,,,1430.0,,,,4401.0
,,,,,,,,,,
,,,,,,,,,,-4050.0
,,,,,,,,,,
,,,,99170.0,,,,,,51250.0
,,,,,,,,,,
,,,,,,,,,,
,,,,,,,,,,
,,,,,,,,,,
,,,,,,,,,,
,,,,,,,,,,
,,,,,,,,,,
,,,,42180.0,,,,,,18090.0
,,,,35315.0,,,,,,-132063.0
,,,,,,,,,,
1300000.0,6.0,4.5,,,,,,,2802.0,
,,,,,,,,,,
,,,,,,,,,,
,,,,,,,,,,4447.0
,,,,,,,,,,
,,,,,,,,,,
,,,,,,,,,,
,,,,,,,,,,
,,,,,,,,,,
,,,,,,,,,,
,,,,,,,,,,
,,,,80471.0,,,,,1460.0,49977.0
,,,,207346.0,,,,,,
2400000.0,,,,20734.0,,,,,,
,,,,,,,,,,
,,,,,,,,,,
,,,,,,,,,,3295.0
,,3.75,,,,,,,,
,,,,,,,,,,
,,,,,,1720.0,,,,
1275000.0,,,,,,,,53799.0,,
,,,,,,,,,,
,,,,,,,,,,
,,,,,,,,,,
,,,,,,,,,,
,,,,44866.0,,,,,,
,,,,,,,,,,
,,,,,,,,,,4891.0
,,,,32450.0,,1500.0,,,,17060.0
,,,,,,,,,,
,,,,,,,,,,
,,,,,,,,,,7519.0
,,,,,,,,,,
,,,,,,,,,,
,,,,,,,,,,
,,,,,,,,,,
,,,,,,,,,,
,,,,,,,,,,
,,,,,,,,,,
,,,,,,,,,-1060.0,
1155000.0,,,,24691.0,,,,,,
,,,,,,,,,,
,,,,,,,,,,
1190000.0,,,,,,,,,,-2700.0
,,,,,,,,,,8422.0
,,,,196020.0,,,,,,-36210.0
,,,,,,,,53799.0,,
,,,,,,,,,,
,,,,,,,,,,
,,,,,,,,,,
,,,,,,,,,,
,,,,,,,,,,
,,,,,,,,,,5842.0
,,,,,,,,,,
,,,,,,,,,,-4898.0
,,,,,,,,,,
,,,,,,,,,,
,,,,,,,,,,
,,,,,,,,,,
,,4.0,,,4000.0,,,,,
,,,,,,,,,,
,,4.25,,,,,,,,
,,,,52272.0,,,,,,46301.0
,,,,,,,,,,
,,,,,,,,,,
,,,,,,,,,,3022.0
,,,,22000.0,,,,,,12242.0
,,,,,,,,,1110.0,
,,,,,,,,,,
,,,,,,,,,,
,,,,,,,,,,
,,,,,,,,,,
,,,,,,,,,,
,,,,,,,,,,
,,,,,,,,,,
,,,,,,,,,,
,,,,,,,,,,
,,,,217800.0,,,,,,
,,,,21336.0,,,,,,-16367.0
,,,,,,,,,,
1400000.0,,,,,,,,,,
,,,,,,1410.0,,,,
,,,,,,,,,,
,,,,39848.0,,,,,,
2125000.0,,,,19513.0,,,,,,6017.0
,,,,,,,,,,
,,,,,,,,,,
,,,,,,,,,,
,,,,,,,,,,
,6.0,3.75,,,3810.0,,,,2200.0,
,,,,,,,,,,
,,,,,,,,,,
,,,,,,,,,,
,,,,,,,,,,
,,,,,,,,,,
,,,,,,,,,,
,,,,,,,,,,
,,,,,,,,,,
,,,,,,,,,,
,,,,,,,,,,-2287.0
,,,,,,,,,,
,,,,,,,,,,
,,,,,,,,,,
,,,,,,,,,,
,,,,,,,,,,
,,,,,,,96028.0,,,
,,,,,,,,,,
,,,,88327.0,,,,,,-48335.0
1135000.0,,,,,,,,,,
,,,,,,,,,,
,,,,,,,,,,
,,,,,,,,,,
,,,,,,,,,,
,,,,,,,,,,
1150000.0,,,,75889.0,,,,,,3660.0
,,,,,,,,,,
,,,,,,,,,,
,,,,,,,,,,
,,,,,,,,,,
,,,,,,,,,,
,,,,,,,,,,
,,,,,,,,,,
,,,,,,,,,,-2535.0
,,,,189486.0,,,,,-1080.0,90605.0
,,,,,,,,,,-2659.0
,,,,,,,,,,6295.0
,,,,,,,,,,
,,,,,,,,,,
,,,,,,,,,,-2266.0
,,,,78225.0,,,,,,-124329.0
,,,,,,,,53799.0,,
,,,,,,,,,,6090.0
,,,,435600.0,,,,,,320732.0
,,,,,,,,,,
,,,,,,,,,,
,1.0,,,59677.0,,,,,,45514.0
,,,,,,,,,,
,,,,,,,,,,
,,,,268329.0,,,,,,209523.0
,,,,,,,,,,-3288.0
,,,,,,,,,,-2546.0
,,,,,,,,,,
,,,,,,,,,,-3052.0
,,,,,,,,,,
1150000.0,,,4400.0,262666.0,4400.0,,,,1160.0,252875.0
,,,,,,,,,,
,,,,,,1680.0,,,,-2524.0
,,,,,,,,,,
,,,,,,,,,,
,,,,,,,,,,
,,,,,,,,,,-2550.0
2050000.0,,,4280.0,,,2100.0,,,1790.0,9976.0
,,,,,,,,,,
1705000.0,,,,27702.0,,,,,,15583.0
,,,,,,,,,,
,1.0,,,,,,,,,
5570000.0,,5.75,9200.0,35069.0,6200.0,3000.0,132665.0,81926.0,5640.0,10724.0
,,,,35991.0,,,,,,
1150000.0,,,,,,1870.0,,,1130.0,7098.0
,,,,30476.0,,,,,,19676.0
,,,,,,,,,,
,,,,,,,,,,
,,,,81021.0,,,,,,
,,,,49658.0,,,,,,
,,,,,,,,,,
,,,,,,,,,,
,,,,,,,,,,
,,,,,,,,,,
,,,,,,,,,,
,,,,368517.0,,,,,,264409.0
,,,,22072.0,,,,,,11887.0
1338750.0,,,,38869.0,,,,,,10681.0
,,,,,,,,,,-2192.0
1670000.0,,,4320.0,40816.0,4320.0,,,,,-3768.0
,,,,,,,,,,
,,,,,,1530.0,,,1380.0,4857.0
,,,,,,,,,,
,,,,,,1420.0,,,,
,,,,,,,,,,
,,,,,,,96028.0,,,
,,,,,,,,,,
,,,,100835.0,,,,,,50292.0
,,,,,,,,,,
,,,,,,,,,-1210.0,
1250000.0,,,,,,,,,,
,,,,,,,,,,
,,,,982278.0,,,,,,941332.0
,,,,,,,,,,
,,,,,,,,,,
,,,,,,,96028.0,,,
,,,,,,,,,,
,1.0,,,,,,,,,
,,,,,,,,52787.0,-1110.0,
,,,,,,,,,,
,,,,,,,,,,
,,,,35236.0,,,,,,18256.0
,,,,,,,,,,
,,,,,,,,,,3148.0
,,,,,,,,,,
,,,,,,,,52787.0,,
,,,,,,,,,,
,,,,,,,,52787.0,,
,,,,,,,,,,
,,,,,,,,,1780.0,
,,,,,,,,,,-5425.0
,,,,,,,,,,-2507.0
,,,,,,,,,,
,,,,,,,,,,
,,,,,,,,,,
,,,,,,,,,,
,,,,,,,,,,
,,,,,,,,,,
,,,,,,,,,,
,,3.75,4420.0,,,,,,1540.0,
,,,,,,,,,,
,,,,,,,,,,
,,,,,,,,,,
,,,,,,,,,,
,,,,,,,,,,
,,4.0,4380.0,42769.0,4380.0,,,,,7344.0
,,,,,,,,,,
,,,,,,,,,,
,,,,50479.0,4040.0,,,,,9580.0
,,,,,,,,,,
,,,,,,,,,,
,,,,,,,,,,
,,,,,,,,,,
,,,,,,,,,,
,,,,,,,96028.0,,,
,,,,87497.0,,,,,,31840.0
,,,,,,,,,,
2000000.0,,4.0,4580.0,,4580.0,,,,1870.0,
,,,,,,,,,,
,,,,,,,,,,3000.0
,,,,,,,,,,
,,,,44431.0,,,,,,37099.0
,,,,,4180.0,,96028.0,,,
,,,,,,,,,,
,,,,,,,,,,
,,,,,,,,,,-2429.0
,,,,24684.0,,,,,,3470.0
,,,,106722.0,,,,,,68322.0
,,,,,,,,,,
,,,,,,,,,,
,,,,,,,,,,
,,,,,,,,,,
,,,,,,,,,,5663.0
,,,,,,,,,,
,,,,,,,,,,
,,,,46173.0,,,,,,24393.0
,,,,34870.0,,,,,,
,,,,,,,,,,
,,,,,,,,,,
,,,,,,,,,,
,,,,,,,,,,
,,,,,,,,,,
,,,,,,,,,,
,,,,,,,,,,
,,,,,,,,,,
,,,,,,,,,,3346.0
,,,,,,,,,,
,,,,,,,,,,
,,,,,,,,,,3417.0
,,,,,,,,,,
,,,,,,,,,,
,,,,,,,,,,-2669.0
,,,,,,,,,,
,,,,,,,,,,
1236000.0,,,,,,,,,,
,,,,,,,,,,
,,,,,,,,,,
,,,,,,,,,-1740.0,
,,,,,,,,,,
,,,,,,,,,,
,,,,,,,,,,
,,,,60548.0,,,,,,31748.0
,,,,,,,,,,
,,,,,,,,,,
,,,,,,,,,,-3426.0
,,,,,,,,,,2500.0
1442500.0,,,,,,,,,,-4579.0
,,,,37373.0,,,,,,-10978.0
,,,,,,,,,,
,,,,,,,,,,10075.0
,,,,108900.0,,,,,1130.0,-21780.0
,,,,843309.0,,,,,1780.0,569317.0
,,,,,,,,,,
,,,,177657.0,,,,,,132482.0
,,,,,,,,,,
,,,,,,,,,,
,,,,,,,,,-1160.0,
,,,,,,,,,,
,,,,,,,,,,
,,,,,,,,,,
,,,,,,,,,,-5413.0
,,,,,,,,,,
,,,,,,,,,,
,,,,,,,,,,
,,,,228254.0,,,,,,169013.0
,,,,,,,,,,
,,,,35691.0,,,,,,
,,,,,,,,,,
,,,,,,,,,,
,,,,,,,,,-1310.0,
1260000.0,,,,,,,,,,
,,,,,,,,,,
,,,,,,,,,-1030.0,-4770.0
,,,,,,,,,,
,,,,,,,,,,
,,,,,,,,,,2496.0
,,,,,,,,,,
,,,,,,,,,,
,,,,,,,96028.0,,,
,,,,,,,,,,
,,,,,,,,,,
,,,,,,,,,,
,,,,,,,,,,
,,,,,,1460.0,,,,
,,,,,,,,,,3419.0
,,,,,,,,,,
,,,,,,,,,,4848.0
,,,,,,,,,,
,,,,,,,,,,
,,,,31798.0,,,,,1390.0,16949.0
,,,,,,,,,,
,,,,39640.0,,,,,,13504.0
,6.0,4.0,5310.0,,,1710.0,,53799.0,1120.0,
,,,,,,,,,,
,,,,,,,,,,
,,,,28516.0,,,,,,
,,,,,,,,,,
,,,,197326.0,,,,,,98010.0
,,,,216493.0,,,,,,46609.0
,,,,,,,,,,
1200000.0,,,,,,,,,1520.0,2776.0
,,,,,,,,,,2676.0
,,,,19850.0,,,,,,4411.0
,,,,,,,,,,-6708.0
,,,,,,,,,,
,,,,,,,,,1410.0,
,,,,,,,,,,
,,,,,,,,,,
,,,,,,,,,,
,6.0,5.25,,,,,,,2150.0,
1206500.0,,,,,,,,52787.0,,
,,,,,,,,,,
,,,,,,,,,,
,,,,,,,,,,
,,,,,,,,,1160.0,-5669.0
,,,,,,,,,,
,,,,,,,,,,4670.0
,,,,,,,,,,
,,,,,,,,,,
,,,4660.0,,,1640.0,,,1360.0,
,,,,,,,,,,
,,,,,,,,,,
,,,,,,,,,,-185784.0
,,,,,,,,,,
,,,,,,,,,,
,,,,,,,,,,
,,,,,,,,,,
,,,,,,,,,,
,,,,,,,,,,
,,,,,,,,,,
,,,,,,,,,,9009.0
,,,,,,,,,,
,,,,,,,,,,
,,,,,,,,,,
1130000.0,,,4300.0,,,,,53799.0,1530.0,
,,,,,,,,,,
,,,,,,,,,,
1160000.0,,,4240.0,43995.0,4240.0,,,,,-15527.0
1405000.0,,,,,,,,,,
,,,,,,,,,,
,,,,,,,,,,
,,,,33750.0,,,,,,-2430.0
,,,,63118.0,,,,,,18894.0
,,,,,,,,,,
,,,,,,,,,1710.0,
,,,,,,,,53799.0,,
2485000.0,,,,23954.0,,,,53799.0,,5231.0
,,,,,,,,,,
,,,,,,,,,,
,,,,130244.0,,,,,,
,6.0,,,,,,,,,7620.0
,,,,,,,,,,
,,,,63991.0,,,,,,16776.0
,,,,,,,,,,
,,,,,,,,,1280.0,6033.0
,,,,,,,,,,
,,,,,,,,,,
,,,,,,,,,,
,,,,44093.0,,,,,,37963.0
,,,,75132.0,,,,,-1430.0,39932.0
,,,,22703.0,,,,,,5886.0
,,,,,,,,,,3279.0
,1.0,,,,,,,,,
,,,,32670.0,,,,,-1170.0,8570.0
,,,,,,,,,,
,6.0,,,117612.0,,,,,1350.0,100512.0
,,,,,,,,,,
,,,,,,,,,,
,6.0,,,,,,,,1510.0,
,,,,,,,,,,
,,,,,,,,,,
,,,,,,,,,,
,,,,,,,,,,
,,,,,,,,,,
,,,,,,,,,1840.0,
,,,,,,,,,,
,,,,,,,,,,
,,,,,,,,,,
,,,,,,,,,,
,,,,,,,,,,
,,,,,,,,,,
,,,,,,,,,,
,,,,,,,,,,
,,,,,,,,,,
,,,,,,,,,,-8259.0
1345000.0,,,,,,,,,,
,,,,,,,,,,
,,,,,,,,,,
,,,,,,,,,,
,,,,,,,,,,-3619.0
,,,,,,,,,,
1130000.0,,,,,,,,,,
,,,,,,,,,,
,,,,,,,,52787.0,,
,,,,45738.0,,,96028.0,,,
,,,,,,,,,,
,,,,,,,,,,
,,,,,,,,,,
,,,,,,,,,,
,,,,,,,,,,-4075.0
,,,,,,,,,,-2158.0
,,,,,,,,,,
,,,,,,,,,,
,,,,,,,,,,4576.0
,,,,,,,,,,3759.0
,,,,,,,,,,-3212.0
,,,,,,,,,,
,,4.75,5180.0,,4070.0,,,,1220.0,2708.0
,,,,,,,,,,
,,,,,,,,,,
1195000.0,,4.0,,,,,,53799.0,,
,,,,,,,,,,
,6.0,4.25,,,,,,52787.0,,3044.0
,,,,,,,,,,
,,,,,,,,,,
,,,,,,,,,,
,,,,,,,,,,
,,,,,,,,,,-2422.0
,,,,,,,,,,2614.0
,,,,,,,,,,
,,,,56628.0,,,,,,
,,,,,,,,,,
,,,,,,,,,,
,,,,,,,,,,
,,,,,,,,,,
,,,,,,,,,,
,,,,,,,,,,-5007.0
,,,,,,,,,,
,7.0,,,,,,,,,
,,,,,,,,,,
,,,,,,,,,,
,,,,,,,,,,
,,,,,,,,,,5024.0
,,,,,,,,,,
,,,,,,,,,,-7648.0
,,,,,,,,,,
,,,,,,,,,,
,,,,36183.0,,,,,,30219.0
,,,,,,,,,,7122.0
,,,,,,,,,,
,,,,,,,,,,2510.0
,,,,,,,,,1458.0,2783.0
,,,,,,,,,,
,,,,,,,,,,
,,,,35261.0,,,,,,
,,,,48787.0,,,,,,12362.0
,,,,,,,,,,
,,,,,,,,,,
,,,,,,,,,,
,,,,,,,,,,
,,,,,,,,,,
,,,,,,,,,,
,,,,31510.0,,,96028.0,,,-4890.0
,,,,,,,,,,
1490000.0,,,,,,,,53799.0,,
,,,,,,,,,,
,,,,,,,,,,-2583.0
,,,,,,,,,,
,,,,,,,,,,
,,,,,,,,,,
,,,,,,,,,,
,,,,,,,,,,
,,,,,,,,,,
,,,,,,,,,,
,,,,,,,,,,
,,,,,,,,,,
,,,,,,,,,,
,,,,,,,,,,
1465000.0,,,,,,,,,,
,,,,,,,,,,
,,,,,,,,,,
,7.0,,,,,,,,,2764.0
,,,,,,,,,,
1850000.0,,,,,,,,,,
,,,,,,,,,,
,,,,,,,,,,
,,,,,,,,,,
,,,,,,,,,,-2792.0
,,,,,,,,,,
,,,,20524.0,,,,,,-18472.0
,,,,,,,,,,-5100.0
,,,,,,,,,,
,,,,39370.0,,,,,,-17258.0
,,,,,,,,,,
,,,,,,,,,,
,,,,,,,,,,
,,,,,,,,,,2530.0
,,,,,,,,,,
,,,,47250.0,,,,,,3459.0
,,,,,,,,,,
,,,,,,,,,1560.0,7313.0
,,,,,,,,,,
,,,,,,,,,,
,,,,,,,,,,
,,,,,,,,,,
,,,,,,,,,,4988.0
,,,,,,,,,,
,,,,,,,,,,-3360.0
,,,,,,,,,,
,,,,,,,,,,
,,,,94525.0,,,,,,-94039.0
,,,,25175.0,,1500.0,,,,-15348.0
,,,,,,,132665.0,81926.0,-1470.0,-2300.0
,,,,,,,,,,
,,,,,,,,,,-2194.0
,,,,,,,,,,
,,,,,,,,,,
,,,,,,,,,,
,,,,,,,,,,
,,,,,,,,,,
,,,,,,,,,,
,,,,,,,,,,
,,,,,,,,,,
,,,,78408.0,,,,,,68718.0
,,,,,,,,,,
,,,,,,,,,,
,,,,,,,,,,
,,,,,,,,,,
,,,,,,,,,,
,,,,,,,,,,
,,,,,,,,,,
,,,,,,,,,,3185.0
2479000.0,,3.75,6810.0,,6110.0,,,,4150.0,
,,,,,,,,,,
,,,,,,,,,,
,,,,,,,,,,
,,,,37904.0,,,,,,18794.0
,,,,,,,,,,
,,,,,,,,,,
,,,,,,,,,,
,,,,,,,,,,
,,,,,,,,,,
,,,,,,,,,,
,,,,,,,,,,
,,,,,,,,,,
,,,,,,,,,,3224.0
,,,,,,,,,,
,,,,,,,,,,
,,,,,,1410.0,,,,
,,,,35621.0,,2030.0,,,1110.0,
,,,,,,,,,,
,,,,,,,,,,
,,,,,,,,,,
,1.0,,,,,,,,,
,,,,,,,,,,
,,,,,,,,,,
,,,,,,,,,,
,,,,,,,,,,
,,,,,,,,,,
,,,,19501.0,,,,,,7501.0
,,,,,,,,,,
,,,,,,,,52787.0,,
,,,,,,,,,,
,,,,,,,,,,
,,,,,,,,,,
,,,,,,,,,,
,,,,,,,,,,
,,,,,,,,,,
,,,,,,,,,,
,,,,,,,,,,
,,,,,,,,,,
,,,,,,,,,,
,,,,,4115.0,,96028.0,,,
,,,,,,,,,,-3271.0
,,,,,,,,52787.0,,
,,,,,,,,,,
,,,,,,,,,,
,,,,,,,,,,
,,,,,,,,,,
,,,,,,,,,,
2048000.0,,4.0,4690.0,,,1650.0,,52787.0,1390.0,
,,,,,,,,,,
,,,,,,,,,,
,,,,,,,,,,
,,,,,,,,,,
,,,,,,,,,,
,,,,,,,,,,
,,,,110579.0,,,96028.0,,,12684.0
,7.0,,,36384.0,,,,,,
,0.0,,,,,,,,-1780.0,
,,,,35880.0,,,,,,9060.0
,,,,224334.0,,,,,,10455.0
,,,,78408.0,,,,,-1860.0,70621.0
,,,,20700.0,,,,,,-16938.0
,,,,20700.0,,,,,,-16938.0
,,,,,,,,,,
,,,,,,,,,,
,,,,,,,96028.0,,,
,,,,,,,,,,
1151250.0,,,,,,,,52787.0,,
,,,,,,,,,,
,,,,,,,,,,
,,,,,,,,,,
,,,,,,,,,,
,,,,,,,,,,9899.0
,,,,,,,,,,
,,,,,,,,,,
,,,,,,,,,,
,,,,35273.0,3780.0,,,,,
,,,,,,,,,,
,,,,,,,,,,
,1.0,,,,,,,,-1110.0,
,,,,,,,,,,
,,,,88909.0,,,,,,48724.0
,,,,,,,,,,
,,,,,,,,,,
,,,,,,,,,,-2955.0
,,,,,,,,,,
,,,,,,,,,,
,,,,,,,,,,
,,,,,,,,,1360.0,
,,,,,,,,,,-4922.0
,,,,,,,,,,
,,,,72309.0,,,,,1470.0,16117.0
,,,,,,,,,,
,,,,,,,,,,
,,,,,,,,,,
,,,,,,,,,,
,,,,,,,,,,
,,,,,,,,,,
,,,,,,,,53799.0,,
,,,,,,,,,,
,,,,,,,,,,
,,,,,,,,,,-2569.0
,,,,,,,,,,
,,,,,,,,,,
,,,,,,1820.0,,,,
,,,,,,,,,,
,,4.0,,,,,,,,
,,,,,,,,,,-3410.0
,,,,,,,,,,
,,,,,,,,,,
,,,,,,,,,,
1895000.0,,,,,,,,,,
1940000.0,,,,,,,,,,
,,,,,,,,53799.0,,-2377.0
,,,,,,,,,,
,,,,,,,,,,
,,,,,,,,,,
,,,,,3830.0,,96028.0,,,
,,,,,,,,,1220.0,
,,,,,,,,,,
,,,,,,,,,,
,,,,20023.0,3780.0,,,,1630.0,16348.0
,,,,,,,,,,
,,,,,,,,,,
,,,,,,,,,,
,,,,,,,,,,
1400000.0,,,,,,,,,,3700.0
,,,,,,,,,,
,,,,22860.0,,,,,,
,,,,,,,,,,
,,,,,,,,,,
,,,,217800.0,,,,,,
,,,,38985.0,,,96028.0,,,2695.0
,,,,118047.0,,,,,-1860.0,74547.0
,,,,,,,,,,
,,,,,,,,,,
,,,,,,,,,,
,,,,,,,,,,
,,,,41250.0,,1540.0,,,,-57631.0
,,,,,,,,,,
,,,,,,,,,,
,,,,,,,,,,
,,,,,,,,,,2724.0
,,,,43647.0,,,,,,18039.0
,,,,,,,,,,
,,,,,,,,,,
,,,,,,,,,,
,,,,,,,,,,
,,,,,,,,,,
,,,,,,,,,,
,,,,,,,,,,
,,,,,,,,,,
,,,,,,,,,,
,,,,,,,,,,
,,,,,,,,,,
,,,,85377.0,,,,,1150.0,27443.0
1575000.0,,,5830.0,131116.0,5830.0,,,,,-76090.0
,,,,,,,,,1570.0,
,,,,,,,,,,
,,,,,,,,,,
,,,,,,,,,,
,,,,,,,,,,
,,,,,,,,,,
,,,,,,1540.0,,,1350.0,
,,,,,,,,,1710.0,
,,,,34335.0,,,,,,
,,,,,,,,,,
,,,,,,,,,,
,,,,,,,,,,
,,,,,,,,,,
,,,,,,,,,,
,,,,,,,,,,
,,,,36254.0,,,,,,
,,,,,,,,,,
,,,,,,,,,,
,,,,20446.0,,,,,,
,,,,,,,,,-1200.0,
,,,,,,,,,,
,,,,,,,,,,
,,,,,,,,,,
,,,,,,,,,,
,,,,,,,,,,
,,,,,,,,,,
,,,,,,,,,,
,,,,,,1710.0,,,1130.0,
,,,,,,,,,,-4515.0
,,,,,,,,,,
,,,,,,,,,,
,,,,,,,,,,
,,,,,,,,,,-6753.0
,,,,19850.0,,,,53799.0,,4380.0
,,,,,,,,,,
,,,,36817.0,,,,,,7667.0
,,,,,,,,,,
,,,,,,,,,,
,,,,,,,,,,
,,,,,,,,,,
,,,,,,,,,,
,,,,,,,,,,
,,,,,,,,,,
,,,,,,,,,,
,,,,,,1460.0,,,,
,,,,,,,,,,-2331.0
,,,,,,,,,,
,,,,,,,,,,
,,,,,,,,,,
,,,,,,,,,,
,,,,,,,,,,
,,,,,,,,,,
,,,,,,,,,,
,,,,,,,,,,
,,,,,,,,,,
,,,,,,,,,,
,,5.25,,,4140.0,,,,,
1165000.0,,3.75,,,3920.0,,,,1880.0,
,,,,,,,,,,
,,,,,,,,,,
,,,,,,,,,,
,,,4930.0,77536.0,3930.0,,,,2170.0,70185.0
,,,,,,,,,,
,,,,,,,,,,
,,,,74390.0,,,96028.0,,,-35381.0
,,,,,,,,,,
,,,,,,,,,,
,,,,,,,,,,
,,,,,,,,,,
,,,,,,,,,,
,,,,,,,,,,
,,,,,,,,,,
,,,,,,,,,,5509.0
,,,,,,,,,,
,,,,,,,,,,
1200000.0,,,,,,,,,,2880.0
,,,,,,,,,,2843.0
,,,,,,,,,,-3298.0
,,,,,,,,,,
,,,,,,,,,,
,,,,,,,,,,
1385000.0,6.0,,5700.0,20000.0,,2850.0,,,2010.0,4300.0
,,,,,,,,,,
,,,,35782.0,,,,,,-2105.0
,,,,,,,,,,
,,,,108900.0,,,,,,71169.0
1295000.0,,,,,,,,,,
,,,,,,,,,,
,,,,,,,,,,
,,,,,,1610.0,,,,
,,,,,,,,,1280.0,
1525000.0,,,5990.0,111078.0,5990.0,,96028.0,,1300.0,-7840.0
,,,,,,,,,,
,,,,,,,,,,
,,,,,,,,,,
,,3.75,5070.0,60123.0,5070.0,,96028.0,,,-41807.0
,,,,,,,,,,
,,,,,,,,52787.0,,
,,,,,,,,,,
,,,,,,,,,,
,,,,,,,,,,
,,,,,,,,,,
,,,,,,,,,,2477.0
,,,,,,,,,,
,,,,,,,,,,
,,,,434728.0,,,,,,379512.0
,,,,,,,,,,
,,,,,,,,,,
,,,,,,,,,,
,,,,,,,,53799.0,-1030.0,-6116.0
,,,,,,,,,,
,,,,,,,,,,
,,,,,,,,,,
,,,,214315.0,,,,,,80896.0
,,,,,,,,,,
,,,,,,,,,,
,,,,,,,,,1430.0,
,,,,,,,,,,
,,,,,,,,,,
,,,,,,,,,,-4050.0
,,,,81893.0,,,,,,43256.0
,,,,33747.0,,,,,,25347.0
,,,,,,,,,,
,,,,,,,,,,
,,,,,,,,,,-2209.0
,,,,,,,,,,
,,3.75,,,,,,,1160.0,
,,,,,,,,,,
,,,,,3910.0,,,,1630.0,
,,,,,,,,,,
,,,,,,,,,,
1150000.0,,,,,,,,,1570.0,
,,,,,,,,,,
,,,,94525.0,,,,,-1270.0,59677.0
,,,,,,,,,,2867.0
,,,,,,,,,,
,,,,28185.0,,,,,,13305.0
,,,,,,,,,,
,,,,,,,,,,
,,,,,,,,,,
,,,,,,,,,,
,,,,,,,,,,
,,,,,,,,,,
,,,,,,,,,,
,,,,40575.0,,,,,,7640.0
,,,,,,,,,,
,,,,,,,,,,
,,,,,,,,,,
,,,,,,,96028.0,,,
1309500.0,,4.5,4750.0,,,,,,1150.0,-8212.0
,,,,,,,,,,
,,,,,,,,,,
,,,,,,,,,,
,,,,,,,,,,
,,,,,,,,,,
,,,,150282.0,,,96028.0,,,96704.0
,,,,,,,,,,
,,,,20018.0,,,,,,2822.0
,,,,,,,,,,
,,,,40106.0,,,,,,-31691.0
,,,,,,,,,,
,,,,,,,,,,
,,,,,,,,,,
,,,,,,,,,,
,,,,,,,,,1210.0,8856.0
,,,4270.0,,,,,,1420.0,
,,,,,,,,,,
,1.0,,,,,,,,,
,,,,,,,,,,
,,,,,,,,,,
,6.0,,,,,,,,,
,,,,,,,,,,
,,,,,,,,,,
,,,,,,,,,,-2576.0
,,,,,,,,,,3424.0
,,,,,,,,,,
,,,,,,,,,,
,,,,,,,,,,
,,,,,,,,,,
,,,,,,,,,,
,,,,,,,96028.0,,,
,,,,,,,,,1260.0,
,,,,,,,,,,2498.0
,,,,,,,,,,
,,,,,,,,,,
,,,,,,,,,,
,,,,,,,,,,
,,,,,,,,,,
,,,,,,,,,,
,,,,,,,,,,
,,,,,,,,,,
,,,,,,,,,,
1297000.0,6.0,,,,,,,,,4451.0
,,,,,,,,,,2400.0
1500000.0,,,,25697.0,,,,,,5016.0
,,,,,,,,,,
,,,,,,,,,,
,6.0,,,,,,,,,2890.0
,,,,,3810.0,,,,,
,,,,,,,,,,
,1.0,,,,,,,,-1930.0,-3900.0
,,,,,,,,,,
,,,,,,,,,1130.0,4326.0
,,,,,,,,,,
,,,,,,,,,,5274.0
,,,,,,,,,,
,,,,,,,,,,
,,,,,,,,,,
,,,,,,,,,,
,,,,,,,,,,-6650.0
1160000.0,,,,,,,132665.0,81926.0,-1800.0,
,,,,,,,,,,
,,,,,,,,,,
,,,,,,,,,,
,,,,,,,,,,3387.0
,,,,,,,,,,
,,,,,,,,,,6099.0
,,,,,,,,,,
,,,,,,,,,,
,,,,,,,,,,
,,,,,,,,,,
,,,,,,,,,,
,,,,,,,,,,
,,,,,,,,,,
,,,,54450.0,,,,,,17773.0
,,,,,,,,,,
,,,,,,,,,,
,,,,,,,,,,6146.0
,,,,,,,,,,-2115.0
,,,,,,,,,,2904.0
,,,,,,,,,,
,,,,,,,,53799.0,,
,,,,,,,,,,
,,,,,,,,,,
,,,,,,,,,,2883.0
,,,,,,,,,,
,,,,33801.0,,,,,,-5703.0
,,,,,4020.0,,,,,3522.0
,,,,,,1800.0,,,1210.0,
,,,,,,,,,,
,,,,,,,,53799.0,,
,,,,,,,,,,
,6.0,5.0,,,,,,,,-3300.0
,,,,,,,,,1110.0,
,,,,,,,,,,
,,,,,,,,,,
,,,,,,,,,,
,,,,19991.0,,,,,,10216.0
,,,,,,,,,,
,,,,,,,,,,
,,,,,,,,,,
,,,,,,,,,,
,,,,,,,,,,
,,,,,,,,,,-2753.0
,,,,,,,,,,
,,3.75,,,3830.0,,,,,
,,,,,,,,,,
,,,,,,,,,,
,,,,,,,,,,
,,,,,,,,,,
,,,,392475.0,,,,,,174675.0
,,,,,,,,52787.0,1850.0,
,,,,,,,,,,
,,,,26359.0,,1660.0,96028.0,,,
,,,,,,,,,,
,,,,,,,,,,3117.0
,,,,,,,,,,
,,,,,,,,,,
,,,,,,,,,,
,,,,,,,,,,6239.0
,,,,43847.0,,,,,,6543.0
,,,,,,,,,,
,,,,,,,,53799.0,,
,,,,,,,,,-1240.0,
,,,,,,,,,,
,,,,,,,,,,3528.0
,,,,,,,,,,
,,,,,,,,,,
,,,,,,,,,,
,,,,,,,,,1490.0,
,,,,,,,,,,
,,,,,,,,,,
,,,,,,,,,,
,,,,,,,,,,
,,,,,,,,,,
,,,,,,,,,,
,,,,,,,,,,
,,,,,,,,,,4005.0
,,,,,,,,,,
,,,,,,,,,,
,,,,,,,,,,
,,,,,,,,,,
,,,,,,,,,,
,,,,,,,,,,5250.0
,,,,,,,,,,
,,,,,3880.0,,,,,
,,,,,,,,,,
,,,,,,,,,,
,,,,35012.0,,,,,,
,,,,,,,,,,
,,,,,,,,,,
,,,,,,,,,,-2482.0
,,,,55387.0,,,96028.0,,,16560.0
,,,,,,,,,,-2312.0
,,,,,,,,,,
,,,,,,,,,,
,,,,,,,,,,-2500.0
,,,,,,,,,,
,,,,,,,,,,
,,,,,,,,,,
,,,,,,,,,,
,,,,,,,,,,
,,,,,,,,,,
,,,,150270.0,,,,,,69216.0
,,,,,3810.0,,,,1340.0,4254.0
,,,,,,,,,,
,,,,43560.0,,,,,,-10890.0
,,,,,,,,,,
,,,,,,,,,,
,,,,,,,,,,
,,,,,,,,,,
,,,,27007.0,,,,,,-64469.0
,,,,,,,,,,
,,,,,,,,,,
,,,,,,,,,,
1315000.0,,,,,,,,,1600.0,
,,,,,,,,,,
1155000.0,,,,,,,,,,2552.0
,,,,,,,,,,
,,,,,,,,,,
,,,,,,,,,,
,,,,,,,96028.0,,,4414.0
,,,,,,,,,,3340.0
,,,,,,,,,,
,,,,,,,,,,
,,,,,,,,,,
,,3.75,,,4130.0,,,,,
,,,,,,,,,,
,,,,,,,,,,
,,,4750.0,62365.0,4750.0,,,,1450.0,30499.0
,,,,35062.0,,,,,,25357.0
,,,,,,,,,,
,,,,,,,,,,
,,,,,,,,,,
,,,,,,,,,,
,,,,,,,,,,
,,,,,,,,,,
,,,,,,,,,,
,,,,,,,,,,2920.0
,,,,,,,,,,
,,,,,,,,,,5903.0
,,,,,,,,,,
,6.0,,,,,,,,,
,,,,,,,,,,
,,,,,,,,,,
,,,,,,,,,,
,,,,,,,,,,
,,,,,,,,,,
,,,,,,,,,,
,,,,,,,,,,
,,,,,,,,,,
,,,,43017.0,,,,,,2683.0
,,,,,,,,,,-7658.0
,,,,,,,,,,
,,,,,,,,,,6225.0
,,,,,,,,,,
,,,,,,,,,,
,,,,,,,,,,
,,,,,,,96028.0,,,
,,,,,,,,,,
,,,,,,,,,,
,,,,,,,,,,
,,,,,,,,,1390.0,
,,,,,,,,,1390.0,
,,,,118483.0,,,,,,27007.0
,,,,87213.0,,,,,-1480.0,47627.0
,,,,,,,,,,
,,,,,,,,,,
,,,,,,,,,,
,,,,,,,,,,
,,,,,,,,,,
,,,,,,,,,,
,,,,,,,,,,
,,,,32780.0,,,,,,-3775.0
,,,,23400.0,,,,,,8500.0
,,,,213879.0,,,,,,35719.0
,,,,,,,,,,
,,,,30007.0,,,,,,-4976.0
,,,,,,,,,,
,,,,,,,,,,
,,,,,,,,,,
,,,,,,,,,,2790.0
,,,,,,,,,,
,,,,,,,,,,
,,,,,,,,,,
,,,,,,,,,,
,,,,,,,,,,
,,,,,,,,,,
,,,,,,,,,,
,,,,,,,,,,
1600000.0,,,,,4060.0,,,,1650.0,
,1.0,,,,,,,,,-2550.0
,,,,,,,,,,
,,,,,,,,,,3736.0
,,,,,,,,,,
,,,,,,,,,,
,,,,,,,,,,
,,,,,,,,,,
,,,,,,,,,,
,6.0,,,,,,,,1400.0,3456.0
,,,,,,,,,,3393.0
,,,,,,,,,,
,,,,,,1420.0,,,1320.0,2664.0
,,,,,,,,,,
,,,,,,,,,,
,,,,,,,,,,
,,,,,,,,,,
,,,,,,,,,,3830.0
,,,,,,,,,,
,,,,,,,,,,
,,,,,,,,,,
,,,,,,,,,,3610.0
,,,,,,,96028.0,,,
,,,,20466.0,,,,,,-72927.0
,,,,,,,,,,
,,,,,,,,,,
,,,,108900.0,,,,,,
,,,,,,,,,,
,6.0,,,,,,,,,
,,,,,,,,,,
,,,,,,,,,,-2200.0
,,,,,,,,,,
,,,,,,,,,,
,,,,89298.0,,,,,,
,,,,,,,,,,
,,,,,,,,,,
,,,,,,,,,,
,,,,,,,,,,
,,,,,,,,,,
,,,,,,,,,,
,,,,,,,,,,
,,,,,,,,,1130.0,-10467.0
,,,,40946.0,,,,,,20870.0
,,,,,,,,,,
,,4.5,,,4060.0,,,,2230.0,
,,,,,,,,,,
,,,,,,,,,,
,,,,,,,,,,
,,,,,,,,,,
,,,,,,,,,,
,,,,,,,,,,
,,,,,,,,,,
,,,,,,,,,,
,,,,,,,,,,
,,,,,,,,,,
,,,,,,,,,,
,,,,29163.0,,,96028.0,,,-11506.0
,6.0,,,,,,,,1410.0,5745.0
,,,,,,,,,,-4436.0
,,,,67518.0,,,96028.0,,,
,,,,54048.0,,,,,,16327.0
,,,,,,,,,,
,,,,,,,,,,8289.0
,,,,,,,,,,
,,,,,,,,,,
1740000.0,,,,,,,,,1890.0,
,6.0,,,,,1420.0,,,,
,,,,,,,,,,
,,,,,,,,,,
,,,,,,,,,,
,,,,23522.0,,,,,-1210.0,3252.0
1250000.0,,,,,,,,53799.0,,-3190.0
,,,,,,,,,,
,,,,,,,,,,-2348.0
,,,,,,,,,,
,,,,,,,,,,
,,,,,,,,,,
,,,,,,,,,,
,6.0,,,,,,,,,
,,,,,,,,,,
,,,,,,,,,,
2850000.0,,4.0,5040.0,,,2170.0,,,,
,,,,,,,,,,
1780000.0,,,4890.0,,4890.0,,,,,
,,,,,,,,,,
,,,,43560.0,,,,,,
,,,,,,,,,,
,,,,,,,,,,-2700.0
,,,,100681.0,,1450.0,,,,56976.0
,,,,,,,,,,
,,,,,,,,,,
,,,,,,,,,,
1215000.0,,3.75,,53574.0,3820.0,,,,,
,,,,98881.0,,,,,,23958.0
,,,,,,,,,,
,,,,,,,,,,
,,,,,,,,,,
,,,,,,,,,,
,,,,50094.0,,,,,,9324.0
,,,,22081.0,,,,,,9721.0
,,,,,,,,,,-2336.0
,,,,,,,,,,
,,,,,,,,,,
,,,,,,,,,,2613.0
,,,,,,,,,,
,,,,,,,,,,
,,,,,,,,,,
,,,,19978.0,,,,,,8390.0
,,,,,,,,,,
,,,,,,,,,,
,,,,,,,,,,
,,,,,,,,,,
,,,,105850.0,,,96028.0,,,17594.0
,,,,,,,,,,
,,,,,,,,,,
,,,,,,,,,,
,,,,,,,,52787.0,,
,,,,,,,,,,
,,,,40003.0,,,,,,-6766.0
,,,,,,,,,,
,,,,,,,,,,
,,,,,,,,,,-2228.0
,,,,,,,,,,
,,,,,,,,,,
,,,,,,,,,,5693.0
,,,,41325.0,,,,,,
,,,,,,,,,,
,,,,,,,,,,
,,,,,,,,,,
,,,,,,,,,,
,,,,,,,,,,
,,,,,,,,,,
,,,,,,,,,,
,,,,,,,,,,
,,,,,,,,,,
,,,,,,,,,,
,6.0,,,,,,,,,
,,,,,,,,,,
,,,,,,,,,,
,,,,,,,,,,
,,,,,,,,,,
,,,,,,,,,,
,,,,,,,,,,
,,,,,,,,,,
,,,,51836.0,,,,,,
,,,,19709.0,,,,,,
,,,,21780.0,,,,,,13663.0
,,,,,,,,,,
,,,,,,,,,,
,,,,,,,,,,
,,,,35536.0,,,,,,-7917.0
,,,,,,,,,,
,,,,,,,,,,
,,,,,,,,,,
,,,,62726.0,,,,,,-10890.0
,,,,,,,,,,
,,,,,,,,,,
,,,,,,,,,,
,,,,,,,,,,
,,,,,,,,,,
,,,,23781.0,,,,,,11745.0
,,,,,,,,,,
,,,,,,,,,,-5245.0
,,,,,,,,,,
,,,,,,,,,,
,,,,,,,,,,
,,,,,,,,,,
,,,,,,,,,,
,,,,,,,,,,
,,,,20588.0,,,,,,12788.0
,,,,,,,,,,
,,,,,,,,,,
,,,,,,,,,,
,,,,,,,,,,
,,,,,,,,,,
,,,,,,,,,,
,,,,,,,,,,
,,,,,,,,,,
,,,,,,,,,,
,,,,,,,,,,
,,,,,,,,,,
,,,,,,,,,,
,,,,,,,,,,
,,,,,,,,,,6434.0
,,,,,,,,,,
,,,,,,,,,,
,,,,,,,,,,3159.0
,,,,,,,,,,
,,,,,,,,,,
,,,,20720.0,,,,,,-6230.0
,,,,,,,,,,
,,,,,,,,,,
,,,,,,,,,,
1150000.0,,3.75,,35000.0,4160.0,,96028.0,,-1170.0,
,,,,,,,,,,
,,,,,,,,,,
,,,,,,,,,,
,,,,21890.0,,,,,,6728.0
,,,,,,,,,,
,,,,,,,,,,
,,,,,,,,,-1030.0,
,,,,,,,,,,
,1.0,,,,,,,,,
,,,,,,,,,,
,,,,,,,,,,
,,,,,,,,,,
,,,,,,,,,,
,,,,,,,,,,
,,,,,,,,,,
,,,,,,,,,,
,,,,,,,,,,2610.0
,,,,,,,,,,
,,,,,,,,,,
,,,,,,,,,,
,1.0,,,,,,,,,
,,,,,,,,,,
,,,,,,,,,,
,,,,,,,,,,
,,,,,,,,,,
,,,,,,,,,,
,,,,,,,,,,
1880000.0,,,,,,,132665.0,81926.0,,3519.0
,,,,,,,,,,
,,,,,,,,,,
,,,,,,,,,,-2994.0
,,,,,,,,,,-2994.0
,,,,,,,,,,
,,,,,,,,,,
,,,,,,,,,,
,,,,,,,,,-1100.0,
,,,,,,,,,,3874.0
,,,,,,,,,,
1691000.0,,,,,4020.0,,,,,
,,,,,,,,,,
,,,,,,,,,,
,,,,,,,,,,
,,,,,,,,,,
,,,,,,,,,,
,,,,,,,,,,
,,,,,,,,,,
,,,4350.0,112750.0,,2150.0,,,2170.0,-110277.0
,,,,,,,,,,
,,,,,,,,,-1320.0,
,,,,,,,,,,
,,,,,,,,,,7851.0
,,,,,,,,,,
,,,,,,,,53799.0,,
,,,,,,,,,,
,,,,,,,,,,
2400000.0,,,,,,,,,,
,,,,,,,,,,2500.0
,,,,,,,,,,
,,,,,,,,,,
,,,,,,,,,,-3064.0
,,,,,,,,,,
,,,,,,,,,,
,,,,,4090.0,,,,,2463.0
,,,,,,,,,,
,,,,,,,,,,6885.0
,,,,,,,,,,
,,,,,,,,,,
,,,,,,,,,,-2405.0
,,,,43710.0,,,,,,-55606.0
,,,,,,,,,,
,,,,,,,,,,
,,,,,,,,,,-8713.0
,,,,,,,,,,
,,,,,,,,,,
,,,,,,,,,,
,,,,,,,,,,
,,,,,,,,,,
,,,,,,,,,,-2153.0
,,,,,,,,,,
,,,,,,,,,,
,,,,,,,,,,-2554.0
,,,,,,,,,,
,,,,110642.0,,,,,,59242.0
,,4.0,,,,,,,1570.0,
,,,,,,,,,,-2206.0
,,,,,,,,,,
,,,,19821.0,,,,,,-2897.0
,,,,,,,,,,
,,,,,,,,,,
,,,,,,,,,,
,,,,,,,,,,
,,,,,,,,,,
,,,,,,,,,,3254.0
,,,,,,,,,,
,,,,41041.0,,,,,,3723.0
,,,,,,,,,,
,,,,,,,,53799.0,,
,,,,,,,,,,
,,,,,,,,,,-3978.0
,,,,,,,,,,2457.0
,,,,28014.0,,,,,,5834.0
,,,,,,,,,,
,,,,,,,,,,
,,,,,,,,,,
1600000.0,,,,19593.0,,,,,,
1200000.0,,,4280.0,,,,,,,3203.0
,,,,,,1560.0,,,,
1157400.0,,,,,,,,52787.0,,
,,,,,,,,,,
,,,,,,,,,,
,,,,42733.0,,1560.0,,,1340.0,23380.0
,,,,,,,,,,2937.0
,,,,,,,,,,
1419000.0,,,,,,,,,,
,,,,,,,,,,
,,,,,,,,,,
,,,,,,,,,,-3368.0
,,,,,,,,,,
1470000.0,,,,,,,,,,
,,,,,,,,,,
,,,,,,,,,,
,,,,,,,,,,
,,,,,,,,,,
,,,,,,,,,,3319.0
,,,,,,,,,,
,,,,,,,,,,
,,,,,,,,,,
,,,,,,,,,,
,,,,24500.0,,,,,,17250.0
,,,,,,,,,,2601.0
,,,,,,,,,,
,,,,,,,,,,
,,,,,,,,,,
,,,,,,,,,,
,,,,,,,,,,
,,,,,,,96028.0,,,
,,,,,3990.0,,96028.0,,,
,,,,,,,,52787.0,,
,,,,,,,,,,
,,,,,,,,,,
2466350.0,,4.75,6390.0,,4560.0,1830.0,,52787.0,2380.0,5043.0
,,,,,,,,,,
,,,,,,,,,,
,,,,100623.0,,,,,,78934.0
,,,,,,,,,,
,,,,,,,,,,
,,,,,,,,,,
,,,,,,,,,,
,,,,,,,,,,
,,,,,,,,,,-17813.0
,,,,,,,,,,
,,,,,,,,,,
,,,,,,,,,,
,,,,,,,,,,
1517000.0,,,,,,,,,,
,,,,,,,,,,
,,,4570.0,,4570.0,,,,,
,,,,188760.0,,,,,,138217.0
,,,,,,,,,,
,,,,,,,,,,
,,,,218472.0,,,,,1420.0,7068.0
,,,,,,,,,,2767.0
,,,,,,,,,,2767.0
,,,,,,,,,,
,,,,,,,,,1410.0,
,,,,,,,,,,
,,,,,,,,,,
,,,,,,,,,,
,,,,,,,,,,
,,,,,,,,,,
,,,,,,,,,,
,,,,,,,,,,
,,,,204296.0,,,,,,50094.0
,,,,,,,,,,
,,,,52272.0,,,,,,
,,,,,,,,,,
,,,,,,,,,,
1620500.0,,,,,,1720.0,,,,
,,,,,,,,,,
,,,,,,,,,,
,,,,,,,,53799.0,,
,,,,,,,,,,
,,,,,,,,,,
,,,,,,,,,,
,,,,,,,,,,
,,3.75,,,,,,,,
,,,,,,,,,,-3458.0
1850000.0,,,,,,1460.0,,,,
,,,,,,,,,,
1150000.0,,,4350.0,,,,,,,
,1.0,,,,,,,,,
,,,,,,,,,,
,,,,34290.0,,,96028.0,,,-3829.0
1500000.0,,,4410.0,,,,,,,
,,,,,,,,,,
,,,,,,,,,,
,,,,,,,,,,
,,,,,,,,,,
,,,,,,,,,,3049.0
,,,,,,,,,-1090.0,
,,,,,,,,,,
,,,,,,,,,,
,,,,,,,,,,
,,,,,,,,,,
,,,,,,,,,,
,,,,31850.0,,,,,,-4192.0
,,,,,,,,,,
1460000.0,,,,,,,,53799.0,,
,,,,,,,,,,
,,,,,,,,53799.0,,
,,,,,,,,,,-3000.0
,,,,25211.0,,,,,,
,,,,,,,,,1640.0,
,,,,,,,,,1230.0,3389.0
,,,,,,,,,,
,,,,,,,,,,
,,,,,,,,,,
,,,,,,,,,,
,,,,,,,,,,
,,,,159865.0,,,,,,121543.0
,,,,,,,,,,
,,,,,,,,,,
,,,,,,,,52787.0,,
,,,,,,,,,,
,,,,29224.0,3760.0,,,,,9308.0
,,,,,,,96028.0,,,
,,,,,,,,,,
,,,,111514.0,,,,,1440.0,-106286.0
,,,,,,,,,,
,,,,,,,,,-1670.0,6869.0
,,,,,,,,,,
,,,,86636.0,,,96028.0,,,-20521.0
,,,,,,,,,,
,,,,,,,,,,-2600.0
,,,,36218.0,,,,,,4425.0
,,,,34680.0,,,,,,
,,,,,,,,,,
,,,,,,,,,,
,,,,,,,,,,
,,,,,,,,,,
,,,,,,,,,,4972.0
,,,,22651.0,,1590.0,,,1170.0,17151.0
,,,,,,,,,,
,,,,,,,96028.0,,,
,,,,,,,,,,
,,,,,,,,,,
,,,,,,,,,,
,,,,,,,,,,
,,,,,,,,,,
,,,,,,,,,,
,,,,,,,,,,
,,,,,,,,,,
,,,,292288.0,,,,,,268490.0
,,,,,,,,,,
,,,,,,,,,,
,,,,,,,,,,
,,,,,,,,,,
,,,,,,,,,,
,,,,,,,,,1110.0,
,,,,,,,,,,
,,,,,,,,,,
,,,,,,,,,-1920.0,-9440.0
,,,,,,,,,,
,,,,,,,,,,
,,,,,,,,,,
1697000.0,,,,,,,,,,
,,,,,,,,,,
1795000.0,,,,,4060.0,,,53799.0,,
,,,,,,,,,,
,,,4430.0,74358.0,4430.0,,96028.0,,,-6517.0
,1.0,0.0,,24501.0,,,,,,
,,,,,,,,,,-2100.0
,,,,25150.0,,1670.0,,,,5546.0
,,,,,,,,,,
,,,,,,,,,,
,,,,,,,,,,
,,,,,,,,,1230.0,
,,,,,,,,,,6601.0
,,,,,,,,,,
,,,,132858.0,,,,,,55322.0
,,,,,,,,,,
,,,,,,,,,,
,,,,,,,,,,
,,,,,,,,,1360.0,
,,,,,,,,,,
,,,,,,,,,,
,,,,,,,,,,-2797.0
,,,,,,,,,,
1525000.0,,4.25,4720.0,21000.0,4720.0,,,,1710.0,
,,,,217800.0,3810.0,,,,1230.0,
,,,,,,,,,,
,,,,,,,,,,
,,,,,,,,,,
,,,,,,,,,,
,,,,,,,,,,
,,,,,,,,,,
,,,,,,,,,,
,,,,,,,,,,
,,,,,,,,,,
,,,,,,,,,,-2372.0
,,,,,,,,,,
,,,,,,,,,,
1727000.0,,,,,,,,,,
,,,,48257.0,,,,,,2955.0
,,,,,,,,,,
,,,,,,,,,,-2926.0
,,,,,,,,,,
,,,,,,,,,-1480.0,3651.0
,,,,,,,,,,
,,,,,,,,52787.0,,
,,,,,,,,,,
,,,,,,,,,,
,,,,29347.0,,,,,,21596.0
,,,,,,,,,,
,,,,,,,,,,2602.0
,,,,,,,,,,
,,,,,,,,,,
,,,,,,,,,,
3418800.0,,5.0,5450.0,20412.0,5450.0,,132665.0,81926.0,2290.0,2587.0
,,,,,,,,,,
,,,,,,,,,,
,,,,,,,,,,
,,,,,,,96028.0,,,
,,,,,,,,,,
1200000.0,,,,,,,,,,
,1.0,,,,,,,,,
,,,,,,,,,,
,,,,,,,,,,
,6.0,,,,,,,,,3142.0
,,,,,,,,,,
,,,,,,,,,,-2504.0
,,,,,,,,,,
,,,,,,,,,,
,,,,,,,,,,
,,,,,,,,,,
,,,,,,,,,,
,,,,,,,,,,
,,,,,,,,,,
,,,,,,,,,-1220.0,
,,,,,,,,,,
,,,,,3780.0,,,,,
,,,,,,,,,,
,,,,39848.0,,,,,,
,,,,60720.0,,,,,,50378.0
,,,,,,,,,,
,,,,,,,,,,
,,,,,,,,,1570.0,
,,,,28750.0,,,,,,4877.0
,,,,,,,,,,
,,,,,,,,,,
,,,,,,,,,,
,,,,,,,,,,
,,,,,,,,53799.0,,
,,,,,,,,,,
,,,,,,,,,,
,,,,,,,,,,
,,,,,,,,,,
,,,,35074.0,,,,,,
,,,,45738.0,,,,,,21738.0
,,,,69260.0,,,,,,
1195000.0,,,,,,,,53799.0,,
,,,,,,,,,,
,,,,,,,,,,
,,,,,,,,,,
,,,,,,,,,,
,,,,28600.0,,,,,,
,,,,,,,,,,
,,,,,,,,,,
,,,,,,,,,,
,,,,85728.0,3840.0,,,,1410.0,43085.0
,,,,,,,,,,
,,,,,,,,,,
,,,,20301.0,,,,,,-3349.0
,,,,37843.0,,,,,,-4279.0
1476000.0,,,4470.0,22518.0,,,,,1540.0,
,,,,,,,,,,
,,,,,,,,,,
,,,,,,,,,,
,,,,,,,,,,
,,,,,,,,,,
,,,,,,,,,,-3908.0
,,,,,,,,53799.0,,-5300.0
,,,,,,,,,,
,,,,,,,,,,
,,,,,,,,,,
,,,,,,,,,,
,,,,,,,,,,
,,,,,,,,,,5901.0
,,,,,,,,,,
,,,,,,,,,,-4356.0
,,,,,,,,,,
,,,,,,,,,,
,,,,,,,,,,
,,,,,,,,,,
,,,,,,,,,,
,,,,,,,,,,
1564350.0,,3.75,,,,,,53799.0,,
,,,,,,,,,,2665.0
,,,,,,,,,,
,,4.0,,31796.0,4160.0,,96028.0,,,-4396.0
,,,,,,,,,2150.0,
,,,,25500.0,,,,,,15481.0
,,,,,,,,,,
,,,,,,,,,,
,,,,,,,,,,
2725000.0,,4.25,6410.0,43838.0,5610.0,,,,4140.0,37208.0
,,,,,,,,,,
,,,,,,,,,,
,,,,,,,,,,
,,,,,,,,,,
,,,,,,,,,,
,,,,,,,,,,
,,,,,,,,52787.0,,
,,,,,,,,,,
,,,,,,,,,,
,,,,169448.0,,,,,,163389.0
,,,,,,,,,,
,,,,,,,,,,
,,,,,,,,,,3000.0
,,,,,,,,,,
,,,,,,,,,,
,,,,,,,,,,
,,,,,,,,,,
,,,,,,,,,,
,,,,,,,,,,
,,,,,,,,,,
,,,,,,,,,,
,,,,,,,,,,
,,,,,,,,,,
,,,,,,,,,,
,,,,,,,,,,
,,,,,,,,,,
,,,,,,,,,,
,,,,,,1500.0,,,,9500.0
,,,,43560.0,,,,,,31685.0
,,,,,,,,,,
,,,,,,,,,,-10793.0
,,,,,,,,,,
,,,,,,,,,,
,,,,34991.0,,,,,,15476.0
,,,,219106.0,,,,,,95396.0
,,,,,,,,,,
,,,,,,,,,,
,,,,,,,,,-1070.0,
,,,,,,,,,,
,,,,,,,,,,
,,,,,,,,,,
1325000.0,,,,,,,,52787.0,,
,,,,,,,,,,
,,,,,,,,,,-3065.0
,,,,,,,,,2350.0,
,,,,,,,,,,
,,,,,,,,,,
,,,,,,,,,,
,,,,,,,,,,
,,,,,,,,,,
,,,,53143.0,,,,,,-3485.0
,,,,,,1530.0,,,,
,,,,,,,,,,-3154.0
,,,,19843.0,,,,,,6343.0
,,,,,,,,,,
,,,,,,,,,,-7707.0
,,,,,,,,,,
,,,,,,,,52787.0,,
,,,,,,,,,,
,,,,,,,,,,
,,,,,,,,53799.0,,
,,,,,,,,,,
,,,,40386.0,,,,,,5586.0
,,,,,,,,,,
,,,,,,,,,,
,,,,,,,,,,
,,,,,,,,,,
,,,,21096.0,,,,,,7261.0
,,,,,,,,,,
,,,,,,,,,,
,,,,,,,,,,
,,,,,,,,,,
,,,,32234.0,,,,,,22109.0
2385000.0,,4.0,6330.0,,4900.0,1430.0,,,4130.0,4100.0
,,,,,,,,,,
,,,,,,,,,,
,,,,,,,,,,
2196000.0,,,4250.0,,,,,53799.0,,3463.0
,,,,,,,,,,
,,,,,,,,,,
,,,,,,,,,,
,,,,36601.0,,,,,,
,,,,,,,,,,
,,,,,,,,,,
,,,,,,,,,,
,,,,,,,,,,
,,,,,,,,,,
,,,,,,,,,,
,,,,,,,,,,
,,,,,,,,,,
,,,,,,,,,,
,,,,,,,,,,
,,,,,,,,,1640.0,
,,,,,,,,,,
,,,,,,,,,,-4065.0
,,,,,,,,,,
,,,,,,,,,,
,,,,,,,,,,
,,,,,,,,,,-3268.0
,,,,,,,,,,
,,,,,,,,,,
,,,,,,,,,,
,,,,,,,96028.0,,,
,,,,,,,,,,
,,,,22547.0,,,,53799.0,,4738.0
,,,,,,1500.0,,,,
,,,,,,,,,,
,,,,,,,,,,
,,,,,,,,,,4014.0
,6.0,4.0,,,,,,,2170.0,
,,,,,,,,,,
1280000.0,9.0,4.5,,,,,,,1140.0,
,,,,,,,,,,
,,,,,,,,,,
,,,,,,,96028.0,,,
,,,,,,,,,,
,,,,,,,,,,
,,,,,,,,,,
,1.0,,,,,,,,,
,,,,,,,,,,
,,,,61419.0,,,,,-2250.0,52890.0
,,,,,,,,,,-9762.0
,,,4290.0,175421.0,4290.0,,,,,112259.0
,,,,,,,,,,
,,,,,,,,,,
,,,,,,,,,,
,,,,,,,,,,3540.0
,,,,167706.0,,,,,,-45738.0
,,,,,,,,,,
,,,,,,,,,,
1150000.0,,,,48743.0,3830.0,,,,,40444.0
,,,,,,,,,,-8253.0
,,,,,,,,,,
,,,,,,,,,,3388.0
,,,,48292.0,,,,,,-31909.0
,,,,36116.0,,,,,,
,,,,,,,,,,
,1.0,,,64469.0,,,,,,16117.0
,,,,,,,,,,-2484.0
,,,,,,,,,,
,,,,,,,,,,
1240000.0,,,,,,,,,,2500.0
,,,,,,,,,,
,,,,,,,,,,
,,,,,,,,,,
,,,,,,,,,,
,,,,,,,,,,
,,,,,,,,,,
,,,,,,,,,,
,,,,19602.0,,,,,,10829.0
,,,,,,,,,,
,,,,,,,,,,
,1.0,,,,,,,,,
1445000.0,,,,,,,,,1530.0,
,,,,,,,,,,
,,,,,,,,,,2689.0
,,,,,,,,,,
,,,,,,,,,,
,,,,19439.0,,,,,1170.0,
,,,,,,,,,,
,,,,241200.0,,,,,,68267.0
,,,,,,,,,,
,,,,,,,,,1990.0,
,,,,,,,,,,
,,,,,,,,,,2480.0
,,,,,,,,,,
,,,,,,,,,,
,,,,,,,,,,4149.0
,,,,,,,,,,
,,,,,,,,,,
,,,,,,,,,,
,,,,,,,,,,
,,,,,,,,,,
,,,,,,,,,,2970.0
,,,,,,,,,,
,,,,,,,,,,
,,,,,,,,,,
,,,,75794.0,,,,,,57881.0
,,,,,,,,,,
,,,,,,,,,,
,,,,,,,,,,
,,,,,,,,,,
,,,,,,,,,,
,,,,,,,96028.0,,,
,,,,,,1530.0,,,1210.0,
,6.0,,,20000.0,,,,,,
,,,,,,,,,,
,,,,,,,,,,
,,,,,,,,,,
,,,,,,,,,,
,,,,,,,,,,2770.0
,,,,,,,,,,
,,,,,,,,,,
,,,,,,,,,,
,,,,21000.0,,,,,,8520.0
,,,,35218.0,,,,,,
,,,,,,,,,,
,,,,,,,,,,
,,,,,,,,,,
,,,,190357.0,,,,,,
,,,,,,,,,,
,,,,,,,,,,
,,,,,,,,,,
,,,,,,,,,,
,,,,,,,,,,-2183.0
,,,,,,,,,,5630.0
,8.0,,,,,,,,,
,,,,,,,,,,
,,,,,,,,,,
,,,,,,,,,,2353.0
,,,,,,,,,,
,,,,,,,,,,
,,,,,,,,,,
,,,,,,,,,,
,,,,21138.0,,,,,,8938.0
,,,,,,,,,,
,,,,,,,,,,
,,,,,,,,,,
,,,,,,,,,,
,,,,,,,,,,
,,,,,,,,,,3089.0
,,,,,,,,,,
,,,,,,,,,,
,,,,,,,,,,
,,,,,,,,,,
,,,,,,,,,,
,,,,,,,,,,
2400000.0,,,5860.0,,,2170.0,,52787.0,1710.0,
,,,,35008.0,,,,,,
1695000.0,,,,,,,,,,
,,,,,,,,,,
,,,,,,,,,,
,,,,,,,,,,
,,,,,,,,,,
,,,,,,,,,,
,,,,60392.0,,,,,1350.0,-3641.0
,,,,,,,,,,
,,,,,,,,,,
,,,,,,,,,,
,,,,,,,,,,
,,,,,,,,,,
,,,,,,,,,1320.0,
,,,,,,,,,,
,,,,,,,,,,
,,,,,,,,,,
,,,,,,,,,,
,,,,,,,,,,
,,,,,,,,,,
,,,,,,,,,,
,,,,,,,,,,
,,,,,,,,,,
,,,,215186.0,,,,,1660.0,73181.0
,,,,,,,,,,4699.0
,,,,,,,,,,
,,,,,,,,52787.0,,
,,,,,,,,,,
,,,,,,,,,,
,,,,,,,,,,
,,,,,,,,,,
,,,,,,,,,,
,,,,,,,,,,
,,,,,,,,,,
,,,,,,,,,,
,,,,,,,,,,
,,,,,,,,,,
2200000.0,,4.75,5990.0,,4050.0,1940.0,,,2660.0,-4360.0
,,,,59242.0,,,,,,19842.0
,,,4260.0,,4260.0,,,,,
,,,,,,,,,,3000.0
,,,,,,,96028.0,,,
,,,,,,,,,,-3382.0
,,,,,,,,,,
,,,,,,,,,,
,,,,,,,,,,
,,,,,,,,,,
,,,,,,,,,-1590.0,
,,,,191228.0,,,,,,104108.0
,,,,,,,,,,
,,,,24969.0,,,,,,9369.0
,,,,,,,,,,
,,,,,,,,,,
,,,,,,,,,,
,,,,,,,,,,
,,,,,,,,,,
,,,,,,,,,,
,,,,,,,,,,3123.0
,,,,,,,,,,3001.0
,,,,,,,,,,
,,,,,,,,,,
,,,,30144.0,,,,,,20004.0
,,,,,,,,,,
,,,,,,,,,,-2534.0
,,,,,,,,,,
,,,,,,,,,,
,,,,,,,,52787.0,,
,,,,,,,,,,
,,,,,,,,,,
,,,,,,,,,,
,,,,,,,,,,
,,,,,,,,,,
,,,,,,,,,,
,,,,,,,,,,
,,,,,,,,,,
,,,,,,,,,,
,,,,,,,,,,
,,,,,,,,,,
,,,,,,,,,,3102.0
,,,,,,,,,1560.0,
,,,,,,,,,,
,,,,,,,,,,
,,,,,,,,,,
,,,,,,,,,,
,6.0,,,,,,,,,
,,,,,,,,,,
,,,,,,,,,,
,,,,,,,,,,
,,,,,,,,,,
1202500.0,,,,28718.0,,,,,,-6303.0
,,,,,,,,,,
,,,4360.0,210254.0,,2040.0,,,1950.0,123134.0
,,,,,,,,,,
,,,,,,,,,,
,,,,,,,,,,
,,,,,,,,,,
,,,,,,,,,,
,,,,,,,,,,
,,,,,,,,,,-3920.0
,,,,,,,,,,
,,,,,,,,,,
1450000.0,,,,,,1800.0,,,,
,,,,,,,,,,
,,,,,,,,,,
,,,,,,,,,,
,,,,,,,,,,
,,,,,,,,,,
,6.0,,,,,,,,,
,,,,,,,,,,-3000.0
,,,,35438.0,,,,,,-16398.0
,,,,,,,,,,-2221.0
,,,,,,,,53799.0,,-4938.0
,,,,,,,,52787.0,,
,,,,,,,,,,
,,,,,,,,,,-5392.0
,,,,,,,,,,
,,,,,,,,,,
,,,,,,,,,,
,,,,,,,,,,
,,,,,,,,,,
,,,,30083.0,,,,,,18456.0
,,,,,,,,,,
,,,,,,,,,,
,,,,,,,,,,
,,,,,,,,,,
,,,,,,,,,,
,,,,22486.0,,,,,,
,,,,,,,,,,
,,,,,,,,,,
,,,,,,,,,,
,,,,,,,,,,
,,,,,,,,,,
,,,,,,,,,,
,,,,,,,,,,
,,,,,,,,,,8290.0
,,,,,,,,,,
,,,,,,,,,-1080.0,
,,,,,,,,,,
,,,,,,,,,,
1965220.0,,,4370.0,,,,,,1410.0,
,,,,,,,,,,
,,,,,,,,,,
,,,,,,,,,,
,,,,,,,,,,
,,,,,,,,,,
,,,,,,,,,,
,,,,,,,,,,
,,,,,,,,,,
,,,,,,,,,,4680.0
,,,,,,,,,,
,,,,,,,,,,
,,,,,,,,,,
,,,,,,,,,,
,,,,,,,,,,
,,,,,,,,,,
,,,,,,,,,,-2561.0
,,,,,,,,,,
,,,,,,,,,,
,,,,,,,,,,
1450000.0,,,,,,,,,,
,,,,33888.0,,,,,,14688.0
,,,,,,,,,,
,,,,,,,,,,
,,,,,,,,,,
,,,,,,,,,,
,,,,,,,,,,
,,,,,,,,,,
,,,,,,,,,,
,,,,,,,,,,
,,,,,,,,,,
,,,,,,,,,,
,,,,,,,,,,
,,,,39446.0,,,,,,27403.0
,,,,,,,,,,
,,,,,,,,,,
,,4.0,,,,,,,1420.0,
,,4.0,,,,,,,1420.0,
,,,,,,,,,,4997.0
,,,,,,,,,,
,,,,,,,,,,
,,4.0,,,,,,,,
,6.0,,,20620.0,,,,,-1020.0,10540.0
,,,,,,,,,,8000.0
,,,,37500.0,,,,,,31500.0
,,,,,,,,,,-2634.0
,,,,,,,,,,
,,,,,,,,,,
,,,,,,,,52787.0,,
,,,,,,,96028.0,,,
,,,,,,,,,,
,,,,,,,,,,
,,,,,,,,,,
,,,,25641.0,,,,,,
,,4.5,4440.0,,4440.0,,,,1720.0,
1436000.0,,,4970.0,,3930.0,,,,1390.0,3247.0
,,,,,,,,,,
,,,4940.0,,,1490.0,,,2510.0,
,,,,,,,,,,
,,,,,,,,,,
,,,,,,,,,,-2164.0
,,,,,,,,,,
,,,,,,,,,,
1580000.0,,,,20031.0,,,,53799.0,,
,,,,,,,,,,
,,,,,,,,,,
,,,,,,,,,,
2903000.0,,,,91681.0,3750.0,,,,,67388.0
,,,,,,,,,,
,,,,,,,,,,
,,,,,,,,,,
,,,,,,,,,,
,,,,,,,,,,
,,,,,,,,,,
,,,,,,,,,,
,,,,37642.0,,,,,,-16808.0
,,,,,,,,,,
,,3.75,,101494.0,,,96028.0,,,62858.0
,,,,,,,,,,3126.0
,,,,,,,,,,
,,,,,,,,,,
,,,,,,,,,,
,,,,,,,,,,
,,,,19193.0,,,,,,5773.0
,,,,,,,,,,
,,,,,,,,,,
,,,,,,,,,,
,,,,,,,,,,
,,,,,,,,,,2793.0
,,,,,,,,,,
,,,,,,,,,,
,,,,,,,,,,
,,,,41022.0,,,,,1260.0,19593.0
,,,,,,,,,,
,,,,,,,,,,4336.0
,,,,,,,,,,
,,,,,,,,,,3250.0
,,,,,,,,,1350.0,3896.0
,,,,,,,,,,
,,,,21562.0,,,,,,8886.0
,,,,21562.0,,,,,,8886.0
,,,,35000.0,,,,,,
,,,,,,,,,,
,,,,,,,,,,
,,,,,,,,,,
,,,,,,,,,,
,,,,,,,,,,
,,,,,,,,,,
,,,,,,,,,,
,,,,,,,,,,
,,,,,,,,,,
,,,,,,,,,,
,,,,,,,,,,
,,,,,,,,,,8000.0
,,,,,,,,,,
,,,,,,,,,,
,,,,,,,,,,
,,,,,,,,,,
,,,,56192.0,,,96028.0,,,11761.0
,,,,,,,,,,
,,,,,,,,,,-2750.0
,,,,,,,,52787.0,,
,,,,,,,,,,
,,,,,,1750.0,,,,4438.0
,,,,,,,,,,-2959.0
,,,,,,,,,,
,,,,,,,,,,
,,,,,,,,,,
,,,,,,,,,,
,,,,203860.0,,,,,1270.0,59677.0
1289000.0,,,,,,,,,1270.0,
,,,,,,,,,,4557.0
,,,,,,,,,,
,,,,,,,,,,
,,,,,,,,,,
,,,,34175.0,,,,,,
1153000.0,,,,,,,,,,
,,,,,,,,,,-2536.0
,,,,,,,,,,
,,,,,,,,,,
,,,,,,,,,,
,,,,,,,,,,
1339000.0,,3.75,,34689.0,,,,,,6091.0
,,,,,,,,,,
,,,,,,,,,,
,,,,,,,,,,
,,,,,,,,,,
,,,,,,,,,,
,,,,,,,,,,
,,,,,,,,,,2591.0
,,,,218235.0,,,,,,
,,,,,,,,,,-2675.0
,,,,,,,,,,
,,,,,,,,,,
,,,,,,,,,,
,,,,,,,,,,
,,,,52769.0,,,,,,
,,,,87991.0,,,,,,3691.0
,,,,,,,,,,
,,,,,,,,,,
,,,,,,,,,,
,,,,,,,,,,
,,,,,,,,,,
,,,,,,,,,,
1925000.0,,4.5,,,,,,,,
,,,,,,,,,,
1940000.0,,5.75,7220.0,223462.0,6220.0,,96028.0,,4540.0,215869.0
,,,,,,,,,,
,,,,,,,,,,
,,,,,,,,,,
,,,,,,,,,,
,,,,35255.0,,,,,,
,,,,,,,,,,
3650000.0,6.0,4.75,5480.0,19401.0,3910.0,1570.0,,,1970.0,3591.0
,,,,,,,,,,
,,,,,,,,,,
,,,,34527.0,,,,,,26594.0
1240000.0,,,,,,,,,,
,,,,,,,,,,
,,,,,,,,,,
,,,,,,,,,,
,,,,,,,,,,
,,,,,,,,,,
1339000.0,,,,,,,,,,
,,,,,,,,,,
,,,,97574.0,,,,,,70506.0
,,,,,,,,,1870.0,
,,,,,,,,,,-3310.0
,,,,,,,,,1110.0,
,,,,,,,,,,
,,,,,,,,,,
,,,,,,,,,,
,,,,,,,,,,
,,,,,,,,,,
,,,,,,,,,,
,,,,65340.0,,,,,,5737.0
,,,,,,,,,,
,,,,208737.0,,,,,,83720.0
,,,,,,,,,,
,,,,,,,,,,
,,,,,,,,,,3991.0
,,,,,,,,,,
,,,,,,,,,,
,,,,,,,,,,
,,,,,,,,,,
,,3.75,,,,,,,1880.0,
,,,,,,,,,,
,,,,,,,,,,
,,,,38258.0,,,,,,21145.0
,,,,,,,,,,
1350000.0,,,,,,,,53799.0,,4549.0
,,,,,,,,52787.0,,
,,,,,,,,,,
,,,,,,,,,,
,,,,,,,,,,
,,,,,,,,,,
,,,,42800.0,,,,,,31550.0
,,,,,,,,,,
,,,,,,,,,,-2955.0
,,,,,,,,,,
,,,,,,,,,,
,,,,,,,,,,
,,,,,,,,,,
,,,,,,,,,,
,,,,,,,,,,
,,,,,,,,,,
1337500.0,,,,21074.0,,,,,,
,1.0,,,,,,,,,
,,,,,,,,,,
,,,,,,,,,,
,,,,,,,,,,
,,,,,,,96028.0,,,
,,,,,,,,,,
,,,,,,,,,,
,,,,,,,,,,
,,,,,,,,,,
,,,,,,,,,,
,,,,,,,,,1390.0,
,,,,,,,,,,
,,,,,,,,,,
,,,,,,,,,,
,,,,,,,,,,
,,,,,,,,,2440.0,
,,,,,,,,,,
,,,,,,,,,,3049.0
,,,,,,,,,,
,,,,,,,,,,
,,,,,,,,,,
1349000.0,,,4740.0,,,,,,,
,,,,40887.0,,,,,,5187.0
,,,,,,,,,,
,,,,,,,,,,
,,,,,,,,,,
,,,,,,,,,,
,,,,,,,,,,2500.0
,,,,,,,,,,
,,,,,,,,,,
,,,,,,1420.0,,,,
1250000.0,,,,217800.0,,,96028.0,,,
,,,,,,,,,,
,,,,,,,,,,
,,,,,,,,,,
,,,,,,,,,,-5008.0
,,,,,,,,,,
,,,,,,,,,,
,,,,,,,,,,
,,,,,,,,,,
,,,,47502.0,,,,,,12392.0
,,,,41984.0,,,,,,4666.0
,,,,19876.0,,,,,,8377.0
,,,,,,,,,,
,,,,,,,,,,-3540.0
,,,,,,,,,,
,,,,20012.0,,,,,,
,,,,,,1460.0,,,,
,,,,,,,,,,
,,,,,,,,,,
,,,,,,,,,,
,,,4386.0,,,2030.0,,,1326.0,
,,,,,,,,,,
,,,,,,,,,,
,,,,,,,,,,2353.0
,,,,,,,,,2220.0,
,,,,,,,,,,
,,,,,,,,,,
,,,,,,,,,,
,,,,,,,,,,
,,,,,,,,,,
,,,,45738.0,,,,,,7182.0
,,,,,,,,,,
,,,,,,,,,,
,,,,,,,,,,
,,,,,,,,,,
,,,5440.0,239580.0,,2720.0,,,3470.0,199188.0
,,,,,,,,,,
,,,,28000.0,,,,,,-13817.0
,,,,28000.0,,,,,,-13817.0
,6.0,,,28535.0,,,,,1680.0,20285.0
,,,,,,,,,,
,,,,,,,,,,
,,,,,,,,,,
,,,,,,,,,,-3809.0
,,,,,,,,,,
,,,,,,,,,,
,,,,,,,,,,
,,,,,,,,,,
,,,,,,,,,,
,,,,,,,,,,
,,,,,,,,,,
,,,,27820.0,,,,,,7820.0
,,,,,,,,,,
,,,,,,,,,,
,,,,,,,,,,
,,,,,,,,,,-12197.0
,,,,,,,,,,
,,,,,,,,,1330.0,-13169.0
,,,,,,,,,,
,,,,,,,,,,
,,,,,,,,,,
,,,,,,,,,,
,,,,32757.0,,,,,,-2434.0
,,,,,,,,,,
,,,,,,,,,,
,,,,,,1720.0,,,1340.0,
,,,,,,,,,,
,,,,,,,,,,
,,,,,,,,,,
,,,,,,,,,,-4500.0
,,,,,,,,,,
,,,,,,,,,,
,,,,,,,,,,
,,,,,,,,,,
,,,,,,,,,,-8359.0
,,,,,,,,,1450.0,
,,,,,,,,,,-2160.0
1515000.0,,4.0,4500.0,,4500.0,,,,,
,,4.0,,,,,,,1490.0,
,,,,,,,,,,
,,,,,,,,,,
,,,,,,,,,,
,,,,,,,,,,
,,,,,,,,,,
,,,,,,,,,,
,,,,19800.0,,,,,,3400.0
,,,,,,,,,,
,,,,,,,,,,
,,,,,,,,,,
,,,,,,,,,,
,,,,,,,,,,
,,,,,,,,,,
,,,,,,,,,,
,,,,,,,,,,-2340.0
,,,,,,,,,,
,,,,,,,,,,
,,,,,,,,,,
,,,,28046.0,,,,,,
1998000.0,,,,920423.0,3900.0,,,,1180.0,508461.0
,,,,,,,,,,
,,,,,,,,,,
,,,,,,,,,,
,,,,,,,,,,
,,,,,,,,,,
,,,,,,,,,,
,,,,,,,,,,
,,,,,,,,,,
,,,,,,,,,,
,,,,,,,,,1250.0,
,,,,,,,,,,-3255.0
,,,,34947.0,,,,,,-4692.0
,,,,,,,,,,2420.0
,,,,,,,,,,
,,,,,,,,,,
,,,,,,,,,,
,,,,,,,,,,
,,,,,,,,,,
,,,,,,,,,,
,,,,,,,,,,
,,,,,,,,,,
,,,,,,,,,,
2650000.0,,,4700.0,,,,,,1490.0,
,,,,,,,,,,5715.0
,,,,,,,,,,
,,,,,,,,,,2660.0
,,,,,,,,,,
,,,,,,,,,,
,,,,,,,,,,
,,,,,,,,,,
,,,,,,,,,,
,,,,,,,,,,
,,,,,,,,,,
,,,,,,,,,,
,,,,,,,,,,
,,,,35009.0,,,,,,
,,,,,,,,,,
,,,,,,,,,,
,,,,,,,,,,
,,,,,,,,,,
,,,,,,,,,,
,,,,,,,,,,-2875.0
,,,,,,,,,,
,,,,26036.0,,,,,,4145.0
,,,,35271.0,,,,,,
,,,,,,,,,,
,,,,32109.0,,,,,,-3072.0
,,,,,,,,,,
1875000.0,,,,,3930.0,,,,2150.0,
,,,,,,,,,,
,,,,,,,,,,
,,,,,,,,,,
,,,,,,,,,,
,,,,,,,,,,
,,,,,,,,,-1140.0,-6715.0
,,,,,,,,,,
,,,,,,,,,,-2694.0
,,,,,,,,,,
,,,,,,,,,,-3294.0
,,,,,,,,,,
,,,,53143.0,,,,,,5227.0
,,,,,,,,,,2438.0
,,,,,,,,,,
,,,,,,,,,,
,,,,,,,,,,
,6.0,,,,,,,,,
,,,,,,,,,,
,,,,,,,,,,
,,,,,,,,,,
,,,,,,,,,,
1185000.0,,,,,,,,,,-2900.0
,,,,,,,,,,
,,,,,,,,,,
,,,,28703.0,,,,,-1520.0,21983.0
,,,,,,,,,,
,,,,,,,,,,
,,,,,,,,,1110.0,
,,,,,,,,,,
1335000.0,,,,,,,,52787.0,1140.0,
2700000.0,,,,,3831.0,,,53799.0,,-22763.0
,,,,,,,,,,
,,,,,,,,,,-2128.0
,,,,,,,,,,
,6.0,,,,,,,,,
,,,,,,,,,,
,,,,,,,,,,
1255000.0,,,,,,,,53799.0,,
,1.0,,,,,,,,,
,,,,,,,,,,2753.0
,,,,,,,,,,
,,,,,,,,,,
2250000.0,,,,,,,,52787.0,,-3600.0
,,,,,,,,,,2540.0
,,,,45860.0,,,,,,40840.0
,,,,,,,,,,
,,,,,,,,,,
,,,,,,,,,,
,,,,,,,,,,
,,,,,,,,,,
,,,,,,,,,,
,,,,,,,,,,
,,,,,,,,,,
1900000.0,,,,112521.0,4130.0,,,,,86374.0
,,,,,,,,,,
,,,,,,,,,,
,,,,,,,,,,
,,,,,,,,,,
,,,,,,,,,,
,,,,19900.0,,,,,,
,,,,,,,,,,-2500.0
,,,,,,,,,,
,,,,,,,,,,
,,,,,,,,,,
,,,,,,,,,1360.0,
,,,,,,,,,,
,,,,,,,,,,
,,,,,,,,,-2310.0,-11365.0
,,,,,,,,,,
,,,,,,,,,,
,,,,,,,,,,
,1.0,,,,,,,,,2424.0
,,,,,,,,,,
,,,,,,,,,,
,,,,,,,,,,
,,,,,,,,,,
,,,,,,,,,1200.0,
,,,,,,,,,,
,,,,,,,,,,
,,,,,,,,,,-7800.0
,,,,,,,,,,
,,,,,,,,,,
1430000.0,,,,,,,,,,
,,,,,,,,,,
,,,,,,,,,,4658.0
,,,,,,,,,,
,,,,,,,,,,
,,,,,,,,,,
,,,,,,,,,,
,,,,,,,,,,
,,,,,,,,,,5033.0
,,,,,,,,,,
,,,,,,,,,,
,,,,,,,,,,
,,,,,,,,,,
,,,,,,,,,1590.0,11408.0
,,,,,,,,,,
,,,,,,,,52787.0,-1490.0,-2300.0
,,,,,,,,,,
,,,,,,,,,,
,,,,,,,,,,
,,,,98445.0,,,,,,44431.0
,,,,,,,,,,
,,,,,,,,,,
,,,,45738.0,,,,,,13698.0
,,,,,,,,,,
,,,,40973.0,,,,,-1060.0,
,,,,,,,,,,
,,,,,,,,,,6576.0
,,,,,,,,,,
,,,,,,,,,,
,,,,,,,,,,
,,,,,,,,,,
,,,,,,,,,,
1437500.0,,3.75,4410.0,,4410.0,,,,2250.0,2631.0
,,,,,,,,,,
,,,,,,,,,,
,,,,,,,,,,
,,,,,,,,,,
,,,,,,,,,,
,,,,,,,,,,
,6.0,,,,,,,52787.0,,
,,,,,,,,,,
,,,,,,,,,,
,,,,,,,,,,
,,,,,,1420.0,,,1230.0,
,,,,219978.0,,,96028.0,,,131116.0
1555000.0,,,,,,,132665.0,81926.0,,
,,,,,,,,,,
,,,,,,,,,,
,,,,,,,,,,
,,,,,,,,,,
,6.0,,,,,,,,,
,,,,,,,,,,
,,,,,,,,,,3801.0
,,,,,,,,,,
,,,,,,,,,,3680.0
,,,,,,,,,,
,,,,,,,,,,
,,,,,,,,,,
,,,,,,,,,,
,,,,,,,,,,
,,,,,,,,,,-2541.0
,,,,,,,,,,
,,,,,,,,,,
,,,,,,,,,,
,,,,,,,,,,
,,,,,,,,,,
,,,,,,,,,,
,,,,,,,,,,-2126.0
,,,,,,,,,-1170.0,
,,,,,,,,,,
,,,,,,,,,,
,,,,,,,,,,
,,,,,,,,,,
,,,,,,,,,,
,,,,,,,,,,
,,,,,,,,,,2726.0
,,,,,,,,,,
,,,,,,,,,1120.0,-13887.0
,,,,,,,,,,
,,,,,,,,,,
,,,,,,,,,,
,,,,,,,,,,
,,,,25663.0,,,,,,
,,,4240.0,25639.0,,,,,,
,,,,,,,,,,
,,,,,,,,,1300.0,2436.0
,,,,,,,,,,
,,,,,,,,,,
,,,,36893.0,,,,,,
,,,4470.0,86225.0,4470.0,,96028.0,,,-10824.0
,,,,,,,,,,
,,,,,,,,,,
,,,,,,,,,,-3284.0
1370000.0,,,,,,1660.0,,53799.0,,5093.0
,,,,,,,,,,
,,,,,,,,,,
,,,,,,,,,,-2588.0
,,,,,,1610.0,,,1170.0,
,,,,,,,,,,
,,,,,,,,,,
,,,,,,,,,,-3037.0
,,,,,,,,,,
,,,,38095.0,,,96028.0,,,
,,,,,,,,,,
,,,,,,,,,,
,,,,,,,,,,
,,,,41688.0,,,96028.0,,,3768.0
,,4.25,4650.0,108464.0,,,,,1840.0,-47045.0
,,,,,,,,,,
,,,,,,,,,,
,,,,50112.0,,,,,,5145.0
,,,,71191.0,,,,,,55813.0
,,,,119790.0,,,,,,40582.0
,,,,,,,,,,4925.0
,,,,,,,,,,
,,,,,,,,,,
,,,,,,,,,,
,,,,,,,,,,
,,,,66646.0,,,,,,27856.0
,,,,,,,,,,
,,,,,,,,,,
,,,,,,,,,,
,,,,20562.0,,,,,,
,,,,,,,,,,
,,,,,,,,,,
,,,,,,,,,,
,,,,,,,,,,3240.0
,,,,,,,,,,
,,,,,,,,,,
1488000.0,,4.25,5180.0,,4280.0,,,,,
,,,,,,,,,,
,,,,,,,,,,
,,,,,,,,,,
,,,,,,,,,,
,,,,,,,,,,
,,,,,,,,,,
1395000.0,,,,,,,,,1400.0,2382.0
,,,,,,,,,,
,,,,,,,,,,
1580000.0,,,,,,,,,1810.0,
,,,,,,,,,,
,,,,,,,,,,
,,,,209199.0,,,,,,-10030.0
,,,,,,,,,1670.0,
,,,,,,,,,,
,,,,,,,,,,6000.0
,,,,,,,,,,
,,,,21904.0,,,,,,-7266.0
,,,,52567.0,,,,,,5891.0
,,,,,,1460.0,,,,2386.0
,,,,,,,,,,
,,,,,,,,,,
,,,,,,,,,,
,,,,,,,,,,
,,,,,,,,,,
,,,,,,,,,,
,,,,,,,,,,
,,,,,,,,,,
,,,,,,,,,,
1155000.0,,,,,,,,,,-8408.0
,,,,,,,,,,3188.0
1210000.0,,3.75,5400.0,24740.0,5400.0,,96028.0,,3710.0,4740.0
,,,,,,,,,,
,,,,,,,,,,
,,,,,,,,,,
,,,,,,,,,,
,,,,,,,,,,
,,,,,,,,,,
,,,,,,,,,1220.0,
,,,,,,,,,,
,,,,,,,,,,
1295650.0,0.0,0.0,4810.0,28008.0,4810.0,,96028.0,,,-7053.0
,,,,,,,,,,
,,,,,,,,,,
,,,,,,,,,,
,,,,,,,,,,
,,,,,,,,,,3412.0
,,,,87120.0,,1500.0,,,,
,,,,,,,,,,
2175000.0,,,4750.0,21701.0,4750.0,,,,1630.0,3150.0
,,,,,,,,,,
,,,,,,,,,,-2550.0
,,,,,,,,,,4956.0
,,,,,,,,,,
,,,,,,,,,,
1387000.0,,4.5,4490.0,24767.0,3800.0,,,,1120.0,-7933.0
,,,,,,,,,,
,,,,,,,,,,
,,,,,,,,,,
,,,,,,,,,,
,,,,47480.0,,,,,,4680.0
,,,,,,,,,,
,,,,,,,,,,
,,,,,,,,,,
,1.0,,,,,,96028.0,,-1400.0,-6945.0
,,,,,,,,,,
,,,,,,,,,,
,,,,,,,,,,
,,,,,,,,,,
,,,,,,,,,,
,7.0,,,,,,,,,
,,,,,,,,,,
,,,,,,,,,,
,,,,,,,,,,
,,,,,,,,,,
,,,,,,,,,,
,,,,,,,,,,-12630.0
,,,,60113.0,,,,,,32671.0
,,,,,,,,,,-2516.0
,,,,,,,,,,6250.0
,,,,,,,,,,
,,,,,,,,,,
3800000.0,,5.5,7050.0,42840.0,4320.0,2730.0,,,1980.0,22270.0
,,,,,,,,,,
,,,,82328.0,,,,,,-123275.0
,,,,,,,,,,
,,,,,,,,,,
,,,,,,,,,,
,,,,,,,,,,
,,,,,,,,,,-2695.0
,,,,,,,,,,
,,,,23962.0,,,,,,-8378.0
,,,,,,,,,,
,,,,19487.0,,,,,,
,,,,,,,,,,-2100.0
,,,,,,,,,,
,,,,,,,,,,
,,,,,,,,,,
,,,,,,,,,,
,,,,,,1720.0,,,,
,,,,,,,,,,
,,,,,,,,,,
,,,,,,,,,,-3462.0
,,,,,,,,,,
,,,,,,,,,,
,,,,,,,,,,
,,,,231739.0,,,,,,140699.0
,,,,,,,,,,
,,,,,,,,,,
,,,,,,,,52787.0,,
,,,,,,,,,,
1500000.0,,,,,,,,,,-2401.0
,,,,20277.0,,,,,,4837.0
,,,,,,,,,,2460.0
,,,,,,,,,,
,,,,,,,,,-2080.0,2494.0
,,,,,,,,,,2579.0
,,,,256132.0,,,96028.0,,,38332.0
,,,,,,,,,,
,,,,,,,,,,
,,,,,,,,,,
,,,,,,,,,,
,,,,,,,,,,
,,4.0,,,,,,,,-2500.0
1650000.0,,,,881654.0,3920.0,,,,,769270.0
,,,,,,,,,,3558.0
,,,,,,,,,,
,,,,,,,,,,
,,,,,,1440.0,,,,
,6.0,,,,,,,,,
,,,,23760.0,,,,,,-12960.0
,,,,,,,,,,
,,,,,,,,,,
,,,,,,,,,,
,,,,,,,,,,
,,,,,,,,,,-2296.0
,,,,,,,,,,4500.0
,,,,,,,,,,
,,,,,,,,,,-2112.0
,,,,,,,,,,
,,,,,,,,,,-76511.0
,,,,,,,,,,
,,,,,,,,,,
,,,,,,,,,,
,,,,,,,,,,
,,,,,,,,,,
,,,,,,,,,,
,,,,,,,,,,
,,,,,,,,,,
,,,,,,,,,,
,,,,,,,,,,
,,,,,,,,,,
,,,,,,,,,,
,,,,,,,,,,
,,,,,,,,,,
,,,,,,,,,,
,,,,,,,,,,
,,,,,,,,,,
,,,,,,,,,,
,,,,,,,,,,
,,,,,,,,,,
,,,,,,,,,,
,,,,,,,,,,
,,,,,,,,,,
,,,,,,,,,-1020.0,
,6.0,,,,,,,,,
,,,,,,,,,,
,,,4370.0,37193.0,,1590.0,,,1510.0,-2163.0
,,,,,,,,,,
,,,,,,,,,,5956.0
,,,,,,,,,,
,,,,,,,,,-1380.0,-6598.0
,,,,,,,,,,
,,,,,,,,,,
1735000.0,,,4870.0,,,,,,1650.0,
,,,,38794.0,,,,,,-12606.0
,,,,,,,,,,
,,,,19877.0,,,,,1280.0,
,,,,,,,,,-1450.0,-3801.0
,,,,,,,,53799.0,,
,,,,,,,,,,
,,,,131551.0,,,,,,23523.0
1430000.0,,,,,,,,,,
,,,,,,,,,,
,,,,,,,,,,
,,,,,,,,,1200.0,
,,,,,,,,,,
,,,,,,,,,,-2919.0
,,,,,,,,,,
,,,,,,,,,,
,,,,,,,,,,
,,,,,,,,,,
,,,,,,,,,,
,,,,,,,,,,2880.0
,,,,,,,,,,
,,,,,,,,,,
,6.0,,,,,,,,,3420.0
,,,,20954.0,,,,,,11202.0
,,,,,,,,,,
,,,,,,,,,,
,,,,,,,,,,
,,,,,,1480.0,,,,2367.0
,,,,,,,,,,
,,,,,,,,,,
,,,,,,,,,,
,,,,76877.0,,,,,,42029.0
,,,,,,,,,,
,,4.5,,,,,,,1450.0,
,,,,,,,,,,
,,,,,,,,,,
,,,,,,,,,,
,,,,,,,,,,
,,,,,,,,,,
,,,,,,,,,,
,,,,,,,,,,
,,,,,,,,,,
,,,,,,,,,,-6900.0
,,,,,,,,,,
,,,,,,,,,,
1255000.0,,,,,,,,,1550.0,
,,,,,,,,,,
,,,,,,,,,,
,,,,,,,,,,-3461.0
,,,,,,,,,,
,,,,,,,,,,
,,,,,,,,,,
,,,,,,,,,,
,,,,,,,,,,
,,,,,,,,,,
,,,,,,,,,,-12563.0
,,,,,,,,,,
,,,,,,,,,,
,,,,,,,,,,
,,,,,,,,,,
,,,,,,,,,,
,,,,,,,,,,
,,,,,,,,,,
,,,,,,,,,,
3200000.0,7.0,4.5,6210.0,,4760.0,1450.0,,,3270.0,3456.0
,,,,,,,,,,
,,,,,,,,,,-2386.0
,,,,,,,,,,
,,,,,,,,,,
,,,,,,,,,,
,,,,,,,,,,
,,,,45738.0,,,,,,-10890.0
,,,,,,,,,,
1300000.0,,4.0,4270.0,,,,,,,
,,,,,,,,,,
,,4.5,,,,,,,,
,,,,,,,,,,
,,,,,,,,,,
,,,,,,,,,,
,,,,,,,,,,
,,,,46786.0,,,,,,
,,,,,,,,,,
,,,,,,,,,,
,,,,34040.0,,,,,,8839.0
,,,,,,,,,,
,,,,,,,,,,5063.0
,,,,,,,,,,
,,,,,,,,,,
,,,,,,,,,,
,,,,48788.0,,1420.0,,,,33888.0
,,,,,,,,,,
,,,,,,,,,,
,,,,,,,,,,
,,,,,,,,,,
,,,,,,,,,,
,,,,20181.0,,,,,,9701.0
,,,,57499.0,,1840.0,,,1160.0,31127.0
,,,,,,,,,,3377.0
,,,,,,,,,,
,,,,,,,,,,
,,,,,,,,,,-3750.0
,,,,,,,,,,
,,,,,,,,,-1050.0,-2400.0
,,,,,,,,,,
1490000.0,,,,,,,,,,
,,,,,,,,,,
,,,,,,,,,,
,,,,,,,,,,
,,,,,,,,,,
1400000.0,,4.25,,,,,,,1580.0,
,,,,,,,,,,
,,,,,,,,,,
,,,,,,,,,,4838.0
,,,,43124.0,,,,,,28447.0
,,,,,,,,,,
,,,,,,,,,,
,,,,,,,,,,
,,,,,,,,,,
,,,,,,,,,,
,,,,,,,,,,
,,,,,,,,,,
,,,,,,,,,,
,,,,,,,,,,
,,,,438213.0,,,,,1630.0,293594.0
,,,,,,,,,,
7700000.0,6.0,8.0,12050.0,27600.0,8570.0,3480.0,,,8110.0,18800.0
,,,,,,,,,,3779.0
,,,,,,,,52787.0,2370.0,
,,,,,,,,,,
,,,,,,,,,,
,,,,,,,,,,
,,,,,,,,,,
,,,,,,,,,,
,,,,,,,,,,
,1.0,,,,,,,,,-3465.0
,,,,,,,,,,
,,,,,,,,,,
,,,,,,,,,,
,,,,,,,,,,6868.0
,,,,,,,,,,
,,,,,,,,,,2807.0
,,,,,,,,,-1050.0,6452.0
1615000.0,,,4250.0,,,,,,,
1450000.0,,,4360.0,24603.0,4360.0,,,,,-2918.0
1200000.0,,,,,,,,,,
,,3.75,4260.0,,4260.0,,,,2310.0,
,,,,,,,,,,
,,,,,,,,,,
,,,,,,,,,,
,,,,,,,,,,
,,,,,,,,,,
,,,,,,,,,,
,,,,,,,,,,3734.0
,6.0,4.25,5480.0,189050.0,5140.0,,,,3010.0,178621.0
,,,,217800.0,,,,,,
,,,,187313.0,,,,,,138091.0
1160000.0,,,,,,,,52787.0,,
,,,,,,,,,,
,,,,,,,,,,2975.0
,,,,,,,,,1110.0,
,,,,,,,,,,
,,,,,,,,,,
,,,,,,,,,,
,,,,,,,,,,
,,,,,,,,,,
,,,,47958.0,,,,,,11941.0
,,,,,,,,,,
,,,,577605.0,,,,,,218671.0
,,,,,,,,,,-2790.0
,,,,,,,,,,
,,,,,,,,,,
,,,,,,,,,,
,,,,,,,,,,
,,,,,,,,,,
,,,,,,,,,,
,,,,,,,,,,
,,,,,,,,,,
,,,,,,,,,,
,,,,,,,,,,
,,,,,,,,,,
,,,,,,,,,,
,,,,,,,,,,
,,,,,,,,,,
,,,,,,,,,,
2500000.0,,4.0,,24354.0,,,,,,
,,,,,,,,,,-2380.0
3100000.0,,,,,3920.0,,,53799.0,,
,,,,,,,,,-1200.0,-4674.0
,,,,,,,,,,
,,,,,,,,,,
,,,,,,,,,,
,,,,,,,,,,
,,,,,,,,,,
,,,,,,,,,,4958.0
,,,,,,,,,1140.0,
,,,,,,,,,,
,,,,,,,,,,
,,,,,,,,,,
,,,,,,,,,,
,,,,,,,,,,2771.0
,,,,,,,,,,
,,,,37089.0,,,,,,
,,,,47916.0,,,96028.0,,,23916.0
1245000.0,,,,,,,,,,
,,,,,,,,,,
,,,,,,,,,,
,,,,78408.0,,,,,,48436.0
,,,,,,,,,,
,,,,,,,,,,
,,,,,,,,,,
,,,,,,,,,,
,,,,,,,,,,
,,,,,,,,,,
,,,,,,,,,,
,,,4530.0,258746.0,,,,,,175547.0
,,,,,,,,,,
1535000.0,,,,,,,,,,
,,,,,,,,,,5221.0
,,,,,,,,,,
1525000.0,,3.75,5850.0,35070.0,4410.0,1440.0,,,,
,,,,,,,,,,
,,,,,,,96028.0,,,
,,,,,,,,,,
,,,,,,,,,,
,,,,,,,,,,
,,,,,,,,,,
,,,,,,,,,,
,,,,,,,,,,
,,,,,,,,,,
,,,,,,,,,,
,,,,,,,,,,
,,,,,,,,,,
,,,,,,,,,,-3361.0
,,,,,,,,,-1260.0,
,,,,23891.0,,,96028.0,,,-10814.0
,,,,,,,,,,
,,,,,,,,,,
,,,,123600.0,,,96028.0,,,
,,,,,,,,,,
1150000.0,,,,,,,,,,2725.0
,,,,,,,,,,
,,,,,,,,,,
,,,,,,,,,,
,,,,19370.0,,,,,,8245.0
,,,,,,,,,,
,6.0,,,,,,,,,
,,,,,,,,,,2587.0
,,,,,,,,,,
,1.0,,,,,,,,,
,,,,,,,,,-1880.0,
,,,,,,,,,,
,,,,,,,,,,
,,,,,,,,,,
,,,,,,,,,,
,,,,,,,,,,3300.0
,,,,,,,,,,
,,,,,,,,,,
,,,,,,,,,,
,,,,,,,,,,-2679.0
,,,,,,,,,,
1775000.0,,,,,,,,,,
,,,,,,,,,,
,,,,,,,,,,
,,,,31747.0,4230.0,,,,,-3829.0
1184000.0,,,,,,,,,,
,,,,,,,,,,-3049.0
,,,,,,,,,,
,,,,,,,,53799.0,,
,,,,,,,,,,
,,,,,,,,,,
,,,,,,,,,,
,,,,51354.0,,,,,,14312.0
,,,,,,,,,,
,,,,,,,,,,
,,,,,,,,,,-3000.0
,,,,,,,,,,
,,,,,,,,,,
1600000.0,,,4280.0,,4280.0,,,,1920.0,
,,,,,,,,,,
,,,,,,,,,,
,,,,,,,,,,
,,,,,,,,,,
,,,,,,,,,,
,,,,,,,,,,
,,,,44866.0,,,,,,
,,,,,,1540.0,,,1400.0,
,,,,,,,,,,
,,,,,,,,,,
1975000.0,6.0,4.5,4800.0,,,,,52787.0,2620.0,3060.0
,,,,,,,,,,
,,,,,,,,,,-3791.0
,,,,,,,,,,
,,,,,,,,,,4746.0
,,,,,,,,,,3325.0
,,,,,,,,,,
,,,,,,,,,,
,,,,,,,,,1560.0,
,,,,,,,,,,
,,,,25993.0,,,,,,13321.0
1393000.0,,,4240.0,21578.0,,,,53799.0,1120.0,5138.0
,,,,49149.0,,,,,,-12270.0
1248000.0,,,,,,,,,,-2357.0
,,,,,,,,,,
,,,,,,,,,,
,,,,,,,,,,2654.0
2575000.0,,,,,,,,52787.0,1230.0,
1600000.0,,,,20925.0,,,,53799.0,,2604.0
,,,,,,,,,,
,,,,31314.0,,,,,,16126.0
1310000.0,,,,,,1790.0,,,,6200.0
,,,,,,,,,,
,,,,49658.0,,,,,1110.0,-71439.0
,,,,,,,,,,
,,3.75,,,,,,,,-4108.0
,,,,,,,,,,
,,,,,,,,,,5258.0
,,,,,,,,,,
,,,,,,,,,,
,,,,,,,,,,
,,,,,,,,,,
,,,,,,,,,,
,,,,,,,,,,
,,,,,,,,,,
,,,,,,,,,,
,,,,,,,,,-1340.0,
,,,,,,,,,,
,,,,,,,,,,
,,,,,,,,,,
,,,,49044.0,,,,,,10854.0
,,,,39449.0,,,,,,3732.0
,,,,,,,,,,
1300000.0,,,4380.0,74052.0,4380.0,,96028.0,,,11761.0
,,,,,,,,,,
,,,,,,,,,,
1170000.0,,,,,,1490.0,,53799.0,,
,,,,,,,,,-1040.0,
,,,,,,,,,,
,,,,,,,,,,
,,,,,,,,,,
,,,,,,,,,1250.0,
,,,,,,,,,,
,,,,,,,,,,
,,,,,,,,,,
,,,,,,,,,,3340.0
,,,,,,,,,,
,,,,,,,,,,3446.0
,,,,,,,,,,
,,,,,,,,,,
,,,,,,,,,,-6046.0
,,,,,,,,52787.0,,
,,,,,,,,,,
,,,,,,,,,,3433.0
,,,,,,,,,,
,,,,,,,,,,
,,,,,,,,,,
,,,,,,1540.0,,,1530.0,
,,,,,,,,,,-6644.0
,,,,,,,,,,
,,,,,,,,,,
,,,,,,,,,,
,,,,198198.0,,,,,,18731.0
,,,,,,,,,,
,,,,,,,,,,
,,,,,,,,,-1300.0,
,,,,,,,,,,
,,,,,,,,,,
1605000.0,,,,,,1680.0,,53799.0,,5339.0
,,,,,,,,,,
,,,,,,,,,,
,,,4320.0,107157.0,,2160.0,,,1840.0,
,,,,,,,,,,
,,,,,,,,,,
,,,,,,,,,,
,,,,,,,,,,
1398000.0,,,,,,,132665.0,81926.0,,-2945.0
,,,,,,,,,,3261.0
,,,,,,,,,,
,,,,,,,,,,
,,,,,,,,,,5144.0
2500000.0,,,,,,,,,,
,,,,,,,,,,
,,,,,,,,,,
,,,,,,,,,,
,,,,,,,,,,
,,,,,,,,,,
,,,,54707.0,,,,,1130.0,
,,,,,,,,,,
,,,,,,,,,,
,,,,,,,,,,
,,,,196995.0,,,,,,104572.0
,,,,,,,,,,-2337.0
,,,,100188.0,,,,,,59773.0
,,,,,,,,,,
,,,,,,,,,,
,,,,,,,,,,
,,,,,,,,,,
,,,,,,,,,,
,,,,,,,,,,
,,,,,,,,,,
,,,,,,,,,,
,,,,,,,,,,
,,,,,,,,,,
,,,,,,,,,,
,,,,,,,,,,3739.0
,,,,,,,,,,-3718.0
,,,,,,,,,,
,,,,,,,,,-1080.0,
,,,,,,,,,,
,,,,,,,,,,
1320000.0,,,,,,,,,,
,,,,,,,,,,
,,,,,,,,,,
,,,,,,,,52787.0,,
,,,,,,,,,,
,,,,,,1430.0,,,,-5817.0
,,,,,,,,52787.0,1210.0,
,,,,,,,,,,
,,,,,,,,,,
,,4.5,5250.0,48352.0,5250.0,,,,2750.0,
,,,,,,,,,,
,,,,,,,,,,
,,,,,,,,52787.0,,
,,,,,,,,,,
1485000.0,,,,,,,,,1240.0,
,,,,,,,,,,
,,,,219527.0,,,,,,110627.0
,,,,,,,,,,
,,,,,,,,,,
,,,,,,,,,,
,,,,,,,,,,
,,,,,,,,,,
,,,,,,,,,,
,,,,,,,,,,
,,,,,,,,,,
,,,,,,,,,,
,,,,,,,,,,
,,,,,,,,,,
,,,,,,,,,,
,,,,,,,,,,
,,,,,,1690.0,,,1490.0,
,,,,,,,,,,
,,,,,,,,,,
,,,,,,,,,,
,,,,,,,,,,-26932.0
,,,,,,,,,,
,,,,,,,,,,
,,,,,,,,,,
,,,,47480.0,,,96028.0,,,-59242.0
,,,,,,,,,,
,,,,,,,,,,4504.0
,,,,,,,,,,
1700000.0,,,4330.0,,,,,53799.0,,
1146800.0,,,,,4210.0,,,,,
,,,,,,,,,,
,,,,,,,,,,
,,,,,,,,,,
,,,,,,,,,,
,,,,,,,,,,
,,,,,,,,,,
,,,,,,,,,,
,,,,,,,,,,-3749.0
,,,,,,,,,,
,,,,,,,,,,
,,,,,,,,,,
,,,,,,,,,,3363.0
,,,,,,,,,,
,,,,,,,,,,3085.0
,,,,,,,96028.0,,,3054.0
,,,,,,,,,,
,,,,,,,,,,
,,,,,,,,,,
,,,,,,,,,,-2820.0
,,,,,,,,,,
,,,,,,,,,,-3520.0
,,,,,,1450.0,,,,6300.0
,,,,,,,,,,
,,,,,,,,,,4670.0
,,,,,,,,,,
,,,,,,,,,,
,,,,,,,,,-1400.0,-2400.0
,,,,,,,,,,
,,,,,,1650.0,,,,
,,,,,,,,,,
,,,,,,,,,,3000.0
,,,,,,,,,,
,,,,,,,,,,
,,,,,,,,,,
,,,,,,,,,,7809.0
,,,,,,,,,,-3493.0
,,,,,,,,,,
,,,,,,,,,,5600.0
,,,,,,,,,,
,1.0,,,,,,,,,3529.0
,,,,,,,,,,
,,,,,,,,,,
,,,,,,,,,,
,,,,,,,,,,
,,,,,,,,,,
,,,,,,,,,,
,,,,,,,,,,
,,,,,,,,,,
,,,,,,,,,,
,,,,,,,,,,3061.0
,,,,,,,,,,
,,,,,,,,,,
,,,,19500.0,,,,,,
,,,,,,,96028.0,,,
,,,,,,,,,,
,,,,,,,,,,
,1.0,,,77603.0,,,,,,46756.0
,,,,,,,,,,-2739.0
,6.0,,,,,,,,,
,,,,,,,,,,
,,,,,,,,,,2591.0
,,,,,,,,,,
,,,,,,,,,,
,,,,,,,,,,
1445000.0,,,,,,,,,,
,,,,,,,,,,
,,,,30480.0,,,,,,21566.0
,,,,1074218.0,,,,,,1005393.0
,,,,,,,,,,
,,,,35075.0,,,,,,
,,,,,,,,,,9265.0
,6.0,4.5,,,,,,,,
2538000.0,,,4350.0,,,,,52787.0,,
,,,,145054.0,,,,,1320.0,49104.0
,,,,,,,,,,
,,,,,3880.0,,96028.0,,1260.0,9725.0
,,,,,,,,,,
,,,,,,,,,,
,,,,,,,,,,
,,,,22098.0,,,,,,
,,,,,,,,,,
,,,,,,,,,,
,,,,,,,,,,
1270000.0,,,,,,1700.0,,,2060.0,
,,,,145490.0,,,,,,133880.0
,,,,,,,,,,
,,,,,,,,,,-2375.0
,,,,,,,,,-1280.0,-3061.0
1465000.0,6.0,4.5,,,,1870.0,,,,2335.0
,,,,,,,,52787.0,,
,,,,,,,96028.0,,,4546.0
,,,,,,,,,,
,,,,19210.0,,,,,,4741.0
,,,,38088.0,,,96028.0,,1400.0,
,,,,,,,,,,
,,,,,,,,,,
,,,,19969.0,,,,,,12007.0
,,,,,,,,,,2608.0
,,,,,,,,,,
,,,,,,,,,,
,,,,,,,,,,
,6.0,4.0,5330.0,,3950.0,,,,,
,,,,,,,,,,
,,,,,,,,,,
,,,,,,,,,,
,,,,,,,,,,
,,,,,,,,,,
,,,,,,,,,,
,,,,,,,,,,
,,,,,,,,,,
,,,,,,,,,,2790.0
,,,,,,,,,,
,,,,,,,,,,
,,,,,,,,,,
,,,,27000.0,,,,,,12814.0
,,,,,,,,,,
,,,,,,,,,,
,,,,48351.0,,,,,,-4792.0
,,,,70131.0,,,,,,-46609.0
,,,,,,,,,,
2150000.0,,,,,,,,,,-2265.0
,,,,,,,,,,
,,,,,,,,,,
,,,,,,,,,,
,,,,,,,,,,
,,,,,,,,,,
,,,,,,,,,,
,,,,,,,,,,
,,,,,,,,,,
,,,,,,,,,,
,,4.25,,,,,,,1380.0,4127.0
,,,,,,,,,,
,,,,,3750.0,,,,,4822.0
,,,,,,,,,,
,,,,,,,,,,
,,,,,,,,,,
,,,,,,,,,-1260.0,6408.0
,,,,,,,,,,
,,,,,,,,,,
,,,,24650.0,,,,,,5185.0
,,,,,,,,,,3199.0
,,,,,,,,,,
,,,,,,,,,,
,6.0,,,,,,,,,
,,,,,,,,,,
,1.0,,,,,,,,,
,,,,,,,,,1200.0,
,,,,,,,,,,
,,,,,,,,,,2569.0
,,,,,,,,,,
1250000.0,,,,,,,,,,
,,,,38448.0,,,96028.0,,,
,,,,,,,,,,
,,,,,,,,,,
,,,,,,,,,,
,,,,,,,,,,
,,,,,,,,,,
,,,,,,,,,,
,,,,,,,,,1200.0,
,,,,,,,,,,
,,,,,,,,,,
,,,,27505.0,,,,,,11105.0
,,,,,,,,,,
,,,,,,,,,,
,,,,,,,,,,
,,,,,,,,,,
,,,,55756.0,,,,,,43011.0
,,,,,,,,53799.0,,
,,,,21780.0,,,,,,-23958.0
,,,,,,,,,,
,,,,,,,,,,-3431.0
,,,,,,,,,,-4128.0
,,,,,,,,,,
,,,,,,,,,,8065.0
,,,,,,,,,,
,,,,,,,,,,
,,,,,,,,,,
,,,,,,,,,,
,,,,67269.0,,,,,,51270.0
,,,,,,,,,,
,,,,,,,,,,
,,,,,,,,,,2682.0
,,,,,,,,,,
,,,,,,,,,,
,,,,68824.0,,,,,,28924.0
,,,,34000.0,,,,,,
,,,,,,,,,,2332.0
,,,,,,,,,,
,,,,,,,,,,
,,,,1024068.0,4030.0,,,,2200.0,1012368.0
,,,,,,,,,,
,,,,,,,,,,
,,,,,,,,,,
,,,,,,,,,,
,,,,,,,,,,
,,,,,,,,,,
,1.0,,,,,,,,,
,,,,,,,,,,
,,,,,,,,,,
1150000.0,,,,24437.0,,,,,,12460.0
,,,,30056.0,,,,,,
,,,,,,,,,,
,,,,,,,,,,
,,,,,,,,,,
,,,,,,,,,,-3866.0
,,,,,,,,,,
,,,,,,,,,,
,,,,223898.0,,,,,,-6970.0
,,,,,,,,,,
,,,,,,,,,,
,,,,,,,,,,
,,,,,,,,,,
,,,,,,,,,,3996.0
,,,,,,,,,,3996.0
,,,,,,,,,1510.0,
,,,,,,,,,,
,,,,43093.0,,,,,1510.0,
,,,,,,,,,,
,,,,,,,,,,3423.0
,,,,,,,,,,
,,,,,,,,,,
,,,,,,,,,,
,,,,,,,,,,-2488.0
,,,,,,,,,,
,,,,,,,,,,
,,,,,,,,,,
,,,,,,,,,,
,,,,,,,,,,
,,,,,,,,,,-2327.0
,,,,,,,,,,
,,,,,,,,,,
,,,,215622.0,,,,,,
,,,,,,,,,,
1450000.0,,,,,,,,,,
,,,,24330.0,,,,,,8102.0
,,,,,,,,,,6180.0
,,,,,,,,,,
,,,,,,,,,,
,,,,,,,,,,
,,,,,,,,,,
,,,,,,,,,,
,,,,,,,,,,
,,,,,,,,,,
,,,,,,,,,,
,,,,,,,,,,
,,,,,,,,,,
,,,,,,,,,,-2423.0
,,,,25248.0,,,,,,
,,,,,,,,,,
,,,,,,,,,,
,,,,,,,,,2090.0,2875.0
,,,,,,,,,,
,,,,22605.0,,,,,,12390.0
,,,,263538.0,3970.0,,,,,68862.0
,,,,,,,,,,-2360.0
,,,,,,,,,,
,,,,,,,,,,
,,,,,,,,,,
,,,,,,,,,,
,,,,,,,,,,
,,,,,,,,,,
,,,,,,,,,,
,,,,,,,,,,
,,,,,,,,,,
1646000.0,6.0,,,,,1920.0,,,,
1212500.0,,,4560.0,,,2330.0,,,,
1200000.0,,,4560.0,,,2330.0,,,,
,,,,,,,,,,
,,,,,,,,,,
,,,,,,,,,,
,6.0,,,,,,,,,
,,,,,,,,,,
,,,,,,,,,,
,,,,,,,,,,
,,,,,,,,,1460.0,2919.0
,,,,,,,,,,
,,,,90968.0,,1690.0,,,,48228.0
,,,,,,,,,,
,,,,,,,,,,
,,,,,,,,,,-2260.0
,,,,,,1480.0,,,1500.0,
,,,,,,,,,,
,,,,,,,,,,
,,,,49658.0,,,,,,14498.0
,,,,,,,,,,
,,,,,,,,,,
,,,,,,,,,-1260.0,2500.0
,,,,,,,,,,
1150000.0,,,4540.0,19767.0,4200.0,,,,,6886.0
,,,,,,,,,,
,,,,,,,96028.0,,,
,,,,,,,,,,
,,,,37200.0,,,,,,17200.0
,,,,,,,,,,
,,,,,,,,,,
,,,,,,,,,,
,,,,,,,96028.0,,,
,,,,,,,,,,
,,,,,,,,,,
,,,,,,,,,,
,,,,,,,,,,
,,,,33825.0,,,,,,19341.0
,,,,,,,,,,2866.0
,,,,,4140.0,,,,,
,,,,,,,,,,
,,,,,,,,52787.0,,
1900000.0,,,,,,,,53799.0,,
,,,,,,,,,,
,,,,,,,,,,
,,,,,,,,,,
,,,,,,,,,,
,,,,,,,,,,8281.0
,,,,,,,,,,
,,,,,,,,,,
,,,,,,,,,,
,,,,,,,,,,
,,,,,,,,,,-14168.0
,,,,,,,,,,
,,,,,,,,,,
,,,,,,,,,,
,,,,,,,,,,
,,,,,,,,,,5259.0
,,,,,,,,,,
,,,,,,,,,,
,,,,,,,,,,4800.0
,,,,,,,,,,
,,,,,,,,,,-2124.0
3200000.0,6.0,5.0,7100.0,,5240.0,1860.0,,,3970.0,11723.0
,,,,,,,,,,
,,,,,,,,,,4479.0
,,,,,,,,,,
1824100.0,,,,20053.0,,,,,,
,,,,,,,,,,
,,,,,,,,,,
,,,,,,,,,,
,,,,,,,,,,
,,,,,,,,,,
,,,,,,,,53799.0,,2904.0
,,,,36862.0,,,,,,27816.0
,,,,,,,,,,
,,,,,,,,,,
,,,,,,,,,,
,,,,,,,,,,
,,,,,,,,,,
,,,,,,,,,,4266.0
,,,,,,,,,,
,,,,,,,,,,
,,,,,,,,,,
,,,,,,,,,,
,,,,,,,,,,
,,,,,,,,,,
,,,,,,,,,,
,6.0,,,,,,,,,
2900000.0,,,4580.0,,,1500.0,,,,
,,,,,,,,,,
,,,,149410.0,,,,,,
,,,,22508.0,,,,,-1470.0,9908.0
,,,,,,,,,,
,,,,,,,,,,-22376.0
,,,,,,,,,,3393.0
,,,,,,,,,,
,,,,,,,,,,
,,,,,,,,,,
,,,,,,,,,,
,,,,,,,,,,
,,,,,,,,,,
,,,,,,,,,,
,,,,,,,,,,
,,,,31564.0,,,,,,19993.0
,1.0,,,,,,,52787.0,,
,,,,,,,,,,
,,,,27122.0,,,,,,15300.0
,,,,,,,,,,
,,,,,,,96028.0,,,
,,,,,,,,,,
,,,,,,,,,,
,,,,,,,,,,
,,,,,,,,,,9384.0
,,,,,,,,,,
,,,,,,,,,,
,,,,,,,,,,
,,,,,,,,,,
,,,,,,,,,,
,,,,,,,,,,
,,,,,,,,,,
,,,,,,,,,,
,,,,,,,,,,
,,,,,,,,,,
,,,,,,,,,,
,,,,34848.0,,,,,,18424.0
,,,,,,,,,,
,,,,,,,,,,
,,,,,,,,,,
,,,,39964.0,,,,,,30974.0
,,,,,,,,,,
,,,,,,,,,,3071.0
,,,,,,,96028.0,,,
,,,,,,,,,,
,,,,,,,,,,
,,,,,,,,,,
,,,,,,,,,,
,,,,,,,,,,
,,,,,,,,,,
,,,,,,,,,,4459.0
,,,,,,,,,,
,,,,,,,,,,
1290000.0,,,,,,,,,1900.0,
,,,,,,,,,,
,,,,,,,,,,
3400000.0,,4.5,5230.0,,,1490.0,,53799.0,1560.0,
,,,,,,,,,,
,,,,,,,,,,
,1.0,,,,,,,,,
,,,,,,,,,,
,,,,,,,,,,
,,,,,,,,,,
,,,,,,,,,,
,,,,19570.0,,,,,,13070.0
,,,,,,,,,,
,,,,,,,,,-1180.0,3870.0
,,,,,,,,,,
,,,,,,,,,,-2827.0
,,,,,,,,,,
,,,,,,,,,,-2295.0
,,,,,,,,,,
,,,,,,,,,,
,,,,,,,,,,
,,4.25,,,,,,,,
,,,,,,,,,,
,,,,,,,,,,3340.0
,,,,,,,,,,
,,,,,,,,,,
,,,,,,,,,,
,,,,,,,,,,
,,,,,,,,,,
,,,,,,,,,,
,,,,26400.0,,,,,,-5500.0
,,,,171190.0,,,,,,155740.0
,,,,,,,,,,
,,,,,,,,,,
,,,,,,,,,,
,,,,,,,,,,
,,,,,,,,,,
,,,,,,,,,,
,,,,,,,,,,-2083.0
,,,,,,,,,,
,,,,,,,,,,
,,,,,,,,,,
1325000.0,,,,,,,,,1970.0,
,,,,,,,,,,-3115.0
,,4.5,,,,,,,2070.0,
,,,,,,,,,,
,,,,,,,,,,
,,,,,,,,,,
,,,,,,,,,,
,,,,,,,,,,
,,,,,,,,,,
,,,,,,,,,,
,,,,19585.0,,,,,1640.0,10155.0
,,,,,,,,,,
,,,,,,,,,,
1440000.0,,,,,,,,,1340.0,
,,,,,,,,,,
,,,,21375.0,,,,,1380.0,12893.0
,,,,27007.0,,,,,,
,,,,,,,,,,
,,,,,,,,,,
1195000.0,,,,,,,,52787.0,,-2760.0
,,,,39000.0,,,,,,-27647.0
1851000.0,,,,,,2050.0,,,,-4863.0
,,,,,,,,,,
,,,,,,,,,,-2775.0
,,,,,,,,,,
1250000.0,,,,,,,,,,
,,,,,,,,,,
,,,,,,,,,,2488.0
,,,,233481.0,,,,,,75794.0
,,,,43560.0,,,,,,36600.0
,,,,,,,,,,
,,,,,,,,,,
,,,,,,,,,,
,,,,,,,,,,
,,,,,,,,,,
,,,,,,,,,,
,,,,,,,,,,
,,,,,,,,,,
,,,,,,,,,,
,,,,,,,,,,
1475000.0,,,,,,,,52787.0,,
,,,,,,,,,,
,,,,30000.0,,,,,,-4932.0
,,,,,,,,,,
,,,,,,,,,,
,,,,,,,,,,
,,,,35100.0,,,,,,
,,,,,,,,,,
,,,,,,,,,,
,,,,34222.0,,,,,,-17178.0
,,,,,,,,,,
,,,,122403.0,,,,,,47916.0
,1.0,,,,,,,,,
,,,,,,,,,,
,,,,41811.0,,,,,,6155.0
,,,,25741.0,,,,,1750.0,
,,,,,,,,,,
,,,,,,,,,,
,,,,,,,,,,
,,,,,,,,,,
,,,,,,,,,,
,,,,,,,,,,
,,,,,,,,,,
,,,,,,,,,,
4668000.0,,6.75,9640.0,,4820.0,4820.0,,53799.0,6370.0,2614.0
,,,,,,,,,,
,,,,34528.0,,,,,,-3373.0
,,,,,,,,,,-2529.0
,,,,,,,,,,
,,,,53696.0,3840.0,,,,,18515.0
,,,,,,,,,,2773.0
,,,,,,,,,,
,,,,,,,,,,
,,,,,,,,,,-4968.0
,,,,,,,,,,
,,,,,,,,,,
,,,,,,,,,,-2193.0
,,,,,,,,,,
,,,,,,,,,,-2480.0
,,,,,,,,,,
,,,,,,,,,,
,6.0,,,,,,,,1120.0,
,,,,,,,,,,
,,,,46638.0,,,,,,11130.0
,,,,,,,,,,
,,,,,,,,,,
,,,,,,,,,,
,,,,,,,,,,3360.0
,,,,,,,,,,
,,,,,,,,,,2850.0
,,,,,,,,,,
,,,,,,,,,,-71395.0
,7.0,4.0,,,,,,,1270.0,
,,,,,,,,,,
,,,,,,,,,,
,,,,,,,,,,
,,,,,,,,,,
,,,,,,,,,,
,,,,,,,,,,
,,,,,,,,,,
,,,,,,,,,,
,,,,,,,,,,-3563.0
,,,,,,,,,,
,,,,,,,,,,
,,,,,,,,,,
,1.0,,,,,,,,,
,,,,,,,,,,
,,,,,,,,,,
1511250.0,,,,,,1410.0,,,,-2976.0
,,,,,,,,,,
,,,,,,,,,,
,,,,,,,,,,3812.0
,,,,20001.0,,,,,,
,,,,,,,,,,
,,,,39586.0,,,,,,3588.0
,,,,20553.0,,,,,,
,,,,,,,,,,
,,,,,,,,,,
,,,,,,,,,,
,,,,,,,,,,
1250000.0,,,,,,2060.0,,,,7500.0
,,,,,,,,,,
,,,,,,,,,,
,,,,,,,,,,
1865000.0,6.0,,4460.0,,,,,,1710.0,
,,,,,,,,,,
,,,,78408.0,,,,,,
,,,,,,1600.0,,,,
,,,,59612.0,,,,,,
,,,,,,,,,,
,,,,36769.0,,,,,,
,,,,,,,,,,
,,,,,,,,,,
,,,,57063.0,,,,,,-211702.0
,,,,,,,,,,
1452000.0,,,,,,,,,,
,,,,,,,,,,-2160.0
,1.0,,,,,,,,,
,,,,,,,,,,
,,,,,,,,,,3512.0
,,,,,,,,,,
,,,,,,,,53799.0,-1350.0,
,,,,,,,,,,
,,,,,,,,,,
,,,,,,,,53799.0,,
,,,,,,,,,,
1625000.0,,3.75,4410.0,,,,,,1640.0,2362.0
,,,,,,,,,,5320.0
,,,,,,,,,,
,,,,,,,,,,
,,,,,,,,,,
,,,,,,,,,,7674.0
,,,,37045.0,,,,,,
,,,,,,,,,,
,,,,,,,,,,3240.0
,,,,,,,,,,
,,,,,,,,,,
,,,,,,,,,,
,,,,98445.0,,,,,,
,,,,24550.0,,,,,-1240.0,12230.0
,,,,,,,,,,
,,,,,,,,,,
,,,,,,,,,,
2450000.0,,4.5,5030.0,,,1780.0,,53799.0,1390.0,
,,,,,,,,,,
,,,,,,,,,,
,,,,,,,,,,
,,4.25,5660.0,193593.0,4100.0,1560.0,,,2040.0,-13548.0
,,,,,,,,,,-3263.0
,,,,,,,,53799.0,,
,6.0,,,,,,,,,
,,,,,,,,,,
,,,,,,,,,,2587.0
,,,,,,,,,,
,,,,,,,,,,
,,,,,,,,,,
,,,,,,,,,,
,,,,,,,,,,
,,,,,,,,,,5626.0
,,,,,,,,,,
,,,,286181.0,,,,,,191518.0
,,,,39634.0,,,,,,
,,,,,,,,,,
,,,,,,,,,,
,,,,,,,,,,-10200.0
,1.0,,,29258.0,,,,,-1070.0,10937.0
,,,,,,,,,,
,,,,,,,,,,
,,,,21785.0,,,,,,
,,,,,,,,,,
,,,,,,,,,,
,,,,,,,,,,3448.0
,,,,,,,,,,
,,3.75,,,3880.0,,,,1720.0,3719.0
2193000.0,,,,,,,,52787.0,,
,,,,,,,,,,
,,,,,,,,,,
,,,,,,,,,,
,,,,,,,,,,
,,,4330.0,,,,,,1110.0,
,,,,,,,,,,
,,,,,,,,,,
,,,,,,,,,,
,,,,,,,,,,
,6.0,,,,,,,,,
,,,,,,,,,,
,,,,,,,,,,
,,,,,,,,,,
,,,,,,,,,,
,,,,,,,,,,
,,,,,,,,,,
,,,,,,,,,,-3408.0
,,,,,,,,,,
1320000.0,,,,20104.0,,,132665.0,81926.0,,
,,,,,,,,,,
,,,,,,,,,,
,,,,,,,,,,
,,,,,,,,,,
,,,,,,,,,,
,,,,,,,,,,
,,,,21750.0,,,,,,
,,,,,,,,,,
,,,,,,,,,,
,,,,,,,,,,
,,,,,,,,,,
,,,,,,,,,,
,,,,,,,,,,
,,,,,,,,,,
,,,,,,,,,,
,,,,,,,,,,
,,,,21115.0,,,,53799.0,,10950.0
,,,,,,,,,,
,,,,,,,,,,
,,,,,,,,,,
,1.0,,,,,,,,,
,,,,,,,,,,
,,,,,,,,,,
,,,,,,,,,,
,6.0,4.5,,,,,,,1850.0,2894.0
,,,,,,,,,,
,,,,,,,,,,
,,,,,,,,,,
,,,,,,,,,,-15887.0
,,,,,,,,,,
,,,,,,,,,,
,,,,,,,,,,
,,,,,,,,,,
,,,,,,,,,,
,,,,,,,,,,
,,,,32718.0,,,,,,-159550.0
,,,,20193.0,,,,,,
,6.0,,,,,,,,,
,,,,,,,,,,
,,,,,,,,,,
,,,,,,,,,,
,,,,,,,,,,
,,,,,,,,,,
,,,,,,,,,,
,,,,,,,,,,
,,,,,,,,,,
,,,,,,,,,,
,,,,,,,,,,
,,,,,,,,,,-12795.0
,,,,,,,,,,
,,,,35280.0,,,,,,
,,,,43301.0,,,,,,7386.0
,,,,33671.0,,,,,,17671.0
,,,,,,,,,,
,,,,,,,,,1120.0,
,,,,210395.0,,,,,,164799.0
,,,,,,,,,,3351.0
,,,,,,,,,,
,,,,,,,,,,
,,,,,,,,,,
,,,,,,,,,,
,,,,21804.0,,,,,,11668.0
,,,,,,,,,,
,,,,,,,,,,
,,,,,,,,,,
,,,,,,,,,,3971.0
,,,,,,,,,,
,,,,,,,,,,3325.0
,,,,,,,,,,
,,,,,,,,,,
,,,,,,,,,,
,,,,,,,,,,
,,,,,,,,,,
,,,,,,,,,,
,,,,,,,,,,-2238.0
,,,,,,,,,,
,,,,,,,,,,
,,,,47044.0,,,,,,-153767.0
,,,,,,,,,,
,,,,,,,,,,
,,,,,,,,,,
,,,,,,,,,,
,,,,,,,,,,
,,,,,,,,,,
,,,,,,,,,,
,,,,,,,,,,
1218000.0,,,,,,,,,,
1655000.0,,,,,,,,,,
,,,,,,,,,,-2481.0
,,,,,,,,,,
,,,,,,,,,,
,,,,48351.0,,,,,,4791.0
,,,,,,,,,,-2119.0
,,,,,,,,,,
,,,,,,,,,,
1300000.0,,,,,,,,,,3417.0
,,,,65501.0,,,,,,46465.0
,,,,,,,,,,
,,,,,,,,,,
,,,,,,,,,,
,,,,,,,,,,
,,,,,,,,,,
,,,5067.0,,,1913.0,,,2207.0,
,,,,,,,,,,
,,,,,,,,,,
,,,,,,,,,,
,,,,,,,,,,
,,,,,,,,,,
,,,,,,,,,,
,,,,,,,,,,
,,,,,,,,,,
,,,,,,,,,,-2799.0
,,,,,,,,,,
,,,,,,,,,,
,,,,,,,,,,
,,,,,,,,,,
,,,,,,,,,,
,,,,,,,,,,
,,,,,,,,,,
,,,,,,,,,,
,,,5270.0,53428.0,,1830.0,,,2930.0,22524.0
,,,,,,,,,,
,,,,,,,,,,
,,,,,,,,,,
,,,,,,,,,,2562.0
,,,,67518.0,,,,,,35127.0
,,,,,,,,,,
,,,,,,,,,,
,,,,,,,,,1330.0,
,,,,,,,,,,
,,,,,,,,,,3990.0
,,,,,,,,,,
,,,,,,,,,,
1250000.0,,,,,,,,,,
,,,,,,,,,,
,,,,,,,,,,
,,,,49222.0,,,,,,
,,,,,,,,,,
,,,,,,,,,,
,,,,,,,,,,
,,,,,,,,,,
,,,,,,,,,,
,,,,,,,,,,
,6.0,,,,,,,,1240.0,2800.0
,,,,,,,,,,
,,,,,,,,,,
,,,,,,,,,,
,,,,,,,,,,
,,,,,,,,,,-3529.0
,,,,,,,,,,
,,,,,,,,,,
,,,,,,,,,,-2359.0
,,,,,,,,,,
,,,,,,,,,,
,,,,,,,,,-1140.0,-11367.0
,,,,,,,,,,
,,,,,,,96028.0,,,
,,,,,,,,,,
,,,,,,,,,,-2467.0
,,,,,,,,,,
,,,,,,,,,,
,,,,,,,,,,
,,,,,,,,,,
,,,,,,,,,,
,,,,,,,,,,
,,,,,,,,,,
,,,,27441.0,,,96028.0,,,
,,,,,,,,,,
,,,,,,,,,-1020.0,-14417.0
,,,,43000.0,,,,,,22977.0
,,,,,,,,,,-2700.0
,,,,,,,,,,
,,,,,,,,,,
,,,,,,,,,,
,,,,,,,,,,
,,,,36665.0,,,,,,22665.0
1295000.0,,3.75,,,,1550.0,,53799.0,,
,,,,,,,,,,
,,,,,,,,,,
,,,,,,,,,,
,,,,,,,,,,
,,,,,,,,,,
,,,,36585.0,,,,,,
,,,,,,,,,,
,,,,,,,,,,
,,,,,,,,,,
,,,,,,,,,,
,,,,,,,,,,
,,,,,,,,,,
,,,,,,,,,,
,,,,,,,,,,
,,,,,,,,,,
,,,,,,,,,,
,,,,,,,,,,
,,,,,,,,,,
,,,,,,,,,,
,,,,,,1440.0,,,,
,,,,,,,,,,
,,,,,,,,,,
,,,,,,,,,,
,,,,,,,,,,
2140000.0,,3.75,5150.0,453895.0,4360.0,,96028.0,,2650.0,238709.0
,,,,,,,,,,
1247000.0,1.0,,,,,,,,,
,,,,,,,,,,
,,,,,,,,,,
,,,,,,,,,,
,,,,,,,,,,
,,,,107386.0,,,,,,65260.0
,,,,,,,,,,
,,,,,,,,,,
,,,,,,,,,,
,,,,,,,,,,
,,,,,,,,,,
,,,,,,,,,,
,,,,,,,,,,-2400.0
,,,,,,,,,,
,,,,,,,,,,
,,,,,,,,,,
,,,,,,,,,,
,,,,,,,,,,
,,,,,,,,,,
,,,,,,,,,,
,,,,,,,,,,
,,,,26615.0,,,,,,
,,,,,,,,,,
,,,,,,,,,,
,,,,,,,,,,4572.0
,,,,,,,,,,4797.0
,,,,,,,,,,
,,,,,,,,,,2896.0
,,,,,,,,,,
1285000.0,,,,,,,,,,2336.0
,,,,,,,,,,
,,,,,,,,,,
,0.0,,,,,,,,,
1200000.0,,,,,,,,53799.0,,
,,,,19785.0,,,,,,11169.0
,,,,,,,,,,5904.0
,,,,,,,,,,
,,,,,,,,,,
,,,,,,,,,,
,0.0,,,,,,,,,
,,,,,,,,,,-6341.0
,,,,,,,,,,
,,,4380.0,,4380.0,,,,,
,,,,,,,,,,
,,,,,,,,,,
,,,,,,,,,,
,,,,,,,,,,
,,,,,,,,,,
,,,,,,,,,,
,,,,,,,,,,
,,,,,,,,,,
,,,,,,,,53799.0,,
,,,,,,,,,,
,,,,,,,,,,
,,,,,,,,,,4182.0
,,,,,,,,,,
,,,,33826.0,,,,,,5119.0
,,,,,,,,,,
,,,,,,,,,,
,,,,,,,,,,-2500.0
,,,,,,,,,,-3384.0
,,,,,,,,,,-3384.0
,,,,,,,,,,
,,,,,,,,,,
,,,,,,,,,,
,,,,,,,,,,
,,,,,,,,,,
,,,,,,,,,,-2800.0
,,,,,,,,,,
,,,,27972.0,,,96028.0,,,
,,,,,,,,,,
,7.0,4.0,,34830.0,,,,,,22776.0
,,,,,,,,,,
,,,,,,,,,,
,,,,,,,,,,
,,,,,,,,,,
,,,,,,,,,,
,,,,,,,,,,
,,,,185130.0,,,,,,-25264.0
,,,,,,,,,,
,,,,,,,,,,
,,,,,,,,,,
,,,,,,,,,,2400.0
,,,,,,,,,,
,,,,,,,,,,
,,,,,,,,,,
,,,,,,,,,,
,1.0,,,,,,,,,
,1.0,,,,,,,,,
,,,,,,,,,,
,,,,,,,,,,
1240000.0,,,,,,,,,,
,,,,230868.0,,,,,1200.0,13068.0
,,,,,,,,,,
1208000.0,,,,,,,,,,-3485.0
1590000.0,,,,,,,,,,
,,,,35169.0,,,,,,-8391.0
,,,,,,,,,,
,,,,,,,,,,
,,,,87555.0,4010.0,,,,1559.0,-121968.0
,,,,,,,,,,
,9.0,7.5,,,4050.0,,,,2602.0,2638.0
,,,,,,,,,,
,,,,,,,,,,
,,,,,,,,,,
,,,,,,,,,,4312.0
,,,,44001.0,,,,,,-2923.0
,,,,,,,,,,
,,,,,,,,,,
,,,,,,,,,,
,,,,,,,,,,
,,,,,,,,,,-2399.0
,,,,,,,,,,
,,,,118047.0,,,,,,-5228.0
,,,,,,,,,,
,,,,,,,,,,
,,,,,,,,,,
,,,,,,,,,,
,,,,,,,,,,
,,,,,,,,,,
,,,,,,,,,,
,,,,,,,,,,
,,,,,,,,,,
,,,,,,,,,,
,,,,,,,,,,
,,,,,,,,,,
,,,,,,,,,,
,,,,,,,,,,
,,,,49223.0,,,,,,
,,,,,,,,,,
,,,,22445.0,,,,,,
,,,,,,,,,,
,,,,,,,,,-1040.0,
,,,,,,,,,,
,,,,,,,,,,3965.0
,,,,50994.0,,,,,,14958.0
,,,,,,,,,,
,,,,54885.0,,,,,,33478.0
,,,,,,,,,,
,,,,,,,,,,3185.0
,,,,,,,,,,
,,,,,,,,,,
,,,,,,,,,,
,,,,43560.0,,,,,,
,,,,,,,,,,
,,,,,,,,,,
,,,,,,,,,,
,,,,,3830.0,,96028.0,,,
1150000.0,,,,34848.0,,,,,,13336.0
,,,,21465.0,,,,,,8321.0
,,,,,,,,,,
,,,,,,,,,,
,,,,,,,,,,-3500.0
,,,,,,,,,,-3528.0
,,,,,,,,,,3248.0
,1.0,,,,,,,,,
,,,,,,,,,,
,,,,,,,,,,
,,,,,,,,,,
,,,,,,,,,,
,,,,,,,,,,
,,,,295772.0,,,,,-1140.0,247421.0
,,,,,,,,,,
,,,,,,,,,,
,,,,,,,,,,
,,,,,,,,,,
,,,,115670.0,,,,,,86295.0
,,,,,,,,,,-6194.0
,,,,,,,,,,2759.0
,,,,,,,,,,
,,,,,,,,,,
,,,,185130.0,,,,,,113075.0
,,4.0,,,,,,,,
,,,,,,,,,,
,1.0,,,20339.0,,,,,-1270.0,-3619.0
,,,,,,,,,,
,,,,,,,,,,
,,,,,,,,,,
,1.0,,,,,,,,,
,,,,125452.0,,,,,,79333.0
,,,,,,,,,,
,,,,,,,,,,
,,,,,,,,,,
,,4.0,4460.0,269345.0,,,,,1790.0,153911.0
,7.0,,,,,,,,,
,,,,,,,,,,
,,,,,,,,,,
,,,,,,,,,,
,,,,,,,,,,
,,,,,,,,,,5280.0
,,,,,,,,,,2446.0
,,,,,,,,,,-3960.0
,,,,26571.0,,,,,,6534.0
4489000.0,,,6430.0,27517.0,6430.0,,,,2710.0,12925.0
,,,,,,,,,,
,,,,,,,,,,
,,4.0,,,,,,,1540.0,
,,,,,,,,,,
,,,,,,,,,,
1438890.0,,,,,,,,53799.0,1520.0,
,,,,,,,,,,
,,,,,,,,,,5050.0
,,,,,3790.0,,,,,
,,,,,,,,,,
,,,,,,,,,,
,,,,43560.0,,,,,,-15246.0
,,,,,,,,,,
,,,,,,,,,,
,,,,,,,,,,
,,,,,,,,,,
,,,,165528.0,,,,,,20832.0
,,,,,,,,,,-3037.0
,,,,,,,,,,-12141.0
,,,,,,,,,,
,,,,,,,,,,
,,,,,,,,,,
,,,,19965.0,,,,,,-8435.0
,,,,,,,,,,
,,,,,,,,,,
,,,,266587.0,,,,,,-171626.0
,,,,,,,,,,
,,,,,,,,,1160.0,
,,,,,,,,,,
,,,,,,,,,,3625.0
,,,,32340.0,,,,,,-7840.0
,,,,,,,,,,
,,,,,,,,,,
,,,,,,,,,,
,,,,,,,,,1620.0,
,,,,,,,,,,
,,,,,,,,,,-2631.0
,,,,,,,,,,
,,,,,,,,,,
,,,,,,,,,,
,,,,,,,,,,
,,,,,,,,,,
,,,,,,,,,,
,,,,38781.0,,,,,,-49645.0
,,,,,,,,,,
,,,,26375.0,,,,,,13901.0
,,,,,,,,,,6013.0
,,,,,,,,,,
,,,,,,,,,,
,,,,,,,,,,
,,,,39529.0,,,96028.0,,,4094.0
,,,,,,,,,,
,,,,21883.0,,,,,,7858.0
1485000.0,6.0,,4430.0,,,1750.0,,,,
,,,,,,,,,,
,,,,,,,,,,
,,,,,,,,,,
,,,,,,,,,,
,,,,,,,,,,
,,,,,,,,,,
,,,,,,,,,,-3140.0
,,,,25046.0,,,,,,3791.0
,,,,,,,,,,6740.0
,,,,,,,,,,
,,,,,,,,,,
,,,,,,,,,,
1200000.0,,,,,,,,,,
,,,,,,,,,,
,,,,339332.0,,,,,,209959.0
,,,,,,,,,,
,,,,,,,,,,
,,,,,,,,,,
,,,,,,,,,,
,,,,,,,,,,
,,,,,,,,,,
,,,,,,,,,,-4687.0
,,,,,,,,,,
,,,,,,,,52787.0,,
,,,,,,,,,,
,,,,,,,,,,
,,,,,,,,,,
,,,,,,,,,,3158.0
,,,,,,,,,,
,,,,,,,,,,
,,,,,,,,,,
,6.0,,,,,,,,1200.0,7399.0
,,,,,,,,,,
,,,,,,,,,,
,,,,,,,,,,
,,,,,,,,,,
,,,,,,,,,,
,,,,37647.0,,,,,,-4546.0
,,,,,,,,,-1040.0,
,1.0,,,,,,,,,
,,4.25,,,,,,,,-2185.0
,,,,,,,,,,
,,,,,,,,,,
,,,,,,,,,,2385.0
,,,,33664.0,,,,,,15377.0
,,,,,,,,,,
,,,,35988.0,,,,,-1190.0,12199.0
,,,,,,,,,,
,,,,,,,,,,
,,,,,,,,,,
,,,,,,,,,,
,,,,,,,,,,
,,,,,,,,,,
,,,,,,,,,,
,,,,,,,,,,
,,,,,,,,,,
,,,,,,,,,,
,,,,,,,,,,
,,,,,,,,,,
,,,,,,,,,,
,,,,,,,,,,
1175000.0,,,,49503.0,4150.0,,96028.0,,,-10634.0
,,,,,,,,,,
,,,,,,,96028.0,,,
,11.0,,,,,,,,1580.0,
,,,,,,,,,,
,,,,,,,,,,
,,,,,,,,,,7320.0
,,,,,,,,,,
,,,,,,,,,,
,,,,,,,,,1400.0,3271.0
1200000.0,,,4610.0,,,,,,,
,,,,169448.0,,,,,,-156649.0
,,,,,,,,,,
,,,,,,,,,,
,,,,,,,,,,
,,,,,,,,,,
,,,,,,,,,,
,,,,,,,,,,
,,,,,,,,,,
,,,,60960.0,,,,,,-21804.0
,,,,,,,,,,-3076.0
,,,,,,,,,,
,,,,,,,,,,
,,,,,,,,,,
,,,,,,,,,,
,,,,,,,,,,
,,,,,,,,,,
,,,,,,,,,,
,,,,,,,,,,
,,,,52707.0,4060.0,,,,,
1800000.0,,,,,,,,,,
,,,,,,,,,,
,,,,,,,,,,
,,,,,,,,,,
,,,,,,,,,,
,,,,,,,,,,
,,,,,,,,,,3461.0
,,,,,,,,,,-3811.0
1250000.0,,,,,,,,,,
,,,,,,,,,,
,,,,,,,,,,
,,,,22081.0,,,,,,2537.0
,,3.75,,,,,,,,
,,,,,,,,53799.0,,
,,,,28270.0,,,,,,21344.0
,,,,52322.0,,,,,,46502.0
,1.0,,,,,,,,,
,,,,,,,,,,
,,,,,,,,,,
,,,,,,,,,,
,,,,,,,,,,
,,,,,,,,,,
,,,,,,,,,,
,,,,,4080.0,,,,,
1370000.0,,,,,,1760.0,,,,
,,,,,,,,,,-2721.0
,,,,,,,,,,
,,,,,,,,,,
,,,,,,,,,,
,,,,,,,,,,
,1.0,,,,,,,,,
,,,,,,,,,,
,,,,,,,,,,
,,,,,,,,,,
,,,,,,,,,,
,,,,,,,,52787.0,,
,,,,,,,,,,
,,,,,,,,,,
,,,,,,,,,,
,,,,,,,,,,
,,,,,,,,,,
,,,,,,,,,,
,,,,,,,,,,7731.0
,,,,,,,,,,
,,,,,,,,,,
,,,,,,1910.0,,,1310.0,
,,,,,,,,,,
,,,,,,,,,-1094.0,
,,,,,,,,,,4780.0
,,,,,,,,,,
,,,,,,,,,,
,,,,,,,,,,6536.0
,,,,,,,,,,
,,,,,,,,,,
1406890.0,,,,,,,,53799.0,,
,,,,,,,,,,
,,,,,,,,,,
,,,,,,,,,,
,,,,,,,,,,
,,,,,,,,,,
,,,,,,,,,,
,,,,,,,,,,
,,,,,,,,,,
,,,,,,,,,,
,,,,,,,,,,
,,,,51212.0,,,,,,10392.0
,,,,,,,,,,
,,,,21043.0,,,96028.0,,,-13546.0
,,,,,,,,,,
,,,,,,,,,,3654.0
,,,,,,,,,,
,,,,209088.0,,,,,,
,,,,,,,,,1260.0,
,,,,,,,,,,
,,,,,,,,,,
,,,,23345.0,,,,,,
,,,,,,,,,,9947.0
,,,,,,,,,,
1530000.0,,,4250.0,,,1870.0,,53799.0,,
,,,,83200.0,,,,,,44868.0
,,,,,,,,,,
,,,,,,,,,,8028.0
,,,,,,,,,,
,,,,,,,,,,
,,,,,,,,,,
,,,,,,,,,,
,,,,,,,,,,
,,,,,,,,,,
,,,,313672.0,,,,,,222812.0
,,,,,,,,,,3000.0
,,,,,,,,,,
,,,,83199.0,,,,,,7405.0
,,,,,,,,,,2776.0
,,,,,,,,,,
,,,,,,,,,,
,,,,,,,,,,
,,,,,,,,,,
,,,,,,,,,,
,,,,,,,,,,
,,,,,,,,,,
,,,,,,,,,,
,,,,,,,,,,
,,,,,3810.0,,,,,4309.0
,,,,,,,,,,
,,,,,,,,,,
,,,,,,,,,,
,,,,,,,,,,
,,,,,,,,,,-4800.0
,,,,,,,,,,
,,,,,,,,,,
,,,,,,,,,,5000.0
,,,,,,,,,,
,,,,,,,,53799.0,,-4500.0
,,,,,,,,,,
,,,,,,,,,,
,,,,,,,,,,4650.0
,,,,,,,,,,
,,,,,,,,,,
,,,,,,,,,,
,,,,,,,,,,-5091.0
,,,,,,,,,,
,,,,,,,,,,
1325000.0,,,,,,,,,,
,,,,,,,,,,
,,,,,,,,53799.0,,
,,,,,,,,,1360.0,
1910000.0,,,4460.0,,,,,52787.0,1330.0,
,,,,,,,,,,
,,,,117176.0,,,,,,60113.0
,,,,,,,,,-1130.0,
,6.0,4.5,,,,,,,,2865.0
,,,,,,,,,,
,,,,,,,,,,
,,,,,,,,,,
,,,,,,,,,,
,,,,229125.0,,,,,,12197.0
,,,,,,,,,,
,,,,,,,,,,
,,,,,,,,,,
,,,,,,,,,,
,,,,61855.0,,,,,,12197.0
,,,,,,,,,,
,,,,,,,,,,
,,,,21370.0,,,,,,12034.0
,,,,,,,,,,-2543.0
,,,,21494.0,,,,,,10774.0
,,,,,,,,,,
,,,,,,,,,,
,,,,,,,,,,
,,,,,,,,,,
,,,,,,,,,,
,,,,,,,,,,
,,,,,,,,,,2852.0
,,,,,,,,,,
,,,,,,,,,,
,,,,30410.0,,,,,,-15506.0
,,,,,,,,,,2940.0
,,,,52062.0,,,,,,
,,,,,,,,,,
,,,,,,,,,,
,,,,,,,,,,
,,,,,,,,,,-9104.0
,,,,,,,,,,
,,,,,,,,,,
,,,,,,,,,,
,,,,,,,,,,
,,,,,,,,,,
,,,,,,,,,,
,,,,,,,,,,
,,,,,,,,,,
,,,,,,1430.0,,,,
,1.0,,,,,,,,,
,,,,,,,,,,
,,,,22029.0,3800.0,,96028.0,,,-2950.0
,,,,,,,,,,
,,,,,,,,,,
,,,,28000.0,,,,,,
,,,,,,,,,,
,,,,,,,,,,
,,,,,,,,,,
,,,,,,,,,,
,,,,,,,,,,
,6.0,3.75,,,,,,,1420.0,
,,,,,,,,,,
,,,,,,,,,,
,,,,35245.0,,,,,,-118521.0
,,,,,,,,,,6750.0
,,,,,,,,,,2609.0
,,,,,,,,,,
,,,,,,,,,,
,,,,,,,,,,
,,,,,,,,,,
,,,,,,1410.0,,,1280.0,
,,,,27468.0,,,,,,17288.0
,,,,,,,,,-1160.0,
,,,,,,,,,,
,,,,,,,,,,
,,,,,,,,,1160.0,7000.0
,,,,,,,,,,
,,,,,,,,,,-2250.0
,,,,,,,,,,
,,,,,,,,,,
,,,,,,,,,,
,,,,,,,,,,
,,,,,,,,,,
,,,,,,,,,,
,,,,,,,,,,
,,,,,,,,,,
,,,,,,,,,,
,,,,51836.0,,,,,,-25700.0
,,,,,,,,,,-2500.0
,,,,,,,,,,
,,,,,,,,53799.0,,
,,,,,,,,,,-2410.0
,,,,,,,,,,
,,,,,,,,,1120.0,
,,,,,,,,,,
,,,,,,,,,,
,,,,,,,,52787.0,,
,,,,,,,,52787.0,,
,,,,,,,,,,
,,,,,,,,,,
,,,,,,,,,,3068.0
,,,,,,,,,,
,,,,,,,,,,
,,,,,,,,,,
,,,,,,,,,,
,,,,,,,,,,
,,,,,,,,,,
,,,,,,,,,,
,,,,,,,,,,
,,,,,,,,,,-2850.0
,,,,,,,,,,-2213.0
,,,,,,,,,,-2213.0
,,,,,,,,,,3563.0
,,,,,,,,,,
,,,,20828.0,,,,,,6356.0
,,,,,,,,,,-2775.0
,,,,,,,,,,
,,,,206474.0,,,96028.0,,-1180.0,-2178.0
,,,,22588.0,,,,,,
,,,,36820.0,,,,,,
,,,,,,,,,,
,,,,,,,,,,
,,,,,,,,,,
,,,,,,,,,,
,,,,,,,,,,
,,,,,,,,,,
,,,,,,,,,,
,,,,,,,,,,
,,,,,,,,,,3065.0
,,,,,,,,,,
,,,,31215.0,,,,,,
,1.0,,,,,,,,,-3127.0
,,,,,,,,,,3762.0
,,,,,,,,,,
,,,,,,,,,,
,,,,,,,,,,
,,,,,,,,,,
,,,,,,,,,,
1348000.0,,,,,,1540.0,,,,
,,,,31720.0,,,,,,
,,,,,,,,,,
,,,,38449.0,,,,,,12574.0
,,,,,,,,,,
,,,,,,,,,,
,,,,,,,,,,
,,,,,,,,,,
1205000.0,,4.25,4420.0,,,,,,,
,,,,,,1420.0,,,,7658.0
,,,,,,,,,,
,,,,,,,,,,
,,,,,,,,,,
,,,,,,,,,,6600.0
,,,,,,,,,,
,,,,,,,,,,
,,,,,,,,,,
,,,,,,,,,,
,,,,43186.0,,,,,,-64842.0
,,,,,,,,,,
,,,,25995.0,,,,,,
,,,,,,,,,,
,,,,38043.0,,,96028.0,,,-4578.0
,,,,47480.0,3770.0,,,,,4791.0
,,,,,,,,,,
,,,,,,,,,,
,,,,,,,,,,
,,,,,,,,,,
,,,,,,,,,1290.0,
,,,,,,,,,,
,,,,,,,,,,
,,,,324086.0,,,,,,106286.0
1325000.0,6.0,4.25,5720.0,,4170.0,1550.0,,,1420.0,
,8.0,,,,,,,,,
,,,,,,,,,,
,,,,,,,,,,
,,,,,,,,,,
,,,,41236.0,,,,,,10996.0
,,,,,,,96028.0,,,
,,,,,,,,,,
,,,,,,,,,,
,,,,19386.0,,,,,,-12064.0
,,,,213008.0,,,,,,160301.0
,,,,,,,,,,
,,,,,,,,,,
,,,,,,,,,,
,,,,,,,,,,
,,,,,,,,52787.0,1370.0,
,,,,,,,,,-1550.0,
,,,,,,,,,,
,,,,44000.0,,,,,,7758.0
,,,,,,,,,,2707.0
,6.0,,,,,,,,1160.0,
,,,,,,,,,,
,,,,,,,,,,-5498.0
,,,,265716.0,,,96028.0,,,155119.0
,,,,,,,,,,
,,,,,,,,,,
,,,,,,,,,,
,,,,,,,,,1570.0,
,,,,52826.0,,,,,,-61902.0
,,,,,,,,,,-2087.0
,,,,,,,,,,
,,,,20900.0,,1480.0,,,1470.0,6200.0
,,,,,,,,,,
,,,,,,,,,,
,,,,,3950.0,,,53799.0,1600.0,
,,,,,,,,,,
1360000.0,,,,,,,,,,5859.0
,,,,,,,,,,-2202.0
,6.0,4.5,,,,,,,1950.0,
,6.0,4.5,,,,,,,1950.0,
,,,,,,,,,,
,,,4500.0,,,1500.0,,,1720.0,-11484.0
,,,,,,,,,-1060.0,
,,,,,,,,,,
,,,,,,,,,,2445.0
,,,,,,,,,,2445.0
,,,,24805.0,,,,,,20466.0
,,,,,,,,,,
,,,,,,,,,,
,,,,,,,,,,
,,,,,,,,,,
,,,,,,,,,,-2532.0
,,,,24440.0,,,,,,
,,,,,,,,,,
,,,,49709.0,,,,,,41018.0
,1.0,,,123710.0,,,,,-1140.0,-173804.0
,7.0,,,,,,,,,
1400000.0,,,4300.0,,,,,,1520.0,2660.0
,,,,,,,,,,
,,,,,,,,,,-3851.0
,,,,,,,,,,
,,,,,,,,,,
,,,,,,,,,,-2340.0
,,,,,,,,,,
,,,,,,,,,,
,,,,27350.0,,,,,-1020.0,16601.0
,,,,28212.0,,,,,1450.0,
,,,,,,,,,,
,,,,51649.0,,,,,,12145.0
,,,,,,,,,,
,,,,,,,,,,
,6.0,,,,,,,,,4156.0
,,,,,,,,,,
,,,,,,,,,,
,,,,,,,,,,
,,,,38707.0,,,,,,-6444.0
,,,,,,,,,,
,,,,,,,,,,-27020.0
,,,,,,,,,1810.0,
,,,,108366.0,,,,,1150.0,
,,,,,,,,,1560.0,
,,,,,,,,,,
,,,,,,,,,,
,,,,,,,,,,-4710.0
,,,,,,,,,,
,,,,,,,,,,
,,,,,,,,,,-3725.0
,,,,,,,,,,
,,,,,,,,,,
,,,,,,,,,,
,,,,,,,,,,
,,,,,,,,,,2334.0
,,,,,,,,,,
,,,,,,,,,,-2190.0
,,,,,,,,,,
,,,,,,,,,,4576.0
1234000.0,,,,,,,,52787.0,,
,,,,34395.0,,,,,,8353.0
,,,,,,,,,,
1955000.0,,,,,,,,53799.0,,-3994.0
1265000.0,,,,,,1680.0,,,1700.0,
,,,,,,,,,,
,,,,,,,,,,
,,,,,,,,,,
,,,,,,,,,,
,,,,,,,,,,
,,,,,,,,,,
,,,,,,,,,,
,,,,,,,,,,
,,,,,,,,,,
,,,,,,,,,,
,,,,36210.0,,,,,,
,,,,,,,,,,-3175.0
,,,,,,,,,,
,,,,,,,,,,
,1.0,,,,,,,,,-2679.0
,,,,,,,,,,
1500000.0,,,,,,,,,,
,,,,,,,,,,7232.0
,,,,,,,,,,
,,,,,,,,,,
,,,,,,,,,,
,,,,83199.0,,,,,,53930.0
,,,,,,,,,,
,,,,,,,,,,
,,,,,,,,,,
,,,,,,,,,,
,,,,,,,,,,
,,,,,,,,,,
,,,,,,,,,,
,,,,,,,,,,
,,,,,,,,,,8700.0
,,,,,,,,,,
,,,,,,,,,,
,,,,499571.0,,,,,,317863.0
,,,,91911.0,,,,,,26136.0
,,,,,,,,,,
,,,,,,,,,,-2400.0
,,,,,,,,,,
,,,,,,1650.0,,,,
,,,,46382.0,,,96028.0,,,25758.0
,,,,,,,,,,
,,,,,,,,,,4565.0
,,,,,,,,,,
,,,,,,,,,,
,,,,,,,,,,
,,,,,,,,,,
,,,,,,,,,,
,,,,,,,,,,
,,,,,,,,,,
,,,,,,,,,,
,,,,,,,,,,
,,,,,,,,,,
,,,,,,,,,,
,,,,,,,,,,
,,,,,,,,,,-4000.0
,,,,62290.0,,,,,,21109.0
,,,,,,,,,,
,,,,,,,,,,2629.0
,,,,,,,,,,2629.0
,,,,35100.0,,,,,,
,,,,,,,,,,
,,,,,,,,,,
,,,,222156.0,,,,,,
,,,,,,,,,,
,,,,,,,,,,
,,,,,,,,53799.0,,
,,,,,,,96028.0,,,
,,,,,,1580.0,,,,5280.0
,,,,,,,,,,
,,,,,,,,,,
,6.0,,,,,,,,,
,,,,47480.0,,,,,,-19935.0
,,,4530.0,22873.0,,,,,1430.0,4663.0
,,,,,,,,,,
,,,,,,,,,,
1190000.0,,,,,,,,,,
1680000.0,,4.25,5584.0,68257.0,5584.0,,,,,-33644.0
6885000.0,6.0,7.75,9890.0,31374.0,8860.0,,132665.0,81926.0,5350.0,-11356.0
,,,,,,,,,,
,,4.25,,,,,,,,
,,,,,,,,,,
,,,,,,,,,,
,,,,50654.0,,,,,,14354.0
,,,,,,,,,-1180.0,-3050.0
,,,,,,,,,,
,,,,,,,,,,
,,,,,,,,,,
,,,,22870.0,,,,,,
,,,,,,,,,,3386.0
,,,,,,,,,,
,,,,,,,,,,
,,,,,,,,52787.0,,
,,,,,,,,,,
,,,,,,,,,,
,,,,,,,,,,
,1.0,,,,,,,,,
,,,,,,,,,,
1680000.0,6.0,4.75,5770.0,,4500.0,,,,1300.0,
,,,,57499.0,,,,,-1100.0,30057.0
,,,,57499.0,,,,,-1100.0,30057.0
,,4.0,,,,,,,,
,,4.0,,,,,,,,
,,,,,,,,,,
,,,,,,,,,,
,,,,,,,,,,3094.0
,,,,,,,,,,
,,,,,,,,,,
,,,,,,,,,,
,,,,,,,,,,
,,,,108900.0,,,,,,6534.0
,,,,,,,,,,
,,,,,,,,,,
,,,,,,,,,,
,,,,,,,,,,
,,,,,,,,,,
,,,,,,,,,,
,,,,,,,,,,
,,,,,,,,,,
,,,,,,,,,,-2526.0
,,,,,,,,,,
,,,,24750.0,,,,,,8688.0
,,,,217805.0,,,,,,108337.0
,,,,186436.0,,,,,,-28750.0
,,,,19200.0,,,,,,-15940.0
,,,,,,,,,,
,,,,,,,,,,
,,,,,,,,52787.0,,
,,,,,,,,,1360.0,
,,,,35267.0,4200.0,,,,,13033.0
,,,,,,,,,,
,,,,87625.0,,,,,,-22581.0
,,,,,,,,,,
,,,,47916.0,,,,,,34781.0
,,,,,,,,,,
,,,,,,,,,,
,,,,37913.0,,,,,,16395.0
,,,,,,,,,,
,,,,,,,,,,
,,,,,,,,,,
,,,,,,,,,,
,,,,,,,,,,
,,,,25990.0,,,,,,9850.0
,,,,,,,,,,
,,,,,,,,,,5200.0
,,,,,,,,,,
2575000.0,,4.25,5540.0,,4280.0,,,,1970.0,
1362500.0,,,,21318.0,,,,,,
,,,,,,,,,,
,,,,43560.0,,,,,,
,,,,,,,,,,-2329.0
,,,,,,,,,,
,,,,,,,,,,
,,,,31584.0,,,,,,-7637.0
,,,,,,,,,1370.0,
,,,,,,,,,,
,,,,,,,,,,
1335000.0,,4.0,5050.0,202554.0,,1790.0,,,1680.0,-10890.0
,,,,,,,,,,
,,,,,,,,,,
,,,,,,,,,,
,,,,,,,,,,-3257.0
,,,,,,,,,,
,,,,,,,,,,
,,,,,,,,,,
,,,,,,,,,,
,,,,,,,,,,
,,,,23779.0,,,,,-1800.0,15362.0
,,,,,,,,,,
,6.0,,,,,,,,,
,,,,,,,,,,
,,,,,,,,,,
,,,,,,,,,,
,,,,,,,,,,3691.0
,,,,,,,,,,
,,,,,,,,,,
,,4.0,,,,,,,1190.0,
,,,,,,,,,,
,,,,,,,,,1360.0,
,,,,,,,,,,
,,,,,,,,,,
,,,,,,,,,,
,,,,,,,,,,4194.0
,,,,,,,,,,
,,,,,,,,,,
,,,,,,,,,,
,,,,,,,,,,
,,,,,,,96028.0,,,
,,,,,,,,,,
,,,,,,,,,,
,,,,,,,,,,3620.0
,,,,,,,,,,
,,,,,,,,53799.0,-1480.0,
,,,,,,,,,,
,,,,,,,,,,
,,,,,,,,,,
,,,,,,,,,,
,,,,,,,,,,
,,,,,,,,,,
1565000.0,,4.5,5220.0,67319.0,5220.0,,,,,26710.0
,,,,,,,,,,
,,,,,,,,,,
,,,,,,,,,,
,,,,37075.0,,,,,,-50042.0
,,,,,,,,,,
,,,,,,,,,,
,,,,,,,,,,
,,,,,,,,,,
,,,,,,,,,,
,,,,70567.0,,,,,-1020.0,
,,,,,,,,,,2800.0
,,,,,,,,,,
,,,,,,,,,,
,,,,,,,,,,
,,,,46538.0,,,96028.0,,,-4912.0
,,,,,,,,,,
,,,,,,,,,,
,,,,,,,,,,
,,,,,,,,,,2643.0
,,,,,,,,,,
,,,,,,,,,,
,,,,,,,,,,
,,,,,,,,,,
,,,,89640.0,,,,,,35626.0
,,,,,,,,,,
,,,,,,,,,,
,,,4340.0,141570.0,4340.0,,96028.0,,1620.0,44432.0
,,,,,,,,,,-2550.0
,,,,,,,,,,
,,,,,,,,,,
,1.0,,,44866.0,,,,,,-22216.0
,,,,,,,,,,
,,,,,,,,,,
,,,,,,,,,1180.0,
,,,,,,,,,,
,,,,214750.0,,,,,,2613.0
,,,,,,,,,,
,,,,,,,,,,3475.0
1925000.0,,4.25,4830.0,,,,,,,
,,,,,,,96028.0,,,
,,,,,,,,,,
,,,,,,,,52787.0,,
,,,,,,,,,,
,,,,,,,,,,
,,,,,,,,,,3500.0
,,,,,,,,,,
1249000.0,,,,44431.0,,1850.0,,,,
,,,,,,,,,,
,,,,,,,,,,
,,,,,,,,,,
,,,,,,,,,,
,,,,,,,,,,
,,,,,,,,,,
,,,,,,,,,,
,,,,,,,,,,
,,,,,,,,,,
,,,,49222.0,,,,,,41193.0
,,,,,,,,,,
,,,,60984.0,,,,,1740.0,5662.0
,,,,,,,,,,
,,,,37096.0,,,,,,-2995.0
,,,,,,,,,,
,,,,,,,,,,
,,,,,,,,,,
,,,,,,,,,,
,,,,,,,,,,
,,,,,,,,,,
,,,,,,,,,,-3150.0
,,,,,,,,,,
,,,,,,,,,,-178591.0
,,,,,,,,,,
,,,,26670.0,,,,,,15731.0
,,,,,,,,,,
1698000.0,,,,,,,,,,
,,,,,,,,,,
,,,,,,,,,,
,8.0,4.0,,,,2010.0,,,2460.0,3763.0
,,,,,,,,,,2902.0
,,,,,,,,,,
,,,,,,,,,,
,,,,47050.0,,,,,,
,1.0,,,,,,,,,
,,,,41382.0,,,96028.0,,,-13504.0
,,4.5,4850.0,40902.0,4850.0,,,,3210.0,27399.0
,,,,,,,,,,
,,,,,,,,,,
,,,,,,,,,,
,,,,,,,,,,
,,,,,,,,,,
,,,,,,,,,,
,,,,,,,,,-1520.0,-3240.0
,,,,,,,,,,
,,,,,,,,,,
,,,,,,,,,,
,,,,,,,,,,
,,,,,,,,,,
,,,,,,,96028.0,,,
,,,,42646.0,,,,,,4487.0
,,,,,,,,,,
,,,,29004.0,,,,,,4470.0
,,,,95832.0,,,,,,35284.0
,,,,,,,,,,
,,,,,,,,,,3490.0
,,,,,,,,,,
,,,,,,,,,,
,,,,,,,,,,
,,,,22764.0,,,,,,4905.0
,,,,,,,,,,
,,,,,,,,,,
,,,,,,,,,,
,,,,,,,,,,
2375000.0,,,,20251.0,,,,,,
,,,,,,,,,,5352.0
,,,,,,,,,,
,,,,,,,,,,
,,,,,,,,,,
,,,,,,,,,,
,,,,,,,,,,
,,,,,,,,,,
,,,,,,,,,,
,,,,,,,,,,
,,,,32380.0,,,,,,3924.0
,,,,,3790.0,,96028.0,,,
,,,,55321.0,,,,,,13768.0
,,,,,,,,,,
,6.0,,,,,,,,,
,,,,19703.0,,,,,,9903.0
,,,,,,,,,,
,,,,,,,,,,
,,,,,,,,,,6999.0
,,,,,,,,,,8116.0
,,,,,,,,,,8116.0
,,,,,,,,,,
,,,,,,,,,,
,,,,31497.0,,,,,,
,,,,,,,,,,
1275000.0,,,5844.0,,5844.0,,,,2431.0,
,,,,,,,,,,
,,,,,,,,,,
,,,,,,,,,,
,,,,,,,,,,2670.0
,,,,,,,,,,
,1.0,,,,,,,,,
1350000.0,,,5530.0,38816.0,5530.0,,,,1730.0,-5601.0
,,,,,,,,,,
,,,,,,,,,,
,,,,28600.0,,,,,,2600.0
,,,,30940.0,,,,,,
,,,,,,,,,,
,,,,,,,,,,
,,,,,,,,,,
,,,,,,,,,,
,,,,,,,,,,
,,,,,,,,,,
,,,,,,,,,,
,,,,,,,,,,
,,,,,,,,,,5742.0
,,,,,,,,,,
,,,,217800.0,,,,,,
,,,,,,,,,,
,,,,,,,,,,
,,,,,,,,,,-2074.0
1160000.0,,,,,4190.0,,,,,5611.0
,,,,,,,,,1180.0,
,,,,,,,,,1200.0,3060.0
,,,,,,,,,,
,,,,,,,,,,
,,4.25,4480.0,,,,,,2290.0,
,,,,,,,,,,
,1.0,,,,,,,,,
,,,,,,,,,,5181.0
1300000.0,,,,,,,,,,-2144.0
,,,,,,,,,,
,,,,,,,,,,
,,,,,,,,,,
,,,,,,,,,,
,,,,,,,,,,
1795000.0,,,5270.0,,4010.0,,,53799.0,1720.0,3315.0
,,,,,,,,,1260.0,
,,,,,,,,,,
1540000.0,,,,,,,,,,
,,,,,,,,,,
,,,,,,,,,,
,,,,,,,,,,
,,,,,,,,,,
,,,,,,,,,,
,,,,,,,,,,
,1.0,,,91476.0,,,,,,
,,,,,,,,,,2557.0
,,,,,,,96028.0,,,5425.0
,,,,,,,,,,
,,,,,,,,,,
,,,,,,,,,,
,,,,114127.0,,,,,,102877.0
,,,,54450.0,,,,,,18507.0
,,,,19204.0,,,,,-1450.0,-6723.0
,,,,,,,,,,
1780000.0,,,,,3950.0,,,,,
,,,,,,,,,,
,,,,,,,,,,
,,,,,,,,,,
,6.0,4.0,,,,,,,,
,,,,,,,,52787.0,,
,,,,,,,,,,
,,,,,,,,,,
,,,,,,,,,,
,,,,,,,,,,
,,,,,,,,,,
,,,,,,,,,,
,,,,35689.0,,,,,,
,,,,,,,,,,
,,,,67518.0,,,,,,19167.0
,,,,,,,,,,
,,,,,,,,,,4041.0
,,,,,,,,,,-3791.0
,,,,,,,,,,
,,,,,,,,,,
,,,,,,,,,-1120.0,-3000.0
,,,,,,,,,,
,,,,,,,,,,
,,,,,,,,,,
,,,,,,,,,,
,,,,,,,,,,
,,,,,,,,,,
,,,,,,,,,,
,,,,,,,,,,
,,,,,,,,,,
1157200.0,,4.25,5860.0,52889.0,4910.0,,,,2540.0,13823.0
,,,,,,,,,,
,,,,,,,,,,
,,,,,,,,,,-3928.0
,,,,48994.0,,,,,,11160.0
1755000.0,,,,,,,,52787.0,,
,,,,,,,,,,
,6.0,3.75,,,3810.0,,,,1980.0,
,,,,,,,,,,
,,,,55847.0,,,,,,29735.0
,6.0,,,,,,,,,6917.0
,,,,,,,,,,
,,,,,,,,,,
,,,,,,,,,,
,,,,,,,,,,3235.0
,,,,,,,,,,
,,,,,,,,,,
,,,,,,,,,,
,,,,,,,,,2010.0,
,,,,,,,,,,
,,,,,,,,,,
,,,,,,,,,,
,,,,,,,,,,
,,,,,,,,,,
,,,,,,,,,,3000.0
,,,,,,,,,1240.0,
,,,,,,,,,,
,,,,,,,,,,
,,,,,,,,,-1276.0,-3606.0
,,,,,,,,,,
,,,,,,,,,,
,,,,,,,,,,
,,,,,,,,,,
,,,,,,,,,,
,,,,,,,,,,
,,,,,,,,,,3390.0
,,,,19163.0,,,,,,9419.0
,,,,214315.0,,,,,,145491.0
,,,,,,,,,,
,,,,,,,,,,-4036.0
,,,,,,,,,,
,,,,,,,,,,-5174.0
,,,,,,,,,,
,,,,,,,,,,
,,,,,,,,,,-2500.0
,,,,,,,,,,
,,,,,,,,,,
,,,,,,,,,,
,,,,,,,,,,
,,,,53578.0,,,,,,-21968.0
,,,,,,,,,,
,,,,36136.0,,,,,-1620.0,
,,,,,,,,,,
1565000.0,,,,,,,,,,
,,,,,,,,,,
1482500.0,,,,,,,,,,
,7.0,4.0,,,,,,,,
,,,,,,,,,,
,,,,,,,,,,
,,,,,,,,,,
,,,,27598.0,,,,,,10513.0
,,,,21894.0,3930.0,,,,,
,,,,,,,,,,
1395710.0,,,,,,,,52787.0,,
1175000.0,,,,20822.0,4060.0,,,,,-3136.0
,,,,,,,,,,
,,,,,,,,,,
,,,,,,,,,,-2961.0
,,,,,,,,,,
,,,,,,,,,,
,,,,,,,,,,
,,,,,,,,,,
,,,,,,,,,,
,,,,,,,,,,
,,,,,,,,,,5057.0
,,,,,,,,,,
1695000.0,,4.0,,,,,,,,
,,,,,,,,,,
,,,,,,,,,,
,,,,,,,,,,
,,,,,,,,,,
1140000.0,,,,33503.0,,,,,,17961.0
,,,,,3880.0,,,,1260.0,2809.0
,,,,,,,,,,
,,,,,,,,,,
,,,,,,,,,,
,,,,,,,,,,
,,,,,,,,,,
,,,,,,,,,,
,,,,,,,,,,
,,,,,,,,,,
,,,,,,,132665.0,81926.0,,
1388000.0,,,,,,,,,,-2130.0
,,,,31626.0,,,,,,-3467.0
,,,,,,,,,,
,,,,,,,,,,
,,,,,,,,,,
,,,,,,,,,,
,,,,,,,,,,-2300.0
,,,,,,,,,,
,,,,,,,,,,6240.0
,,,,,,,,,1860.0,
,,,,,,,,,,
,,,,,,,,,,2470.0
,,,,,,,,,,
,,,,,,,,,,
,,,,,,,,,,
1220000.0,,,,,,,,,,
,,,,,,,,,,
,,,,,,,,,,
1250000.0,,,,,,,,,,
,,4.0,5545.0,871200.0,,1940.0,,,2125.0,
,,,,,,,,,,
,,,,,,,,,,
,,,,,,,,,,
,,,,,,,,,,
,,,,,,,,,,
,6.0,,,,,,,,,
,6.0,,,,,,,,,
,,,,,,,,,,
,,,,22050.0,,,,,,
,,,,,,,,,,
,,,,35362.0,,,,,,
,,,,,,,,,,
,,,,,,,,,,
,,,,,,,,,,
,,,,,,,,53799.0,,8199.0
,,,,,,,,,,
,,,,,,,,,,
,7.0,4.0,,,,,,,2020.0,6540.0
,,,,,,,,,,
,,,,,,,,,,
,,,,,,,,,,
,,,,21183.0,,,,,,8183.0
1648000.0,,,4610.0,,4610.0,,,,2270.0,
,,,,,,,,,,
,,,,,,,,,,
,,,,35060.0,,,,,,
,,,,,,,,,,
,,,,22464.0,,1410.0,,,,2900.0
,,,,,,,,,,
,,,,,,,,,,
,,,,,,,,,1400.0,-2704.0
,,,,,,,,,,
,,,,,,,,,,
,,,,,,,,,,
,,,,,,,,,,
,,,,,,,,53799.0,-1050.0,
,,,,,,,,52787.0,,
,,,,,,,,,,
,,,,,,,,,,
,,,,,,,,,,
,,,,,,,,,,
,,,,,,,,,,4160.0
,,,,,,,,,,
,,,,,,,,,,
,,,,,,,,,,
,,,,20700.0,,,,,,5700.0
,,,,38377.0,,,,,,-22136.0
,,,,,,,,,,3264.0
,,,,,,,,,,
,,,,,,,,,,2595.0
,,,,,,,,,,5655.0
,,,,42689.0,,,,,,24413.0
,,,,,,,,,,
,,,,,,,,,,
,,,,,3790.0,,,,,
,,,,,,,,,,
,,,,,,,,,,
,,,,,,,,,,2780.0
,0.0,0.0,,,,,,,,
,,,,,,,,,,
,,,,,,,,52787.0,,
,6.0,,,,,,,,,
,,,,24046.0,,,,,1400.0,10398.0
,,,,,,,,,1780.0,
,,,,,,,,,-1150.0,
,,,,,,,,,,
,,,,,,,,,,
,,,,,,,,,,
,,,,,,,,,,
,,,,,,,,,,3885.0
,6.0,,,,,,,,1880.0,
,,,,,,,,53799.0,,
,,,,,,,,,,
,,,,,,,,,,
,,,,33980.0,,,,,,23230.0
,,,,,,,,,,
,,,,,,,,,,
,,,,,,,,,,
,,,,,,,,,,
,,,,,,,,,-2270.0,5696.0
,,,,,,,,,,3920.0
,,,,36256.0,,,,,,
,,,,,,,,,,-2450.0
,,,,,,,,,,
,,,,,,,,,,
,,,,,,,,,,
,,,,,,,,,-1150.0,
,,,,83231.0,,,,,,36800.0
,,,,,,,,,,
,,,,,,,,,,
,,,,,,,,,,
,,,,,,,,,,3610.0
,,,,38865.0,,,,,,2985.0
1175000.0,,,4700.0,49658.0,4700.0,,,,1830.0,
,,,,,,,132665.0,81926.0,,
,,,,,,,,,,
,,,,,,,,,,
,6.0,4.5,,,,,,,1820.0,
,,,,,,,,,,
,,,,,,,,,,
,,,,,,,,,,
,,,,,,,,,,
,,,,,,,,,,
,,,,,,,,,,3367.0
,,,,,,,,,,
,1.0,,,,,,,,,
,1.0,,,,,,,,,
,,,,,,,,,,
,,,,,,,,,,
,,,,,,,,,,4050.0
,,,,,,,,,,2386.0
,,,,,,,,,1170.0,
,,,,,,,,,,
,,,,,,,,,,
,,,,147823.0,,,,,-1062.0,104147.0
,,,,,,,,,,
,,,,,,,,,,
,,,,,,,,,,
,,,,,,,,,,
,,,,,,1450.0,,,1300.0,
,,,,,,,,,,
1730000.0,,,4440.0,20668.0,,,,53799.0,,
,,,,,,,,,,
,,,,,,,,,,
,,,,50662.0,,,,,,40063.0
1140000.0,6.0,3.75,5960.0,20197.0,3900.0,2060.0,,,2100.0,7397.0
,,,,27442.0,,,,,,
,,,,,,,,,,2970.0
,,,,,,,,,,
,,,,,,,,,,
,,,,,,,,,,
,,,,,,,,,,
,,,,,,,,52787.0,,
,,,,,,,,,,
,,,,,,,,,,
,,,,,,,,,-1230.0,-2924.0
,,,,,,,,53799.0,,
,,,,,,,,,,
,,,,,,,,,,
,0.0,0.0,,,,,,,,-2400.0
,,,,,,,,,,
,,,,,,,,,,-6526.0
,,,,,,,,,,
,,,,,,,,,,
,,,,,,,,,,
,,,,,,,,,,
,,,,,,,,,,
,,,,,,,,,,
,,,,,,,,,,6222.0
,,,,,,,,,,4495.0
,,,,,,,,,,4063.0
,,,,,,,,,,
,,,,43995.0,,,,,,6718.0
,,,,,,,,,,
,,,,,,,,,,
,,,,,,,,,,
,,,,,,,,,,
,,,,,,,,,,
,,,,,,,,,,
,,,,,,,,,,
,,,,,,,,,,
,,,,,,,,,,
,,,,,,,,,,
,,,,,,,,,,7520.0
1738000.0,,,,,,,,52787.0,-1590.0,-2735.0
,,,,,,,,,,
,,,,,,,,,,
,,,,,,,,,,
,,,,45528.0,,,,,,
,,,,,,,,,,
,,,,,,,,,,
,,,,,,,,,,
,,,,,,,,,,
,1.0,,,,,,,,,
,,,,,,,,,,
,,,,,,,,,,
,,,,,,,,,,
,,,,,,,,,,
,,,,,,,,,,
,,,,,,,,,,
,,,,,,,,,,
,,,,,,,,,,
,,,,,,,,,,9787.0
,,,,,,,,,,-34594.0
,,,,,,,,,,
,,,,,3830.0,,96028.0,,,
,,,,,,,,,,-3000.0
,,4.25,,,3840.0,,,,,2562.0
,,,,,,,,,,
,,,,,,,,,,
,,,,,,,,,,
,,,,,,,,,,
,,,,,,,,,,3030.0
,,,,,,,,,,
,,,,,,,,,,
,,,,,,,,,,
,,,,,,,,,,
,,,,,,,,,,
,,,,,,,,,,
1315000.0,,4.0,4420.0,36342.0,,1680.0,,,,
,,,,239144.0,,,,,,129809.0
,,,,,,,,,,
,,,,,,,,,,
,,,,,,,,,,
,,,,,,,,,,
,,,,,,,,,,
,,,,,,,,,,
,,,,,,,,,,
,,,,32807.0,,,,,,-2194.0
,,,,,,,,52787.0,-1180.0,
1200000.0,,,,,,,,53799.0,,
,,,,,,,,,-1060.0,
,,,,,3930.0,,,,1190.0,
,,,,,,,,,,
,,,,,,,,,,
,,,,,,,,,,
,,,,,,,,,,
,,,,,,,,,,
,,,,35108.0,,,,,,
,,,,,,,,,,-4257.0
1275000.0,,,,,,,,,,
,,,,,,,,,,
,,,,,,,,,,
,,,,,,,,,,
,6.0,,,,,,,,,
,,,,34200.0,,,,,1990.0,11100.0
,,,,,,,,,,
,,,,,,,,,,-2500.0
,,,,,,,,,,
,,,,,,,,,,
1150000.0,6.0,3.75,,49542.0,,,,,1110.0,6185.0
,,,,,,,,,,2596.0
,,,,,,,,,,
,,,,,,,,,,
,,,,,,,,,,
,,,,,,,,,1440.0,9934.0
,,,,,,,,,,
,,,,,,,,,,
,,,,,,,,,,
1250000.0,,5.0,5000.0,32909.0,5000.0,,,,1970.0,20308.0
,1.0,,,,,,,,,
,,,,,,,,,,
,,,,,,,,,,
,,,,,,,,,,2919.0
,,,,,,,,,,
,,,,,,,,,,
,,,,,,,,,,
,,,,22500.0,,,,,,12500.0
,,,,20383.0,,,,,,4758.0
,,,,,,,,,,
,,,,35273.0,,,,,,-3214.0
,,,,,,,,,,
,,,,19783.0,,,,,,4408.0
,,,,,,,,,,
,,,,,,,,52787.0,,
,1.0,,,,,,,,,
,,,,,,,,,,
,,,,,,,,,,
,,,,,,,,,,
,,,,,,,,,,
,,,,,,,,,,
,,,,,,,96028.0,,,
,,,,,,,,,,
,,,,,,,,,,
,,,,,,,,,,
,,,,,,,,,,
,,,,30166.0,,,,,1180.0,10564.0
,,,,,,,,,,
,,,,,,,,,-1040.0,
,,,,,,,,,,
,,,,,,,,52787.0,,
,,,,,,,,,,
,,,,,,,,,,
,,,,,,,,,,
,,,,,,,,,,
,,,,,,,,,,
,,,,,,,,,,
,,,,,,,,,,
,,,,,,,,,,
1695000.0,,,,,,,,,,5900.0
,,,,47044.0,,,,,,34905.0
,,,,,,,,,,
,,,,,,,,,,
,,,,,,,,,,
,,,,35127.0,,,,,,
,,,,,,,,,,2550.0
,,,,,,,,,,2826.0
,,,,,,,,,,
,,3.75,,,,,,,,
,,,,51400.0,,,,,,
,,,,,,,,,,
,,,,,,,,,,
,,,,,,,,,,
,,,,,,,,,,2780.0
,,,,,,,,,,3303.0
,,,,,,,,,,
,,,,,,,,,,
,,,,,,,,,,
,,,,,,,,,,
,,,,,,,,,,
,,,,,,,,,,
,,,,,,,,,,-3601.0
,6.0,,,,,,,,,-5822.0
,,,,,,,,,,-2080.0
,,,,,,,,,,
,,,,,,,,,,
,,,,,,,,,,
,,,,,,,,,,
,,,,,,,,,,
,,,,,,,,,,
,6.0,,,,,,,,,
,,,,,,,,52787.0,,
,,,,,,,,,,
,,,,,,,,,,-3452.0
,,,,,,,,,,
,,,,,,,,,,
,,,,,,,,,,
,,,,,,,,,,-3450.0
,,,,,,,,,,
,,,,,,,,,,
,,,,,,,,,,-2931.0
,,,,,,,,,,
,,,,,,,,,,
,,,,,,,,,,3128.0
,,,,,,,,,,
,,,,,,,,,,
,,,,,,,,,-1560.0,
,,,,,,,,,,
,,,,,,,,,,
,,,,,,,,,,2500.0
,,,,,,,,,,
,,,,,,,,,,
,,,,,,,,,,
,,,,,,,,,,
,,,,,,,,,,
,,,,,,,,,,
,,,,,,,,,,
,,,,,,,,,,
,,,,,,,,,,
,,,,,,,,52787.0,,
,,,,,,,,,,
,,,,,,,,,,
,,,,,,,,,,
,,,,,,,,,,
,,,,,,,,,,
,,,,38677.0,,,96028.0,,,2397.0
,,,,22795.0,,,96028.0,,,-6966.0
,,,,,,,,,,5575.0
,,,,,,,,,,
,,,,,,,,,,
,,,,,,,,,,
,,,,,,,,,,
,,,,,,,,,,2745.0
,,,,,,,,,,
,,,,,,,,,,4608.0
,,,,,,,,,,4646.0
,,,,,,,,,,
,,,,,,,,,,
,,,,,,,,,,2575.0
,,,,,,,,,,
,,,,,,,,,,
,,,,,,,,,,
,,,,,,,,,,
,,,,,,,,,,
,,,,41206.0,3920.0,,,,,4644.0
,,,,,,,,,,7728.0
,,,,,,,,52787.0,,
,,,,,,,,,,
,,,,,,,,,,
1227500.0,,,,,,,,53799.0,,
1900000.0,,4.25,6510.0,,,3260.0,,53799.0,2030.0,
,,,,,,,,,,
,,,,,,,,,,
,,,,,,,,,,
,,,,,,,,,,
,,,,,,,,,,
,,,,,,,,,,3159.0
,,,,,,,,,,
,,,,,,,,,,
,,,,,,,,,,
,,,,,,,,,,
,,,,,,,,,,
,,,,82764.0,,,,,,72690.0
1326000.0,,,,,,,,,,
,,,,,,,,53799.0,,
,,,,,,,,,,
,,,,,,,,,,
,,,,,,,,,,
,,,,,,,,,,
,,,,,,,,,,
,,,,,,,,,,
,,,,,,,,,,
,,,,,,,,,,
,,,,,,,,,,
,,,,,,,,53799.0,,
,,,,223027.0,,,,,,10890.0
1365000.0,,,,,,,,,,
,,,,,,,,,,
,,,,,,,,,,
,,,,,,,,,,
,,,,,,,,,,
,,,,24897.0,,,,,1130.0,13395.0
,,,,,,,,,,
,,,,,,,,,,
,,,,,,,,,,
,,,,,,,,,,
,,,,,,,,,,
,,,,23265.0,,,,,,4492.0
,,,,,,,,,,
,,,,,,,,,,
,,,,36562.0,,,,,,-2789.0
,,,,,,,,,,
,,,,,,,,,,
,,,,,,,,,,6132.0
,,,,,,,,,,9668.0
,,,,,,,,,,
,,,,,,,,,,
,,,,32417.0,,,96028.0,,,
,,,,,,,,,,-2491.0
,,,,,,,,,,
,,,,,,,,,,
,,,,,,,,,,
,,,,,,,,,,
,,,,,,,,,,
,,,,,,,,53799.0,,
,1.0,,,,,,,,,-2530.0
,,,,,,,,,,4443.0
,,,,,,,,,,
,,,,,,,,,,4038.0
,,,,,,,,,,
,,,,,,,,,,
,,,,,,,,,,
,,,,,,,,,,
,,,,,,,,,,
,,,,,,,,,,
,,,,,,,,,,
,,,,,,,,,,
,,,,,,,,,,
,,,,26761.0,,,,,,14365.0
,,,,,,,,,,
,,,,,,,,,,
,,,,,,,,,,
,,3.75,,,3870.0,,,,,
,,,,,,,,,1130.0,-3471.0
,,,,,,,,,,
,,,,,,,,,,
,,,,,,,,,,
,,,,,,,,,,
,,,,,,1420.0,,,,
,,,,,,,96028.0,,,
,,,,,,,,,,-3883.0
,,,,,,,,,,
,,,,,,,,,,
,,,,,,,,,,
,,,,,,,,,,-9514.0
,,,,,,,,,,
,,,,,,,,,,
,,,,,,,,,,
,,,,,,,,53799.0,,
,,,,,,,,,,
,,,,,,,,,,
,,,,50965.0,3870.0,,,,1700.0,-14878.0
1400000.0,,,,,,,,,,
,,,,,,,,,,
,,,,57063.0,,,,,,-88427.0
,,,,41338.0,,,,,,-5323.0
,,,,,,,,,,
,,,,,,,,,,
,,,,,,,,,,
,,,,35201.0,,,,,,
,,,,,,,,,,
,,,,,,,,,,
,,,,27566.0,,,,,,10916.0
,,,,,,,,,,3089.0
,,,,,,,,,,-3495.0
,,,,,,,,,,
,,,,,,,,,,
,,,,,,,,,,
,,,,,,,,,,
,,,,,,,,,,
,,,,,,,,,,
,,,,,,,,,,
,,,,,,,,,,
,,,,,,,,,,
,,,,34092.0,,,,,,
,,,,,,,,,,
,,,,,,,,,,
,,,,,,,,,,
,,,,,,,,,,
,,,,45902.0,,,,,,3481.0
,,,,,,,,,-1080.0,-3397.0
,,,,,,,,,,
,,,,,,,,,,
,,,,,,,,,,
,,,,43995.0,,,,,,-7405.0
,6.0,,,,,1660.0,,,,
,,,,,,,,,,3915.0
,,,,,,,,,,
,,,,,,,,,,2954.0
,,,,,,,,,,
,,,,,,,,,,
,,,,,,,,,,
,,,,,,,,,,
,,,,,,,,,,
,,,,,,,,,,
,,,,,,,,,,
,,,,,,,,,,
,,,,,,,,,,
,,,,,,,,,,
,,,,,,,,,,
,,,,,,,,,,
,,,,,,,,,,
,,,,,,,,,,
,,,,,,,,,,
,,,,,,,,,,
,,,,,,,,,,
,,,,,,,,,,
,,,,,,,,,,
,,,,,,,,,,
,,,,,,,,,,
,,,,,,,,,,
,,,,,,,,,,
,,,,,,,,,,
,,,,,,,,,,
,,,,,,,,,,3000.0
,,,,,,,,,,
,,,,,,,,,,-2843.0
,,,,,,,,,,
,,,,,,,,,,
1355000.0,,,,,,,,,,
,,,,,,,,,,
,,,,,,,,,,
,,,,,,,,,,
,,,,,,,,,,
,,,,,,,,,,2823.0
,,,,,,,,,,
,,,,,,,,,,
,,,,,,,,,,-2550.0
,,,,,,,,,,
,,,,,,,,,,
,,,,,,,,,,
,,,,,,,,,,-2075.0
,,,,,,,,,,
,,,,,,,,,,
,,,,,,,,,,2976.0
,,,,,,,,,,
,,,,,,,,,,2832.0
,,,,,,,,,,
2700000.0,,4.0,,27295.0,,,,,1570.0,
,,,,,,,,,1870.0,
,,,,77550.0,,,,,,36656.0
,,,,,,,,,,
,,,,,,,,,,
1245000.0,,,4610.0,,,1820.0,,,2450.0,3400.0
,,,,,,,,,,
,,,,,,,,,,
,,,,,,,,,,
,,,,,,,,,,
,,,,,,,,,,
,,,,,,,,,,
,7.0,4.0,,,,,,,,
,,,,,,,,,,
,,,,,,,,,,
1300000.0,,,,,4120.0,,,,,
,,,,,,,96028.0,,,
,,,,,,,,,,
,,,,,,,,,,
,,3.75,,,,,,,,
,,,5050.0,,5050.0,,,,,
,,,,,,,,,,
,,,,,,,,,,
,,,,94525.0,,,,,1230.0,80225.0
,,,,,,,,,,
,,,,,,,,,,
,,,,,,,,,,3223.0
,,,,,,,,,,4108.0
,,,,,,,,,,
,,,,,,,,,,
,,,,,,,,,,
,,,,,,,,,,
,,,,,,,,,,
,,,,,,,,,,
,,,,,,,,,,
,,,,,,,,,,
,,,,,,,,,,
,,,,,,,,,,
,,,,,,,,,,
,,,,,,,,,,
,,,,,,,,,,
,,,,,,,,,,
,,,,,,,,,,
,,,,,,,,52787.0,,
,,,,,,,,,,
,,,,,,,,,,
,,,,,,,,,,2978.0
,,,,,,,,,,
,,,,,,,,,,4885.0
,,,,,,,,,,
,,,,,,,,,,3248.0
,,,,,,,,,,
,,,,,,,,,,
,,,,23660.0,,,,,,12253.0
,,,,,,,,,,
,,,4600.0,322188.0,,2200.0,,,,207626.0
,,,,,,,,,,
,,,,,,,,,,
,,,,,,,,,,4168.0
,,,,,,,,,,
,,,,,,,,,,
,,,,,,,,,,
,,,,,,,,53799.0,,-2700.0
,,,,,,,,,,
,,,,,,,,,,
,,,,,,,,,,
,,,,,,,96028.0,,,
,,,,,,,96028.0,,,
,,,,186872.0,,,,,,167672.0
,,,,,,,,,,
,,,,,,,,,,
,,,,,,,,,,
,,,,,,,,,,
,,,,,,,,,,
,,,,,,,,,,
,,,,,,,,,-1050.0,-5016.0
,,,,,,,,,,
,,,,,,,,,,
,,,,,,,,,,5160.0
,,,,,,,,,,
,,,,,,,,,,
,,,,21780.0,,,,,,13951.0
,,,,,,,,,,
,,,,23478.0,,,,,,10867.0
,,,,,,,,,,
1197000.0,,,,,,,,52787.0,2150.0,
,,,,,,,,,,
,,,,,,,,,,
,,,,,,,,,,
,,,,,,,,,,
,,,,,,,,,,-2100.0
,,,,,,,,,,
,,,,,,,,,,
,,,,,,,,,,
,,,,,,,,,,
,,,,,,,,,-1120.0,
,,,,,,,,,,
,,,,,,,,,,
,,,,,,,,,,
,,,,,,,,,,9172.0
,,,,,,,,,,
,,,,,,,,,,
,,,,35123.0,,,,,,
,,,,,,,,,,
,,,,,,,,,,
,,,,,,,,,,
,,,,,,,,,,
,,,,,,,,,,2580.0
,,,,,,,,,,
,,,,,,,,,,
2983000.0,,5.5,7400.0,,6290.0,,,,1290.0,-7544.0
,,,,,,,,,,
,,,,,,,,,,
,,,,,,,,,2330.0,-3402.0
,,,,,,,,,,
,,,,,,,,,,
,,,,,,,,,,
,,,,,,,,,,
,,,,,,,,,,
,,,,,,,,,,
,,,,,,,,,,
,,,,,,,,,,
1228000.0,,,5730.0,44947.0,4280.0,1450.0,,,2420.0,27319.0
,1.0,,,,,,,,-1210.0,2510.0
,,,,,,,,,,
,,,,,,,,,,
,,,,,,,,,,
1399000.0,,,,,,,,52787.0,,
,,,,,,,,,,
,,,,,,,,,,
,,,,,,,,,,
,,,,,,,,,,
,,,,,,,,,,
,,,,,,,,,,
,,,,,,,,,,
,,,,,,,,,,
,,,,,,,,,,
,,,,,,,,,,
,,,,,,,,,,
,,,,,,,,,,
,,,,,,,,,,3140.0
,,,,,,,,,1500.0,
1375000.0,,,,,,,,,,3526.0
,,,,,,,,,1190.0,
,,,,,3860.0,,,,1250.0,
,,,,,,,,,,
,,,,,,,,,,
,,,,,,,,,,
,,,,,,,,,,
,,,,,,,,,,
,,,,209523.0,3980.0,,,,1760.0,143748.0
,,,,,,,,,,
,,,,,,,,,,
,,,,,,,,,,-3238.0
,,,,,,,,,,
,,,,,,,,,,
,,,,,,,,,,
,,,,44374.0,,,,,,4189.0
,,,,,,,,,1670.0,3493.0
,,,,,,,,,,2600.0
,,,,,,,,,,
,,0.5,,,,,,,,
,,,,,,,,,,
,,,,,,,,,,
1200000.0,,,,,,,,,,
,,,,,,,,,,
,,,,,,,,,,
,,,,,,,,,,
,,,,208216.0,,,,,,191228.0
,,,,,,,,,,
,,,,,,,,,,
,,,,,,,,,,-2860.0
,,,,,,,,,,
,,,,,,,,,,
,,,,,,,,,,4709.0
,,,,,,,,,,
,,,,,,,,,,
,,,,47044.0,,,,,,4432.0
,,,,,,,,,,
,,,,,,,,,,-7440.0
,,,,,,,,,1240.0,
,,,,94089.0,,,,,,50094.0
,,,,,,,,,,
3400000.0,,4.0,4260.0,,,,,52787.0,,
,,,,,,,,,,
,,,,,,,,,,
,,,,,,,,,,
,,,,,,,,,,
,,,,,,,,,,
,,,,,,,,,,
,,,,,,,,,,
,,,,,,,,,,
,,,,,,,,,,
,,,,215186.0,,,,,,
,,,,,,,,,,
,,,,179419.0,,,,,,3998.0
,,,,,,,,,,4200.0
1145000.0,,,,,,,,,,
,,,,,,,,,,
,,,,,,,,,,
,,,,19454.0,,,,,,-7525.0
,,,,,,,,,,
3120000.0,,,4490.0,56609.0,4490.0,,,,1780.0,5279.0
,,,,,,,,,,-2520.0
,,,,,,,,,,
2000000.0,,3.75,,,,,,,,
,,,,48037.0,,,,,,
,,,,,,,,,,
,,,,,,,,,,-2395.0
,,,,,,,,,,
,,,,,,,,,,
,,,,,,,,,,
,,,,,,,96028.0,,,
,,,,,,,,,,
,,,,,,,,,,
,,,,,,,,,,
,,,,,,,,,1180.0,
,1.0,,,,,,,,,
,1.0,0.0,,23244.0,,,96028.0,,,3954.0
,,,,,,,,,,
,,,,,,,,,,
,,,,,,,,,,
,,,,,,,,,,
,,,,,,,,,,
,,,,,,,,,,2800.0
,,,,,,,,,,
,,,,,,,,,,
,,,,,,,,,,
,,,,,,,,,,
,,,,,,,,,,2670.0
,,,,,,,,,,
,,,,,,,,,,
,,,,,,,,,,
,,,,,,,,,,
,,,,,,,,,,
,,,,,,,,,,
1350000.0,,,,,,,,52787.0,1140.0,
,,,,,,,96028.0,,,
,,,,,,,,,-1600.0,-28750.0
,,,,,,,,,,
,,,,,,,,,,-2550.0
1500000.0,,,,,,,,53799.0,,
,,,,,,,,,,
,,,,,,,,,,
,,,,32430.0,,,96028.0,,,-3180.0
,,,,,,,,,,
,,,,,,,,,,
,,,,,,,,,1140.0,
1225000.0,,,,,,,,,,
,,,,,,,,,,
,,,,,,,,,,
,,,,,,,,,,
,,,,,,,,,,
,,,,,,,,,,
,,,,,,,,,,-5688.0
,,,,,,,,,,
,,,,,,,,,,
,,,,,,,,,,
,,,,,,,,,,
,,,,,,,,,,
,,,,,,,,,,
,,,,,,,,,,
1700000.0,,,,,3810.0,,,,1700.0,
1565000.0,,,5370.0,323215.0,5370.0,,,,1590.0,313324.0
,,,,,,,,52787.0,-1430.0,
,,,,,,,,,,
,,,,,,,,,,
,,,,,,,,,,
,,,,,,,,,,
,,,,,,,,,,
,,,,,,,,,,
,,,,,,,,,,
,,,,,,,,,,
,,,,,,,,,,5914.0
,,,,,,,,,,
,,,,,,,,,,
1700000.0,,,,336283.0,4070.0,,,,,291670.0
,,,,,,,,,,
1165000.0,,,,,,,,53799.0,,
,,,,,,,,,,
,,,,,,,,,,
,,,,,,,,,,
,,,,,,,,53799.0,,
,,,,,,,,,,
,,,,,,,,,,
,,,,,,,,,,
,,,,,,,,,,
,,,,,,,,53799.0,,
,,,,,,,,,,
,,,,,,,,,,3278.0
,,,,,,,,,,
,,,,,,,,,,
,,4.25,,308080.0,,,,,1170.0,217476.0
,,,,,,,,,,-3240.0
,,,,81892.0,,,,,,63796.0
,,,,,,,,,,
,,,,,,,,,,-2214.0
,,,,,,,,,,
,,,,,,,,,,
,,,,,,,,,,
,,,,,,,,,,
,,,,,,,,,,
,,,,,,,,,,
,6.0,,,,,,,,,
,,,,,,,,,,
,,,,,,,,,,-2500.0
,,,,,,,,,,-4260.0
,,,,,,,,,,
,,,,,,,,52787.0,,
,,,,,,,,,,-2790.0
,,,,,,,,,,
,,,,,,,,,,
,,,,,,,,,,-45628.0
,,,,,,,,,,
,,,,,,,,,,
,,,,23790.0,,,,,,-17064.0
,,,,,,,,,,
,,,,,,,,,,
,,,,,,,,,,4200.0
,,,,,,,,,,
,,,,,,,,,,
,,,,,,,,53799.0,,
,,,,20450.0,,,,,,4869.0
,,,,,,,,,,
,,,,,,,,,,
,,,,,,,,,,
,,,,,,,,,,
,,,,,,,,,,-2726.0
,,3.75,,,,,,,,
,,,,,,,,,,
,,,,,,,,,,2827.0
,,,,,,,,,,3680.0
,,,,40588.0,,,,,,30931.0
,,,,,,,,,,
,,,,,,,,,,
,,,,,,,,,,
,,,,,,,,,,
,,,,,,,,,,
,,,,,,,,,,
,,,,,,,,,,
,,,,,,,,,,
,,,,,,,,,,5360.0
,,,,,,,,,,
,,3.75,,,,,,,,
,6.0,4.5,,,,,,,,
,,,,,,,,,,
,,,,,,,,,,
,,,,,,,,,,
,,,,,,,,,,
,,,,,,,,,,
,,,,,,,,,,
,,,,,,,,,,
,,,,,,,,,,
,,,4350.0,,,1480.0,,,1860.0,
,,,,,,,,,,
,,,,,,,,,,
,,,,20107.0,,,,,,3119.0
,,,,,,,,,,
,,,,55931.0,,,,,,
,,,,,,,,,,
,,,,,,,,,,
,,,,,,,,,,
,,,,,,,,,,
,,,,,,,,,,
,,,,56192.0,,,,,,35692.0
,,,,,,,,,,
,,,,,,,,53799.0,,
,,,,,,,,,,2760.0
,,,,,,,,,,
,,,,,,,,52787.0,,
1150000.0,,,,20609.0,3760.0,,,,,4848.0
,,,,,,,,,,
,,,,,,,,,,4721.0
,,,,,,,,,,
,,,,,,,,,,
,,,,,,,,,,
,,,,180263.0,,,,,,-2246.0
,,,,,,,,,,
,,,,,,,,,,
,,,,,,,,,,
,,,,,,,,,-1050.0,4306.0
,,,,,,,,,,
,,,,,,,,,,
,,,,54450.0,,,,,,4792.0
,,,,266151.0,,,,,,43995.0
,,,,21303.0,,,,,,11606.0
,,,,,,,,,,
,,,,,,,,,,
,,,,,,,,,,
,,,,,,,,,,
,,,,,,,,,,
,,,,,,,,,,
,,,,,,,,52787.0,,
,,,,,,,,,,
,,,,,,,,,,
,,,,,,,,,,
,,,,,,,,,,
,,,,,,,,,,
,,,,,,,,,,
,,,,,,,,,,
,,,,,,,,,,
,,,,,,,,,,
,,,,,,,,,,
,,,,,,,,,,
,,,,,,,,,,
,,,,,,,,,,
,,,,,,,,,,
,,,,,,,,,,
,,,,,,1590.0,,,,
,,,,,,,,,,3434.0
,,,,,,,,,-1312.0,
,,,,,,,,,,
,,,,,,,,,,
,,,,,,,,,,
,,,,,,,,,,
,,,,,,,,,,
,,,,,,,,,,3152.0
,,,,,,,,,,
,,,,,,,,,,
,,,,,,,,,,
,,,,,,,,53799.0,,-5601.0
,,,,,,,,,,
,,,,,,,,,,
,,,,,,,,,,
,,,,,,,,,,
,,,,,,,96028.0,,,
,,,,,,,,,,
,,,,,,,,,1330.0,
,,,,52983.0,,,,,,44228.0
,,,,,,,,,,
,,,,,,,,,,
,,,,,,,,,,
,,,,40173.0,,,,,,-2843.0
,,,,,,,,,,
1325000.0,,,,,,1510.0,,,,
,,,,,,,,,,-2200.0
,,,,,,,,,,
,,,,,,,,,,
,,,,,,,,,,
,,,,,,,,,,
,,,,,,,,,,
,,,,42247.0,,,,,,
,,,,,,,,,,
,,,,,,,,,1180.0,
,,,,,,,,,,
,,,,,,,,,,
,,,,,,,,,,5575.0
,,,,,,,,,,
,,,,,,,,,,
,,,,,,,,,,
,,,,34238.0,,,,,,-2352.0
,,,,,,,,,,
,,,,,,,,,,
,,,,,,,,,,
,,,,,,,,,,
,,,,,,,,,,
,,,,,,,,,,
,,,,,,,,,,2516.0
,,,,,,,,,,
,,,,77536.0,,,,,,36087.0
,,,,,,,,,,
,,,,,,,,,,
,,,,,,,,,,
,,,,,,,,,,
,,,,,,,,,,
,,,,,,,,,,
,,,,,,,,,,2645.0
,,,,,,,,,,
,,,,,,,,,,
,,,,,,,,,,
,,,,35346.0,,,,,,-2500.0
,,,,,,,,,,
,,,,,,,,,,
,,,,,,,,,,
,,4.0,,51908.0,4090.0,,,,,10253.0
,,,,,,,,,,
,,,,,,,,,,
,,,,,,,,,,
,,,,,,,,,,
,,,,,,,,,,
,,,,,,,,,,
,,,,,,,,,,
,,,,,,,,,,
,,,,,,,,,,
,,,,,,,,,,
,,,,,,,,,,
1135000.0,,,,,,1730.0,,53799.0,,-2114.0
,,,,,,,,,,
,,,,,,,,,,
,,,,,,,,,,
,,,,25160.0,,,,,,
,,,,,,,,,,
,,,,,,,,,,
,,,,,,,,,,6300.0
,,,,97661.0,,,96028.0,,,43668.0
,,,,,,,,,,
,,,,,,,,,,-2112.0
,,,,,,,,,,
,,,,,,,,,,
,,,,,,,,,,
,,,,,,,,,,
,,,,,,,,,,2439.0
,,,,,,,,,,-2200.0
1308000.0,,,,,,1600.0,,,,
,,,,,,,,,,
,,,,,,,,,,
,,,,,,,,,,
,,,,,,,,,,
,,,,,,,,,,
,,,,,,,,,,
,,,,,,,,,,
,,,,,,,,,,
,,,,,,,,,,
,,,,,,,,53799.0,,
,,,,,,,,,,
,,,,,,,,,,
,,,,,,,,,-1050.0,
,,,,,,,,,,
,,,,,,,,,,
,,4.0,4320.0,,,,,,,
,,,,35265.0,,,,,,
,,,,,,,,,,6722.0
,,,,,,,,,,5307.0
,,,,,,,,,,
,7.0,,,29699.0,,,,,1490.0,22144.0
,,,,,,,,,,
,,,,,,,,,,
,,,,,,,,,,
,1.0,,,,,,,,,
,,,,,,,,,,
,,,,,,,,,,
,,,,,,,,,,
,,,,,,,,,,
,,,,,,,,,,
,,,,224769.0,,,,,,112385.0
,,,,,,,,,,
,,,,76665.0,,,,,,57331.0
,,,,,,,,,,
,,,,,,,,,,
,,,,,,,,,,
,,,,,,,,,,
,,,,,,1460.0,,,,
,,,,,,,,,,
,,,,,,,,,,
,,,,,,,,,,
,,,,,,,,,,
,,,,,,,,,,
,,,,,,,,,,
,,,,,,,,,,
,,,,,,,,,,
,,,,,,,,,,4418.0
,,,,,,,,,,
,,4.25,4720.0,,,1510.0,96028.0,,,-18587.0
,,,,,,,,,1150.0,4432.0
1688000.0,,4.0,5000.0,,5000.0,,,,,
,,,,,,,,,,3020.0
,,,,,,,,,,
,,,,,,,,,,
,,,,,,,,,,
,,,,,,,,,,
,,,,,,,,,,
,,,,,,,,,,-2174.0
,,,,,,,,,,
,,,,,,,,,,
,,,,,,,,,,
,,,,,,,,,,
,,,,,,,,,,
,,,,57499.0,,,,,1460.0,16553.0
,,,,,,,,,,
,,,,,,,,,,
,,,,,,,,,,-2415.0
,,,,,,,,,,
,,,,,,1700.0,,,1510.0,
,,,,35081.0,3770.0,,96028.0,,,
,,,,,,,,,,
,,,,,,,,,,
,,,,,,,,,,2400.0
1575000.0,,,,22672.0,,,,,,
,,,,,,,,,,
,,,,64468.0,,,,,,
,,,,,,,,,,
,,,,,,,,,,
,,,,,,,,,-1650.0,
,,,,,,,,,,
,,,,,,,,,,
,,,,20820.0,,,,,,10020.0
,,,,,,,,,,
,,,,30649.0,,,96028.0,,,
,,,,,,,,,,
,,,,,,,,,,
,,,,,,,,,,
,,,,,,,,,,
,,,,,,,,,,
,,,,,,,,,,
,,,,,,,,,,
,,,,,,,,,,
1250000.0,,,,,,,,,1150.0,3000.0
,,,,,,,,,,7080.0
,,,,,,,,,,
,,,,,,,,,,
,,,,,,,,,,
,,,,,,,,,,
,,,,30346.0,,,,,,24463.0
,,,,,,,,,1390.0,
,,,,,,,,,,
,,,,,,,,,,-2266.0
,,,,,,,,,,
,,,,,,,,,,
,,,,,,,,,,
,,,,,,,,,,
,,,,,,,,,,
,,,,,,,,,,
,,,,,,,,,,
,,,,,,,,,,
,,,,,,,,,,
,,,,,,,,,,2716.0
,,,,,,,,,,
,,,,,,,,,,
,,,,,,,96028.0,,,
,,,,,,,,,,
,,,,,,,,,,2400.0
,,,,,,,,,,
,,,,,,,,,,
,,,,,,,,,,
,,,,,,,,,,
,,,,,,,,,,
,,,,,,,,,,2733.0
,,,,,,,96028.0,,,
,,,,,,,,,,
,,,,,,,,,,
,,,,,,,,,,
,,,,,,,,,,
,,,,,,,,,,
,,,,,,,,,,
,,,,,,,,,,-2166.0
,,,,,,,,,,
,,,,,,,,,,
,,,,,,,,,,
,,,,,,,,,,
,,,,,,,,,,
,,,,,,,,,,4506.0
,,,,,,,,,,-2736.0
,,,,,,,,,,
,,,,,,,,,,
,,,,,,,,,,
,,,,,,,,,,
,,,,,,,,,,
,,,,,,,,,,
,,,,,,,,,,
,,,,,,,,,,
1769000.0,,,5440.0,38900.0,5440.0,,96028.0,,,-2413.0
,,,,,,,,52787.0,,
,,,,43560.0,,,,,,26229.0
,,,,,,,,,,
,,,,,,,,,,
,,,,,,,,,,
,,,,237402.0,,,,,,8277.0
,,,,,,,96028.0,,,
,,,,,,,,,,
,,,,,,,,,,
,,,,,,,,,,
,,,,,,,,,,-2213.0
,,,,,,,,,,-2720.0
,,,,,,,,,,
,,,,71874.0,,,,,,20474.0
,,,,,,,,,,
,,,,,,,,,,
,,,,,,,,,,2540.0
,,,,,,,,,,
,,,,,,,,53799.0,-1550.0,
,,,,,,,,,,
,,,,,,,,,,
,,,,,,,,,,
,,,,,,,,,,
,,,,,,,,,,
,,,,,,,,,,5813.0
,,,,,,,,,,
,,,,,,,,,,-2620.0
,,,,,,,96028.0,,,
,,,,,,,96028.0,,,
,,,,,,,,,,
,,,,,,,,,,
,,,,,,,,,,
,,,,,,,,,,
,,,,,,,96028.0,,,
,,,,,,,,,,
1582500.0,,,,,,1500.0,,,,
,,,,,,,,,,
1610000.0,,4.5,6085.0,142725.0,6085.0,,,,1255.0,14268.0
,,,,,,,,52787.0,,
,,,,,,,,,,
,,,,,,,,,,
,,,,,,,,,,
,,,,,,,,,,
,,,,35021.0,,,,,,
1650000.0,8.0,,,20666.0,,2020.0,,,,
,,,,,,,,,,
,,,,57063.0,,,,,,
,,,,,,,,,,
,,,,,,,,,,
,6.0,,4250.0,23326.0,,2100.0,,,,7343.0
,,,,,,,,,,
,,,,,,,,,,
,,,,,,,,,,
,,,,,,,,,,
,,,,,,,,,,
,,,,,,,,,,
,,,,,,,,,,
,,,,65340.0,,,,,,-19602.0
,,,,,,,,,,
,,,,,,,,,,
,,,,,,,,,,
,,,,,3920.0,,,,,
,,,,,,,,,,
1250000.0,,,,,,1540.0,,,,
,,,,,,,,,,
1557600.0,,,,,,,,,-1090.0,
,,,5461.0,22880.0,,2196.0,,,3521.0,11885.0
,,,4400.0,,4400.0,,,,,
1565000.0,,,,,,,,52787.0,,
,,,,,,,,,,
,,,,,,,,,,2883.0
,,,,,,,,,,
,,,,,,,,,,
,,,,,,,,,,
,,,,,,,,,,
,,,,422096.0,,,,,1710.0,192100.0
,,,,,,,,,,
,,,,,,,,,,
,,,,,,,,,,
,6.0,,,,,,,,,
,,,,,,,,,,
,,,,,,,,53799.0,,
,,,,,,,,,,
,,,,,,,,,,
,,,,28500.0,,,,,,-3900.0
,,,,,,,,,,
,,,,,,,,,,
,,,,,,,,,,
,,,,,,,,,,
,,,,,,,,,1110.0,
,,,,,,,,,,
,,,,,,,,,,
,,,,92347.0,,,,53799.0,-1250.0,72080.0
,,,,,,,,,,
,,,,,,,,,,
,,,,,,,,,,
,,,,,,,,,,
,,,,,,,,,,
,,,,,,,,,,4705.0
,6.0,,,,,,,,,
,,,,,,,,,,
,,,,,,,,,,
,,,,,,,,,,
,,,,,,,,,,
1378600.0,,,,,,1590.0,,,1140.0,
,,,,,,,,,,
,,,,,,,,,,
,,,,,,,,,,
,,,,,,,,,,
,,,,,,,,,,
,,,,54450.0,,,,,,
,,,,,,,,,,
,,,,,,,,,,
,,,,,,,,,,
,,,,,,,,,,
,,,,,,,96028.0,,,
,,,,,,,,,,
,,,,,,,,,,
,,,,,,,,,,
,,,,,3860.0,,,,,
,,,,,,,,52787.0,,
,,,,,,,,,,
,,,,33000.0,,,,,,
1130000.0,,,,,,,,,,
,,,,,,,,,,
,,,,54450.0,,,,,,3921.0
1225000.0,,,,,,,,52787.0,,
,,,,,,,,,,
,,,,,,,,,,
,,,,,,,,,,
,,,,22326.0,,,,,,11406.0
,,,4470.0,60373.0,4470.0,,,,1260.0,19923.0
,,,,81021.0,,,96028.0,,,41741.0
,,,,,,,,,,-2950.0
,,,,,,,,,,
,,,,117176.0,,,,,,104953.0
,,,,,,,,,,-2668.0
,,,,,,,,,,4189.0
,,,,,,,,,,
,6.0,,,,,,,,2120.0,
,,,,,,,,,,
,,,,,,,,,,
,,,,,,,,,,
,,,,,,,,,,-2960.0
,,,,,,,,,,
,,,,,,,,,,
,,,,,,,96028.0,,,
,,,,,,,,,,
,,,,,,,,,,
,,,,,,,,,,
,,,,,,,,,,
,,,,,,,,,,
,,,,,,,,,,
,,,,,,,,,,
,,,,,,,,,1230.0,6569.0
,,,,,,,,,,
,,,,,,,,,,
,,,,,,,,,,
,,,,,,,,,,
1662000.0,,,,19200.0,,1570.0,,,,12200.0
,,,,,,,,,,
,,,,,,,,,,
,,,,26266.0,,,,,1340.0,6327.0
,,,,46609.0,,,,,,4421.0
,,,,,,,,,,
,,,,,,,,,,2600.0
,,,,,,,,,,-2099.0
,,,,,,,,,,
,,,,,,,,,,
,,,,,,,,,,3206.0
,,,,,,,,,,
,,,,,,,,,,
,,,,,,,,,,
,,,,,,1930.0,,,,
,,,,,,,,,,
,,,,,3750.0,,,,,
,,,,,,,,,,
,,,,,,,,,,
,,,,,,,,,,
1295000.0,,,,,,,,,1330.0,
,,,,,,,,,,
,,,,,,,,,,3758.0
,,,,,,,,,,3391.0
,,,,,,,,,,
,,,,,,,,,,
,,,,,,,,,,-5078.0
,,,,,,,,,,
,,,,,,,,,,
,,,,,,,,,,
,,,,,,,,,,
,,,,,,,,,,
1820000.0,,4.5,6640.0,53330.0,6640.0,,,,2020.0,-15295.0
,,,,,,,,,,
,,,,,,,,,,
,,,,,,,,,,
,,,,,,,,,,
,,,,,,,,,,
,,,,,,,,,,
,,,,,,,,,,
,,,,,,,,,,
,,,,,,,,,,
1175000.0,,,,23180.0,,,,,-1060.0,-11509.0
,,,,,,,,,,
,,,,,,,,,,
,,,,40510.0,,,,,,3521.0
,,,,,,,,,,
,,,,43692.0,,,,,,5754.0
,,,,,,,,,,
,,,,,,,96028.0,,,
,,,,,,,,,,
,,,,35073.0,,,,,,
,,,,,,,,,,
,,,,,,,,,,
,,,,,,,,,,
,,,,,,,,,,
,,,,,,,,,,
,,,,,,,,,,
,,,,,,,,,,2508.0
,,,,,,,,,,
,,,,,,,,,,
,,,,,,,,,,
,,,,,,,,,,
,,,,,,,,,,
,,,,,,,,,,
,,,,,,,,,,
,6.0,,,,,,,,,
,,,,,,,,,,
,,,,19923.0,,,,,,9187.0
,,,,,,,,,,
,,,,,,,,,,
,,,,,,,,,,
,,,,,,,,,,
,,,,,,,,,,
,,,,,,,,,,
,,,,104108.0,,,,,,-6849.0
,,,,64033.0,,,,,1510.0,35773.0
,,,,,,,96028.0,,,
,,,,,,,,,,
,,,,,,,,,,
,,,,,,,,,,
,,,,,,,,,,
,,,,,,,,,,
,,,,,,,,,,
,,,,,,,,,,
,,,,,,,,,,
,,,4620.0,20793.0,4620.0,,,,,
,,,,,,,,,,
,,,,,,,,,,
,,,,,,,,,,
,,,,,,,,,,
,,,,,,,,,,
,,,,,,,,,,
,,,,,,,,,,
,,,,,,,,,,
,,,,,,,,,,
,,,,,,,,,,
,,,,,,,,,,
,,,,,,,,,,
,6.0,4.5,,,,,,,1950.0,
,,,,,,,,,,
,,,,,,,,,,
,,,,,,,,,,
,,,,,,,,,,
,,,,,,,,,,
,,,,,,,,,,
,,,,,,,,,,
,,,,168000.0,,,,,,160037.0
,,,,,,,,,,
,,,,,,,,,,-2151.0
,,,,53400.0,,,,,,-326879.0
,,,,,,,,,,
,,,,,,,,,,
,,,,,,,,,,
,,,,,,,,,,
,,,,,,,,,,
,,,,38180.0,,,,,,
,,,,,,,,,,
,,,,,,,,,,
,,,,,,,,,,
,,,,,,,,,,6050.0
,,,,,,,,,,
,,,,,,,,,,
,,,,,,,,,,
,,,,,,,,,,
,,,,,,,,,,
,,,,,,,,,,
,,,,,,,,,,
,,,,,,,,,,
,,,,21781.0,,,,,,
,,,,21781.0,,,,,,
,,,,,,,,,,6473.0
,,,,,,,,,,
,,,,,,,,,,
1381000.0,,3.75,,,,,,53799.0,,
,,,,,,,,,,3537.0
,,,,,,,,,,
,,,,,,,,,,
,,,,20251.0,,,,,,
,,,,108464.0,,,,,,2614.0
,,,,,,,,,,
,,,,,,,,,,2500.0
1234580.0,,,,,,,,,,-2749.0
,,,,,,,,,,
1450000.0,,,,,,,,,,
,,,,,,,,,,
,,,,,,,,,,
,,,,,,,,,,
,,,,,,,,,,
,,,,,,,,,,
,,,,,,,,,,
,,,,,,,,,,
2555000.0,,,5300.0,26211.0,4570.0,,,,1410.0,6930.0
1400000.0,,,4380.0,66613.0,4380.0,,,,,-3496.0
,,,,,,,,,,
,,,,,,,,,,
,,,,,,,,,,
,,,,28703.0,,,,,,
,,,,,,,,,,
,,,,,,,,,,
1699000.0,,,,35153.0,,,,53799.0,,23620.0
,,,,,,,,,,
,,,,,,,,,,
,,,,,,,,,,
,,,,20682.0,,,,,,10940.0
,,,,,,,,,,
,,,,,,,,,,
,,,,,,,,,,
,,,,,,,,,,
,,,,,,,,,,
,,,,,,,,,,
,,,,,,,,,,
,,,,,,,,,,
,,,,,,,,,,
,,,,,,,,,,
,,,,,,,,,,
,,,,,,,,,,
,,,,,,,,,,
,,,,67756.0,,,,,,
,,,,,,,,,,-2250.0
,,,4500.0,21870.0,4500.0,,,,,
,,,,,,,,,,
,,,,,,,,,,
,,,,,,,,,,-4263.0
3000000.0,,4.25,4850.0,,3850.0,,,,1500.0,
,,,,44967.0,,,,,,
,,,,,,,,,,
,6.0,,,,,,,,2070.0,
,,,,,,,,53799.0,,
,,,,,,,,,,
,,,,,,,,,,
,,,,,,,,,,-2500.0
,,,,36537.0,,,,,,
,,,,,,,,,,
1600000.0,,,,21052.0,,,,,,
1400000.0,,3.75,,,,,,,,
,,,,,,,,,,
,,,,,,,,,,
,,,,,,,,,,
,,,,,3990.0,,,,,
,,,,,,,,,,
,,,,,,,,,,
,,,,54014.0,,,,,,9583.0
,,,,,,,96028.0,,,
,,,,,,,,,,
2100000.0,,,,19865.0,,,132665.0,81926.0,,
,,,,,,,,,,
,,,,,,,,,,
,,,,129808.0,4070.0,,,,,27442.0
,1.0,,,,,,,,,
,,,,,,,,,,
1800000.0,,4.5,4400.0,,,,,,2250.0,
,,,,,,,,,,
,,,,,,,,,,
,,,,,,,,,,
,,,,,,,,,,
,,,,,,,,,,-3050.0
,,,,29043.0,,,,,2110.0,6043.0
,,,,,,,,53799.0,,3000.0
,,,,,,,,,,
,,,,,,,,,,
,,,,,,,,,,
,,,,,,,,,,
,,,,52707.0,,,,,,
,,,,,,,,,,
,,,,,,,,,,-5786.0
,,,,,,,,,,
,,,,,,,,,,9040.0
,,,,,,,,,,2701.0
,,,,,,,,,,
,,,,,,,,,1310.0,
,,,,,,,,,,
,,,,,,,,,,
,,,,,,,,,,
,,,,,,,,,1685.0,7281.0
,,,,,,,,,,
,,,,,,,,,,
,,,,,,,,,,
,,3.75,,,,,,52787.0,,
,,,,,,,,,,
,,,,,,,,,,
,,,,,,,,,,
,,,,37451.0,,,,,,24326.0
,,,,,,,,,,
,,,,,,,,,,
,,,,24539.0,,,,,,13539.0
,,,,27081.0,,,,,,15056.0
,,,,,,,,,,
,,,,,,,,,,
1168000.0,,,,,,,,,,
,,,,,,,,,,
,,,,,,,,,,
,,,,,,,,,,2894.0
,,,,,,,,,,
,,,,,,,,,,
,,,,,,,,,,
,,,,,,,,,,
,,,,,,,,,,
,,,,,,,,,,
,,,,,,,,,,
,,,,,,,,,,
,,,,,,,,,,
,,,,,,,,,,
,,,,,,,,,,
,,,,,,,,,,
,,,,,,,,,,
,,,,,,,,,,
,,,,41458.0,,,,,,3133.0
,,,,46609.0,,,,,1190.0,11809.0
,,,,,,,,,,
,,,,,,,,,,2723.0
,,,,,,,,,,
,,,,,,,,,,
,,,,,,,,,,
,,,,,,,,,,-2470.0
,,,,,,,,,,
,,,,,,,,,,
,,,,,,,,,,
,,,,,,,,,,
1164000.0,,,,,,,,,,
,,,,,,,,,,
,,,,,,,,,,
,,,,,,,,,,
,,,,,,,,,,3032.0
,,,,,,,,,,-2318.0
,,,,,,,,,,
,,,,,,,,,,
,,,,,,,,,,
,,,,,,,,,1250.0,
,,,,,,,,,,-5910.0
,,,,,,,,,,-5910.0
,,,,,,,,53799.0,,
,6.0,,,,,,,,,-2160.0
,,,,,,,,,,
,,,,,,,,,,
,,,,,,,,,,
,,,,,,,,,,
,,,,,,,,,,
,,,,,,,,,,
,,,,,,,,,,
,,,,,,,,,,
,,,,156816.0,,,,,,
,,,,,,,,,,
,1.0,,,,,,,,,
,,,,,,,,,,
,,,,,,,,,,
1170000.0,,,,,,,,,,-3337.0
,,,,,,,,,,
,,,,,,,,,,
,,,,,,,,,,
,,,,,,,,,,
,,,,,,,,,,
,,,,,,,,,,
,,,,,,,,,,
,,,,,,,,,,-10242.0
,,,,,,,,,,
,,,,,,,,,,
,,,,,,,,,,
,,,,,,,,,,
,,,,,,,,,,
,,,,,,,,,,
,,,,,,,,,,
,,,,,,,,,,
,,,,,,,,,,
,,,,,,,,,,
1705000.0,,,4290.0,,,1810.0,,53799.0,,
,,,,,,,,,,
,,,,,,,,,,
,,,,,,,,,,
2300000.0,,,,,,,,,1470.0,
,,,,,,,,,,
,,,,20400.0,,,,,,-33178.0
,,,,,,,,,,4490.0
,,,,,,,,,,
,,,,,,,,,,
,,,,,,,,,,
,,,,,,,,,,
,,,,,,,,,,3091.0
,,,,,,,96028.0,,,
,,,,,,,,,,
1295000.0,,,,,,,,,,3210.0
,,,,,,,,,,
,,,,32496.0,,,,,,-3010.0
,1.0,,,,,,,,,
,,,,,,,,,,-4561.0
,,,,,,,,,,
,,,,,,,,,,-2735.0
,,,,,,,96028.0,,,
,,,,,,,,,,
,,,,,,,96028.0,,,
,,,,,,,,,,
,,,,,,,,,1880.0,-52081.0
,,,,,,,,,,
,,,,,,,,,,
,,,,,,,,,,5383.0
,,,,,,,,,,-2400.0
,,,,,,,,,,
,,,,,,,,,,
,,,,,,,,,,
,,,,,,,,,,
,,,,,,,,,,-3056.0
,,,,,,,,,,-3056.0
,,,,,,,,,,
,,,,,,,,,,
,,,,,,,,,,
,,,,,,,,,,
,,,,35283.0,,,,,,
,,,,,,,,,,
,,4.25,,,,,,,,
,6.0,,,,,,,,,
,,,,,,,,,,
,,,,,,,,,,
,,,,,,,,,,
2750000.0,,4.0,,,,,,,1150.0,
,,,,,,,,,,-2471.0
,,,,,,,,,,5797.0
,,,,,,,,,,
,,,,,,,96028.0,,,
,,,,,,,,,,
,,,,,,,,,,
,,,,,,,,,,
,,,,,,,,,,
,,,,,,,,,,
,,,,,,,,,,
,,,,,,,,,,
,,,,,,,,,,
,,,,,,,,,,
,,,,,,,,,,
,,,,,,,,,,
,,,,,,,,,,3125.0
,,,,,,,,,,
,,,,,,,,,,-2268.0
1655000.0,,,,,,,,,,
,,,,,,,,,,2350.0
,,,,,,,,,,4062.0
,,,,,,,,,,4004.0
,,,,,,,,,,
,,,,,,,96028.0,,1260.0,5686.0
1180000.0,,,,,,,,53799.0,,
,,,,,,,,,,
,,,,,,,,,,
,,,,,,,,,,
,,,,,,,,,,
,,,,,,,,,,
,,,,,,,,,,
,,,,,,,,,,
,,,,,,,,,,
,,,,,,,96028.0,,,
,,,,,,,,,,
,,,,,,,,,,
,,,,,,,,,,
,,,,,,,,,,
,,,,,,,,,,
,,,,,,,,,,
,,,,,,,,,,
1325000.0,,,,,,,,,,
,,,,,,,,,,2677.0
,,,,,,,,,,
,,,,,,,,,,
,,,,,,,,,,
,,,,,,,,,,
,,,,,,,,,,
,,,,,,,,,,
,,,,,,,,,,
,,,,,,,,,,
,,4.5,,,3810.0,,,,,
,,,,,,,,,,
,1.0,,,,,,,,-1040.0,
,,,,,,,,,,
,,,,,,,,,,
,,,,,,,,,,
,,,,,,,,,,
,1.0,,,,,,,,,7640.0
,,,,,,,,53799.0,,
,,,,,,,,,,
,,,,219542.0,,,,,,
,,,,,,,,,,
,,,,,,,,,,
,,,,,,,,,,
,,,,,,,,,,
,,,,,,,,,,
,,,,,,,,,,
,,,,,,,,,,
,,,,,,,,,,
1209000.0,,,4330.0,26162.0,4330.0,,,,,
,,,,,,,,,,-2500.0
,,,,,,,,,,
,,,,19283.0,,,,,,9539.0
,,,,,,,,,,-3200.0
,,,,,,,,,,
,,,,85377.0,,,,,,19257.0
,,,,42159.0,,,,,,16950.0
,,,,,,,,,,
,,,,,,,,,,
,,,,,,,,,,
,,,,,,,96028.0,,,
,,,,,,,,,,2835.0
,,,,,,,,,,
,,,,,,,,,,3021.0
,,,,31411.0,,1410.0,,,,19033.0
,,,,,,,,,,
,,,,,,,,,,-4092.0
3200000.0,,,4560.0,,,1800.0,,,,
,,,,,,,,,,
,,,,,,,,,,
,,,,,,,,,,
,,,,,,,,,,
,,,,,4030.0,,,,1900.0,
,,,,,,,,53799.0,,
,,,,,,,,,,
,,,,,,,,,,
,,,,,,,,53799.0,,
,,,,,,,,,,
,,,,,,,,,,
,,,,,,,,,,
,,,,,,,,,,
,,,,,,,,,,
,,,,,,,,,,
,,,,,,,,,,
,,,,,,,,,,
,,,,,,,,,,
,,,,,,,,,1260.0,
,,,,,,,,,1640.0,
,,,,53882.0,,,,,,21257.0
,,,,,,,,,,
,,,,,,,,,1720.0,
,,,,,,,,,,
,,,,,,,,,,
,,,,,,,,,,2819.0
,,,,,,,,,,
,,,,,,,,,,
,,,,250470.0,,,,,,-109530.0
,,,,,,,,,,-7004.0
,,,,,,,,,,
,,,,,,,,,,
,,,,,,,,,,
,,,,,,,,52787.0,,
,,,,,,,,,,
,,,,,,,,,,-6775.0
1450000.0,,,5000.0,38012.0,,,,,1150.0,19958.0
,,,,,,,,,,
1750000.0,6.0,,,,,,,52787.0,,
,,,,,,,,,,
,,,,,,1640.0,,,,
,,,,,,,,,,
,,,,,,,96028.0,,,
,,,,,,,,,,
,,,,,,,,,,
,,,,,,,,,,
,,,,35362.0,,,,,,
,,,,19988.0,,,,,-1190.0,9498.0
,,,,,,,,,,
,,,,,,,96028.0,,,
,,,,21303.0,,,96028.0,,,3383.0
,,,,21303.0,,,96028.0,,,3383.0
,1.0,,,,,,,,,7105.0
1142000.0,,,,,,,,52787.0,-1170.0,
,,,,,,,,,,
1185000.0,,,,,,,,,,-5681.0
,,,,,,,,,,
,,,,,,,,,,
,,,,,,,,,,
,,,,,,,,,,
,,,,,,,,,,
,,,,,,,,,,
1200000.0,,,,,4170.0,,,,,
,,,,,,,,,,
,,,,,,,,,,
,,,,,,,,52787.0,,
,,,,,,,,,1730.0,
,,,,,,,,,,
,,,,,,,,,,
,,,,,,,,,,
1300000.0,,,,33310.0,4170.0,,,,,-4650.0
,,,,,,,,,,
,,,,,,,,,,
,6.0,,,,,,,,,
,,,,,,,,,,
,,,,,,,,,,
,,,,,,,,,1280.0,
,,,,,,,,,,
,,,,,,,,,,
,,,,,,,,,,
,,,,35070.0,,,,,,
,,,,,,,,,,
,,,,,,,,,,
,,,,,,,,,,
2795000.0,,,4590.0,,,,,,1670.0,4184.0
,,,,,,,,,,
,,,,,,,,,,
,,,,,,,,,,-2110.0
,,,,,,,,,,
,,,,,,,,,,
,,,,,,,,,,
,,,,,,,,,,
,,,,,,,,,-1060.0,
,,,,,,,,,,
,,,,,,,,,,
1250000.0,,,,28300.0,,,,,,5050.0
,,,,,,,,,,
,,,,,,,,,,
,,,,,,,,,,
,,,,,,,,,,
,,,,,,,,,,
,,,,,,,,,,
,,,,,,,,,,
,,,,,,,,,,
,,,,,,,,,,-2907.0
,,,,,,,,,,
,6.0,,,,,1540.0,,,,3520.0
,,,,,,,,,,
,,,,,,,,,,
,,,,,,,,,,
,,,,,,1420.0,,,1190.0,
,,,,,,,,,,
,,,,21158.0,,,,,,12533.0
,,,,,,,,,,
,,,,,,,,,,
,,,,,,,,,,
,,,,,,,,,,
,,,,,,,,,,
,,,,,,,,,,
,,,,,,,,,,
,1.0,,,,,,,,,
,,,,35000.0,,,,,,
,,,,,,,,,,
,,,,,,,,,,2600.0
,,,,,,,,,,
,,,,,,,,,,
,,,,,,,,,,
,,,,,,,,,,
,,,,,,,,,,
,,,,,,,,,,
,,,,,,,,,,8282.0
,,,,,,,,,,
,,,,,,,,,,-2571.0
,,,,,,,,,,
,,,,,,,,,,
,,,,,,,,,,
,,,,72309.0,,,,,,35889.0
1730000.0,,,5000.0,26540.0,,1590.0,,53799.0,1640.0,9142.0
,1.0,0.5,,,,,,,,
,,,,,,,,,,
1420000.0,,,,,,,,,1880.0,
,,,,,,,,,,3826.0
,,,,,,,,,,
,,,,,,,,,,
,,3.75,,226076.0,,,,,,170755.0
,,,,65340.0,,,,,,24394.0
,,,,,,,,,,
,,,,,,,,,,
,,,,,,,,,,
1135000.0,6.0,4.25,6900.0,244716.0,4820.0,2080.0,,,2730.0,-21871.0
1545000.0,,,,,,,,,,
,,,,61014.0,,,,,,
,,,,32565.0,,,,,,
,,,,101529.0,,,,,,
,,,,,,,,,,
,,,,,,,,,,
,,,,,,,,,,
,,,,,,,,,,-2413.0
,,,,,,,,,,
1400000.0,,,,,,,,,,
,,,,,,,,,,
,,,,,,,,,,
,,,,,,,,,,
,,,,,,,,,,
,,,,,,,,,,
,,,,,,,,,,
,,,,,,,,,,-2212.0
,,,,,,,,,,
,,,,,,,,,,
,,,,,,,,,,
,,,,,,,,,,
,,,,,,,,,,2850.0
,,,,188200.0,,,,,,103258.0
,,,,,,,,,,
,,,,,,,,,,-3596.0
,,,,,,,,,,
,,,,,,,,,,
,,,,,,,,,,-4445.0
,,,,31941.0,,,,,,-3424.0
1370000.0,,,,,,,,,,10089.0
,,,,,,,,,,
,,,,,,,,,,
,,,,,,,,,,
,,,,,,,,,,
,,,,,,,,,,
,,,,,,,,,,
,,,,,,,,,,
,,,,,,1510.0,,,,-3686.0
,,,,,,,,,,
,,,,,,,,,,
,,,,,,,,,,
1280000.0,,,,,,,,,,
,,,,,,,,,1450.0,
1580000.0,,,4570.0,74487.0,4570.0,,,,,
,,,,,,,,,,
,,,,,,,,,,
,,,,,,,,,,
,,,,,,,,,,
,,,,,,,,,,
,6.0,,,,,1530.0,,,,
,,,,,,,,,,
,,,,,,,,,,
,,,,,,,,,,
,1.0,,,,,,,,,
,,,,35802.0,,,,,,-4708.0
,,,,,,,,,,
,6.0,4.5,,,,,,,,
,,,,,,,,,,
,,,,,,,,,,
,,,,,,,,,-1270.0,
,,,,,,,,,,
,,,,,,,,,,
2200000.0,,4.5,5840.0,,4570.0,,,,,
,,,,,,,,,,4322.0
,,,,,,,,,,
,,,,,,,,,,
,,,,,,,,,,
1250000.0,,4.25,4980.0,,,1900.0,,,2140.0,
,,,,,,,,,,
,,,,,,,,,,
,,,,,,,,,,
,,,,,,,,,,4722.0
,,,,,,,,,,-2942.0
,,,,,,,,,,
,,,,,,,,,,
,,,4560.0,,3800.0,,,,2200.0,2622.0
,,,,40752.0,,,,,,32752.0
1236300.0,,,,,,,,,1120.0,
,6.0,,,,,,,,1160.0,
,,,,,,,,,,2942.0
,,,,,,,96028.0,,,
,,,,,,,,,,
,,,,,,,,,,
,,,,43350.0,,,,,,-177499.0
1850000.0,,,,,,,,52787.0,,
,,,,,,,,,,
,,,,,,,,,,
,,,,,,,,,,
,,,,,,,,,,
,,,,,,,,,,4069.0
,,,,,,,,,,4069.0
,,,,,,,,,,
,,,,,,,,,,
,,,,,,,,,,
,,,,,,,,,,
,,,,,,,,,,
,,,,20349.0,,,,,,7549.0
,,,,,,,,,,
,,,,,,,,,,
,,,,,,,,,,-5178.0
,,,,,,,,,,
1280000.0,,,4340.0,,,1490.0,,,3050.0,
,,,,,,1430.0,,,,
,,,,,,,,,,
,,,,,,,,,,
,,,,,,,,,,
,,,,,,,,,,
,,,,,,,,,,
,,,,,,,,,,
,,,,,,,,,,
,,,,24792.0,,,96028.0,,,
,,,,,,,,,,
,,,,,,,,,,
,,,,,,,,,,
,,,,,,,,,,
,,,,,,,,,,
,,,,,,,,,,
,,,,,,,,,-1280.0,
,,,,,,,,,,
,,,,,,,,,,
,,,,,,,,,,4649.0
,,,,,,,,,,
,,,,,,,,,,
,,,,,,,,,,
,,,,,,,,,,
,,,,,,,,,,
,,,,,,,,,,
,,,,,,,,,,
,,,,,,,,,,
,,,,,,,,,,
,,,,,,,,,,
,,,,,,,,,,
,,,,,,,,,,
,,,,,,,,,,
,,,,,,,,,,
,,,,,,,,,,-5227.0
,,,,,,,,,,
,,,,,,,,,,
,,,,,,,,,,
,,,,,,,,,,
,,,,,,,,,,
,,,,,,,,,,
,,,,,,,,,,
1785000.0,,,5490.0,,,2580.0,,,1200.0,
,,,,,,,,,,5050.0
,,,,189486.0,,,,,,-29124.0
,,,,,,,,,,
,,,,,,,,,,
,,,,,,,,,,
,,,,,,,,,,
,,,,,,,,,,
1600000.0,,,4320.0,32840.0,4320.0,,,,,
,,,,,,,,,,5211.0
,,,,,,,,,,
,,,,,,,,,,
,,,,,,,,,,4026.0
,,,,,,,,,,
1620000.0,,,,,3820.0,,,,1380.0,
,,,,21744.0,,,,,,9544.0
,,,,,,,,,,
,,,,,,,,,,
,,,,,,,,,1800.0,
,,,,,,,,,,
,,,,,,,,,,
,,,,,,,,,,
,,,,,,,,,,
,,,,,,,,,,
,,,,,,,,,,-2186.0
,,,,,,,,,,
1475000.0,,,,,,1940.0,,52787.0,,
,,,,,,,,,,
,,,,,,,,,,
,,,,,,,,,,
,,,,,,,,,,
,,,,,,,,,,
,,,,,,,,,,
,,,,,,,,,,
,,,,,,,,,,
,,,,21450.0,,,,,,10200.0
,,,,,,,,,,
,,,,,,,,,,
,,,,,,,,,,
,,,,,,,,,,
,,,,,,,,,,
,,,,,,,,,,
1950000.0,,,7420.0,167869.0,7420.0,,,,1810.0,
,,,,,,,,,,
,,,,,,,,,1240.0,
1400000.0,,,,,,,,,2050.0,
,,,,,,,,,,-2211.0
,,,,,,,,,,
,,,,,,,,,,
1620000.0,,,,,,,,52787.0,1610.0,
,,,,,,,,,,
,,,,,,,,,1340.0,
,,,,,,,,,,2641.0
,,,,,,,,,,2700.0
,,4.0,4850.0,36450.0,4850.0,,,,,
,,,,,,,,,,
,,,,,,,,,,
,,,,,,,,,,
,,,,,,,,,,
,,,,,,,,,,
,,,,,,,,,,
,,,,80150.0,,,,,,-4356.0
,,,,,,,,,1520.0,
,,,,,,,,,,
,,,,,,,,,,
,,,,,,,,,,
,,,,,,,,,,
,,,,,,,,,,3583.0
,,,,,,,,,,
,,,,,,,,,,
,,,,,,,,,,
,6.0,,,,,,,,,
,,,,,,,,,,
,,,,33106.0,,,,,,-3484.0
,,,,,,,,,,
,,,,,,,,,,
,,,,,,,,,,
,,,,,,1548.0,,,1157.0,
,,,,42884.0,,,,,,-37264.0
,,,,,,1740.0,,,,
1288000.0,,4.0,,,,,,53799.0,,-2197.0
,,,,23522.0,,,,,,
,,,,,,,,,,3600.0
,,,,,,,,,,
,,,,,,,,,,
,,,,,,,,,,
,,,,,,,,,,
,,,,,,,,,,
,,,,,,,,,,-2477.0
,,,,,,,,,,
,,,,,,,,,,
,,,,,,,,,,
,1.0,,,,,,,,,
,,,,92347.0,,,,,,55277.0
,,,,,,,,,,
1443920.0,,,,,,,,,1110.0,
,,,,,,,,,,
,,,,,,,,,,
1130000.0,,,4310.0,28008.0,4310.0,,96028.0,,1140.0,
,,,,,,,,,,
,,,,,,,,,,
,,,,217800.0,,,,,,60113.0
,,,,,,,,,,
,,,,,,,,,,
,,,,,,,,,,
1210000.0,,,,,,,,,,
,,,,,,,,,,
,,,,,,,,,,2516.0
,,,,94525.0,,,,,,47045.0
,,,,,,,,,,3500.0
,,,,,,,,,,
,,,,,,,,,,-7700.0
,,,,38141.0,,,,,,26381.0
,,,,65836.0,,,,,,-31738.0
,,,,,,,96028.0,,,
,,,,,,1500.0,,,,3820.0
,,,4690.0,,,,,,1780.0,
,,,,,,,,,,
1150000.0,,,,,,,,,,
,,,,,,,,,,
,,,,,,,,,,5223.0
,,,,,,1900.0,,,,
,,,,,,,,,,
2575000.0,,,4780.0,20440.0,,,132665.0,81926.0,,
,,,,39960.0,,,,,,3516.0
,,,,27810.0,,,,,,7810.0
,,,,37122.0,3920.0,,96028.0,,1370.0,4475.0
,,,,,,,,,,-36127.0
,,,,,,,,,,
,,,,,,,,,,
,,,,,,,,,,
,,,,,,,,,,
,,,,,,,,,,-2281.0
,,,,,,,,,,
,,,,27806.0,,,,,,
,,,,,,,,,,
,,,,,,,,,,
,,,,,,,,,,
,,,,,,,,,,
,,,,,,,,,,
,,,,,,,,,,
,,,,,,,,,,5130.0
,,,,,,,,,,
,,,,,,,,,,
,,,,,,,,,1130.0,
,,,,,,,,,,-2100.0
3000000.0,,3.75,4590.0,,,,,52787.0,,
,,,,,,,,,,
,,,,,,,,,,
,6.0,4.5,,,4000.0,,,,2620.0,
,,,,,,,,,,
,,4.5,,284011.0,4225.0,,,,1355.0,269435.0
,,,,,,,,,,
,,,,,,,,,,
,,,,,,,,,,
,,,,,,,,,,
,,,,137565.0,,,,,,-19558.0
,,,,,,,,,,
,,,,,,,,,,
,,,,,,,,,,
,,,,,,1630.0,,,,
,,,,,,,,,,
,,,4370.0,217882.0,4370.0,,96028.0,,1940.0,182786.0
,,,,,,,,,,
,,,,,,,,,,
,,,,,,,,,,
,,,,,,,,,,
,,,,,,,,,,
,,,,,,,,,,
1400000.0,,,,,,1560.0,,,,
,,,,35100.0,,,,,,
,,,,,3950.0,,,,,
,,,,,,,,,,3381.0
,,,,,,,,,,
,,,,,,,,,,
,,,,,,,,,,
1300000.0,,,,,,,,,,
,,,,,,,,,,
,,,,,,,,,,
,,,,,,,,,,-5356.0
,,,,,,,,,,
,,,,,,,,,,
,,,,,,,,,,
,,,,,,,,,,
,,,,,,,,,,
,,,,,,,,,,
,,,,54315.0,,,,,-1250.0,13797.0
,,,,,,,,,,-2314.0
,7.0,3.75,5100.0,21802.0,,1460.0,,,1750.0,11797.0
1500000.0,,,,,,,,,,
,,,,,,,,,,
,,,,,,,,,,
,,,,,,,,,,
,,,,,,,,,,
,,,,,,,,,,
,,,,,,,,,,
,,,,,,,,,,
,,,,,,,,,,
,,,,,,,,,,-2700.0
,,,,,,,,,,-3795.0
,,,,,,,,,-1350.0,
,,,,,,,,,,
,,,,,,,,,,
,,,,,,,,,,
1260000.0,,,,,,,,52787.0,,
,,,,213008.0,,,,,,51836.0
,,,,,,,,,,
,,,,,,,,,,-4226.0
,,,,,,,,,,
,,,,,,,,,,
,,,,,,,,,,
,,,,,,,,,,
,,0.5,,,,,,,,
,,,,,,,,,,
,,,,,,,,,,
,,,,22343.0,,,,53799.0,,6661.0
,,,,,,,,,,
,,,,,,,,,,
,,,,,,,,,,
,,,,,,,,,,
,,,,,,,,,,
,,,,,,,,,,
,,,,,,,,,,
,,,,,,,,,,3071.0
,,,,,,,,,,4200.0
,,,,,,,,,,
,,,,,,,,,,
,,,,,,,,,,
,,,,,,,,,,
,,,,,,,,,,
,,,,,,,,,,
,,,,,,,,,,
,,,,,,,,,,
,,,,,,,,,,
,,,,,,,,,,
,,,,,,,,,,
,,,,,,,,,,
,,,,,,,,,,
1195000.0,,,,,,,,53799.0,,
,,,,,,,,,,
,,,,,,,,,,
,,,,,,,,,,
,,,,,,,,,,
,,,,,,,,,,
,,,,,,,,,,
,,,,,3910.0,,,,2050.0,4022.0
,1.0,,,,,,,,-1260.0,-7500.0
,,,,,,,,,,
,,,,,,,,,,
,,,,,,,,,,
,,,,,,,,,,
,,,,,,,,,,
,,,,,,,,,,
,,,,,,,,,,
,,,,,,,,,,
,,,,,,,,,,
,,,,,,,,,,
,,,,,,,,,,
,,,,,,,,,,
,,,,,,,,,,
,,,,,,,,,,
,,,,100623.0,,,96028.0,,,50094.0
,,,,,,,,,,
,,,,,,,,,,
,,,,39639.0,,,,,,-59242.0
,,,,,,,,,,2354.0
,,,,,,,,,,
,,,,,,,,,,
,,,,,,,,,,
,,,,,,,,,,
,,,,104108.0,,,,,,49658.0
1595000.0,,,,,,,,,,-2404.0
,,,,,,,,,,
,,,,,,,96028.0,,,
,,,,,,,,,,
1430000.0,,4.25,,,,,,,1540.0,
,,,,,,,,,,
,,,,,,,,,,-8735.0
,,,,,,,,,,
,,,,,,,,,,
,,,,,,,,,,
,,,,,,,,,,
,,,,,,,,,,
,,,,,,,,,,
,,,,,,,,,,
,,,,23522.0,,,,,,
,,,,29930.0,,,,,,
,,,,93218.0,,,,,,-78844.0
,,,,,,,,,,
,,,,,,,,,,
,,,,,,,,,,
,6.0,,,210830.0,,,,,,-6970.0
,,,,,,,,,,-2939.0
,,,,,,,,,,-2939.0
,,,,,,,,,,
,,,,273556.0,,,,,,
,,,,30378.0,,,,,,-4456.0
,,,,,,,,,,
,,,,,,,,,,
,,,,,,,,,,
,,,,244807.0,,,,,,27007.0
,,,,,,,,,,
,,,,,,,,,,
,,,,,,,,,,
,,,,,,,,,,
,,,,,,,,,,2500.0
,1.0,,,,,,,,,
,,,,,,,,,,
,,,,,,1410.0,,,,
,,,,43560.0,,,,,,-13440.0
,,,,,,,,,,
,,,,,,,,,,
,,,,,,,,,,
,,,,,,,,,,
,,,,36114.0,,,,,,
,,,,,,,,,,
,,,,,,,,,,-2550.0
,,,,,,,,,,
,,,,,,,,,,
,,,,,,,,,,
,,,,,,,,,,
,,,,,,,,,,
,,3.75,,,,,,,,
,,,,,,,,,,
,,,,,,,,,,
,,,,,,,,,,
,,,,,,,,,,2485.0
,,,,,,,,,,
,,,,,,,,,,-21507.0
,,,,148975.0,,,,,,131587.0
,,,,,,,,,,
,,,,,,,,,,
,,,,39639.0,,,,,,9147.0
,,,,,,,,,,
,,,,,,,,,,
,,,,,,,,,,9775.0
,,,,,,,,,,
,,,,,,,,,,
,,,,,,,,,,
,,,,,,,,,,
,,,,,,,,,,
,,,,,,,,,,
,,,,,,,,,,
,,,,,,,,,,
,,,,,,,,,,
,,,,,,,,,,
,,,,,,,,,,
,,,,,,,,,,
,,,,,,,,,,
,,,,41804.0,,,,,,
,,,,,,,,,,-3072.0
,,,,,,,,,,-2500.0
,,,,,,,,,,
,,,,,,,,,,
,,,,,,,,,,
,,,,49928.0,,,,,,12627.0
,,,,,,,,,,
2135000.0,,,,,,,,,,-5940.0
,,,,,,,,,,
1665000.0,,3.75,,,,,,,,3212.0
,,,,,,,,,,
,,,,,,,,,,-2766.0
,,,,385506.0,,,,,,226512.0
,,,,,,,,,,
,,,,,,,,,,
,,,,,,,,,,
,,,,,,,,,,
,,,,,,,,,,
,,,,,,,,,,
,,,,,,,,,,
,,,,,,,,,,3486.0
,,,,,,,,,,
,,,,,,,,,,-2498.0
,,,,,,,,,1260.0,2775.0
,,,,,,,,,,
1300000.0,,4.0,,,,,,,,
,,,,,,,,,,
,,,,,,,,,,
,,,,,,,,,,
,1.0,,,,,,,,,
,1.0,,,,,,,,,
,,,,,,,,,-1370.0,
1190000.0,,,,,,,,,,-4691.0
,,,,,,,,,,
,,,,,,1620.0,,,,
,,,,,,,,,,
,,,,,,,,,,
,,,,,,,,,,
1450000.0,,,,,,,,,1640.0,
,,,,,,,,,,
,,,,,,,,,,
,,,,,,,,,,
,,,,222156.0,,,,,,100188.0
,,,,,,,,,,
,,,,,,,,,,
,,,,,,,,,,-2979.0
1462500.0,,,,,,,,,1780.0,
,,,,,,,,,,7479.0
,,,,,,,,,,
,,4.75,,,,1860.0,,,1980.0,
,,,,,,,,,,
,,,,,,,,,,
,,,,54977.0,3780.0,,,,1350.0,27776.0
,,,,,,,,,,
,,,,,,,,,,
,,,,,,,,,,
,,,,,,,,,,
1305000.0,,,,,,,,,,-5241.0
,,,,59800.0,,,,,,42202.0
,,,,,,,,,,
,,,,,,,,,,
,,,,,,,,,,
,,,,,,,,,,
,,,,,,,,,,
,,,,20281.0,,,,,,
,,,,,,,,,,
,,,,,,,,,,
,,,,,,,96028.0,,,
,,,,,,,,,,
,,,,,,,,,,
,,,,,,,,,,
,,,,,,,,,,-2395.0
,,,,28001.0,,,,,,-6998.0
,,,,,,,,,,
,,,,,,,,,,
,,,,,,,,,,4325.0
,,,,,,,,,,
,,,,20445.0,,,,53799.0,,
,,,,,,,,,,
,,,,,,,,,,
,,,,,,,,,,
,,,,,,,,,,
,,,,,,,,,,
,,,,,,,,,-1610.0,
,,,,,,,,,,
,,,,,,,,,,3278.0
,,,,,,,,,,
,,,,,,,,,,
,,,,,,,,,,
,,,,,,,,,,
,,,,,,,,,,
,,,,,,,,,,
,,,,,,,,,,
,,,,,,,,,,
,,,,329903.0,,,,,,109671.0
,,,,,,,,,,
,,,,,,,,,,
,,,,,,,,,-1190.0,
1199500.0,,,,,,,,53799.0,,
,,,,,,,,,,2600.0
,,,,,,,,,,
,,,,,,,,,,3722.0
,,,,,,,,,,
,,,,,,,,,,
1959000.0,,4.5,6200.0,23373.0,5050.0,,,53799.0,2500.0,8887.0
,,,,,,,,,,
,,,,,,,,,,
,,,,,,,,,,
1650000.0,,,,20400.0,,,,,,
,,,,,,,,,,10400.0
,,,,,,,,,,
,,,,,,,,,,
,,,,,,,,,,
,,,,,,,,,,
,,,,,,,,,,
,,,,,,,,,,
1712750.0,,,,,,,132665.0,81926.0,-1300.0,-8023.0
,,,,,,,,,,
,,,,,,,,,,8008.0
,,4.5,,,,,,,,2814.0
,,,,,,,,,,-2950.0
,,,,,,,,53799.0,,
,,,,,,,96028.0,,,3695.0
,,,,,,,,,,-4436.0
,,,,,,,,,,-5650.0
,,,,,,,,,,
,,,,,,,,,,
,,,,,,,,,,
,,,,,,,,,,
,,,,,,,,,,
,,,,,,,,,,
,6.0,4.0,,,,,,,,
,1.0,,,,,,,,,
,,,,,,,,,,
,,,,,,,,,,
,,,,,,,,,,
,,,4500.0,21780.0,,1460.0,,53799.0,,
,,,,,,,,,,
,,,,,,,,,,
,,,,,,,,,,
,,,4360.0,91158.0,,,96028.0,,,
,,,,,,,,,,
,,,,,,,,,,
,,,,,,,,,,
,,,,,,,,,,
,,,,,,,,,,
,,,,20011.0,,,,,,-13904.0
,,3.75,,,3980.0,,,,,
,,,,,,,,,,
,,,,,,,,,,
,,,,20875.0,,,,,,
,,,,,,,,,,
,,,,21480.0,,,,,,13373.0
,,,,,,,,,,-2540.0
,,,,,,,,,,-2540.0
,,,,,,,,,,
,,,,42981.0,,,,,,-70710.0
1186040.0,,,,,,,,,,
,,,,,,,,,,-4529.0
,6.0,,,,,,,,,
,6.0,,,,,,,,,
,,,,,,,,,,
,,,,,,,,,,
,,,,21010.0,,,,,,2859.0
,,,,,,,,,,
,,,,23030.0,,,,,,8770.0
,,,,,,,,,,
,,,,,,,,,,2483.0
,,,,,,,,,,
,,,,,,,,,,
1340000.0,,,,,,,,,,
1650000.0,,,,,,,,,,
,,,,,,,,,,4950.0
,,,,28324.0,,,,,,13346.0
,,,,,,,,,,
,,,,,,,,,,
,,,,,,,,,,
,,,,,,,,,,
,,,,,,,,,,
,,,,,,,,,,
,,,,,,,,,,
,,,,,,,,,,
,,,,,,,,,,
,,,,,,,,,,
,,,,52889.0,,,,,,7361.0
,,,,31931.0,,,,,,-3076.0
1550000.0,,4.0,5280.0,,,2060.0,,53799.0,1810.0,
,,,,33151.0,,,,,,8184.0
,,,,,,,,,,
,,,,,,,,,,
,,,,,,,,,,2850.0
4208000.0,,6.0,7440.0,21540.0,5550.0,1890.0,,,2700.0,
,,,,,,,,53799.0,,4133.0
,,,,,,,,,,
,,,,,,,,,,
,6.0,,,,,,,,,
,,,,213879.0,,,,,,
,,,,49428.0,,,,,,-36477.0
,,,,,,,,,,
,,,,,,,,,,
,,,,,,,,,,
,,,,,,,,,,-3562.0
,,,,,,,,,,
,,,,21275.0,,,,,,-13825.0
,,,,,,,,,,
,,,,,,,,,,
,,,,,,,,,,
,,,,,,,,,,
,,3.75,,361548.0,4133.0,,,,2163.0,70132.0
,,,,,,,,,,
,,,,,,,,,,
,,,,60872.0,,,,,,55447.0
,,,,,,,,,,
,,,,,,,,,,3577.0
,,,,,,,,,,
,,,,,,,,,,
,,,,,,,,,,
,,,,,,,,,,
,,,,,,,,,,2400.0
,,,,,,,,,,
,,,,,,,,,,
,,,,35640.0,,,,,,4440.0
,,,,,,,,,,
,,,,22693.0,,,,,,16413.0
,,,,,,,,,,-2940.0
,,,,,,,,,,
,,,,,,,,,,
,,,,,,,,,,
,,,,,,,,,,
,,,,,,,,,,
,,,,,,,,,,
,,,,,,,,53799.0,,
,,,,,,,,,,
,,,,,,,,,,
,,4.0,,,,,,,,
,,,,,,,,,,2724.0
,,,,,,,,,,
,,,,,,,,,,
,1.0,,,,,,,,,
,1.0,,,,,,,,,
,,,,,,,,,,
,,,,,,,,,,
,,,,,,,,,,
,,,,,,,,,1200.0,3575.0
,,,,,,1570.0,,,1490.0,
,,,,,,,,,-1180.0,-6084.0
1289000.0,,,,,,,,,,
,,,,136915.0,,,,,1340.0,120811.0
,,,,,,,,,,
,,,,,,,,,,
1169000.0,,4.25,4610.0,,4610.0,,,,,
,,,,,,,,,,
,,,,,,,,,,
,,,,,,,,,,
,,,,24300.0,,,,,,-7757.0
,,,,,,,,,,
,,,,,,,,,,
,,,,,,,,,,
,,,,,,,,,,
,,,,,,,,,,
,,,,,,,,,,2467.0
,,,,,,,,,,-2823.0
,,,,,,,,,,
,,,,,,,,,,
,,,,,,,,,,
,,,,29110.0,,,,53799.0,-1800.0,12622.0
,,,,,,,,,,
,,,,,,,,,,
,,,,,,,,,,
,,,,,,,,,,
,,,,,,,,,,
,,,,,,,,,,
,,,,,,,,,,
,,,,60548.0,,,,,,-29621.0
,,,,22725.0,,,,,-1090.0,8159.0
,,,,,,,,,,
,,,,,3990.0,,,,,
,,,,,,,,,,
,,,,,,,,,,
,,,,,,,,,,
1900000.0,6.0,4.0,,,,,,,,
,,,,280962.0,,,,,,61420.0
,,,,67953.0,,,,,,54755.0
,,,,,,,,,,
,,,,,,,,,,
,,,,,,,,,,-4329.0
,,,,,,,,,,
,,,,64694.0,,,,,,5082.0
,,,,,,,,,,
,,,,65556.0,3870.0,,96028.0,,,
,,,,,,,,,,3216.0
,,,,,,,,,,-2550.0
,,,,,,,,,,
,,,,,,,,,,
,,,,,,,,,,6533.0
,,,,,,,,,,
,,,,,,,,,,8909.0
,,,,,,,,,,
,,,,,,,,,,
,,,,,,,,,,
,,,,75794.0,,,,,,64774.0
,,,,,,,,,,
,,,,,,1450.0,,,1570.0,
,,,,,,,,,,
,,,,,,,,,,
,1.0,,,,,,,,,
,,,,,,,,,,5139.0
,,,,,,,,,,
,,,,,,,,,,8550.0
,,,,,,,,,,
,,,,,,,,,,
,,,,,,,,,,
,,,,,,,,,,
,,,,,,,,,,4793.0
,,,,73616.0,,,,,,-223898.0
,,,,,,,,,,
,,,,,,,,,,
,,,,,,,,,,
,,,,,,,,,,2883.0
,,,,,,,,,,
,,,,,,,,,,
,,,,,,,,,,
,,,,,,,,,,
,,,,,,,,,,
,,,,,,,,,,3235.0
,,,,,,,,,,
,,,,,,,,,,
,,,,,,,,,,
,,3.75,,,,,,,1430.0,
,,,,,,,,,,3040.0
1890000.0,,4.25,4285.0,,4285.0,,,,2715.0,
,,,,,,,,,,
,,,,,,,,,,
,,,,,,,,,,
,,,,,,,,,,
,,,,,,,,,,
,,,,,,,,53799.0,,-2750.0
,,,,,,,96028.0,,,
,,,,,,,,,-1890.0,
,,,,,,,,,,
,,,,40250.0,,,,,,4000.0
,,,,,,,,,,
,,,,,,,,,,
,,,,,,,,,,
,,,,,,,,,,
,,,,,,,,,,
,,,,,,,,,,
,,,,,,,,,,
,,,,,,,,,,
,,,,,,,,,,-3689.0
,,,,,,,,,,5223.0
,,,,,,,,,,
,,,,,,,,,,
,,,,,,,,,,
,,,,,,,,,,
,,,,,,,,,,
,,,,54014.0,,,,,,45491.0
,,,,,,,,,,
,,,,,,,,,,
,,,,,,,,,,
,,,,,,,,,,3456.0
,,,,,,,,,,
,,,,,,,,,,
,,,,,,,,52787.0,,
,,,,,,,,,,
,,,,,,,,,,
,,,,50800.0,,1510.0,,,,23665.0
,,,,,,,,,,
,,,,,,,,,,
,,,,47419.0,,,96028.0,,,
,,,,,,,,,,
,,,,,,,,,,
,,,,,,,,,,
,,,,,,,,,,2875.0
,,,,,,,,,,
,,,,,,,,,,
,,,,,,,,,,
,,,,,,,,,,
,,,,,,,,,1160.0,
,,,,,,,,,,
,,,,,,,,,,
,,,,,,,,,,4541.0
,,,,,,,,,,
,,,,,,,,,,
,,,,35610.0,,,,,,
,,,,,,,,,,
,,,,,,,,,,
,,,,,,,,,,
,,,,,,,,,,
,,,,,,,,,1140.0,
,,,,,,,,,,
,1.0,,,,,,,,,
,,,,,,,,,,2614.0
,,,,,,,,,,
,,,,,,,,,,
,,,,,,,,,,
,,,,,,,96028.0,,,
,,,,,,,,,,
1960000.0,,4.0,4430.0,31353.0,4430.0,,,,,-3884.0
,1.0,,,,,,,,,
,,,,,,,,,,
,,,,,,,,,,
,,,,,,,,,,
,,,,,,,,,,
,,,,35430.0,,,96028.0,,,6458.0
,,,,,,,,,,
,,,,,,,,,,
,,4.5,4690.0,,,,,,,-4800.0
,,,,,,,96028.0,,,
,,,,,,,,,,
,,,,52595.0,,,,,1990.0,-7517.0
,,,,,,,,,,
,,,,,,1500.0,,,,
,,,,,,,,,,
,,,,,3940.0,,,,,
,,,,,,,,,,7221.0
,,,,,,,,,,-3456.0
,,,,,,,,,,
,,,,,,,,,,
,,,,,,,,,,
,,,,,,,,,,-8103.0
,,,,57934.0,,,,,,2407.0
,,,,40500.0,,,,,,
,,,,,,,,,,
,,,,,,,,,,
,,,,,,,,,,
,7.0,,,,,,,,1870.0,
,,,,,,,,,,
,,,,,,,,,,
,7.0,,,,,,,,,
1300000.0,,3.75,4450.0,,,,,,1900.0,
,,,,,,,,,,
,,,,,,,,,,
,,,,,,,,,,
2000000.0,,,,21064.0,,,,,1710.0,5820.0
,,,,,,,,,1430.0,5155.0
,,,,,,,,,,
,,,,,,,,,,
,,,,,,,,,,
,,,,,,,,,,
,,,,,,,,,,
,,,,,,,,,,
,,,,,,,,,,
,,,,,,,,,,
,,,,,,,,,,
,,,,,,,,,,
,,,,,,,,,,
,,,,,,,,,,
,,,,31705.0,,,,,,-4895.0
,,,,,,,,,,3313.0
,,,,,,,,,,5880.0
,,,,,,,,,,-2419.0
,,,,22120.0,,,,,,9896.0
,,,,,,,,,,
,,,,,,,,,,
,,,,65558.0,,,,,,18380.0
,,,,44866.0,,,,,-1540.0,15714.0
,,,,,,,,,,
,,,,,,,,,,
,,,,53578.0,,,,,,
,,,,,,,,,,
,,,,,,,,,,
,,,,,,,,,,
,,,,,,,,,,
,,,,,,,,,,
,,,,,,,,,,
,,,,,,,,,,
,,,,,,,,,-1310.0,-9509.0
,,,,,,,,,,
2535000.0,,,,,,,,,,-8484.0
,,,,,,,,,,
1850000.0,,,,,,,,,1280.0,
,,,,,,1420.0,,,,
,,,,,,,,,,
,0.0,,,,,,,,,2436.0
,,,,,,,96028.0,,,
,,,,,,,,,,
,,,,,,,,,,
1272500.0,,,,,,,,,-1180.0,
,,,,,,,,,,
,,,,,,,,,,
,,,,,,,,,,
,,,,,,,96028.0,,,
,,,,,,,,,,
,,,,,,,,,,
,,,,,,,,,,
,,,,,,,,,,
,,,,,,,,,,
,,,,,,,,,,
,,,,,,,,,,6304.0
,,,,103672.0,,,,,,-221721.0
,,,,23900.0,,,,,,-4400.0
,,,,,,,,,,
,,,,26642.0,,,,,,13076.0
,,,,,,,,,,
,,,,,,,,,,
,,,,,,,,,,
,,,,,,,,,,
,,,,36300.0,,,,,,-17714.0
,,,,,,,,,,
,,,,,,,,,,
,,,,58370.0,,,96028.0,,,
,,,,,,,,,,
1295000.0,,4.0,4440.0,,,2220.0,,53799.0,1720.0,
,,,,,,,,,,
,,,,,,,,,,
,,,,,,,,,,
,,,,,,,,,,-2125.0
,,,,,,,,,,
,,,,,,,,,,
,,,,,,,,,,
,,,,,,1500.0,,,,
,,,,,,,,,,
,,,,,,,,,,
,,,,,,,,,,
,,,,,,,,,,
,,,,,,,,,,
,,,,,,,,,,
,,,,22320.0,,,96028.0,,,
,,,,,,,,,,
,,,,,,,,,,
,,,,,,,,,,
,,,,,,,,,,
,,,,,,,,,,-2378.0
,,,,,,,,,,
,,,,,,,,,,
1350000.0,,,,,,,,52787.0,,
,,,,,,,,,,
,,,,,,,,,,
,,,,,,,,,,
,,,,,,,,,,
,,,,,,,,,,
,,,,,,,,,,
,,,,,,,,,,
2408000.0,,,4600.0,23250.0,,,,,,3184.0
,,,,,,,,,,
,,,,,,,,,,
,,,,,,,,,,
,,,,,,,,,,
,,,,59863.0,,1420.0,,,,22189.0
,,,,,,,,,,
,,,,,,,,,,
,,,,,,,,,1420.0,
,,,,,,,,,,
,,,,,,,,,,-5271.0
,,,,,,,,,,
,,,,,,,,,,
,,,,51396.0,,,,,,
,,,,,,,,,,
,,,,,,,,52787.0,,
,,,,,,,,,,
,,,,,,,,,,
,,,,,,,,,,
,,,,,,,,,,
1149000.0,,3.75,,,,,,,,
,,,,,,,,,,
,,,,,,,,,,
,,,,,,,,,,6893.0
,,,,220414.0,,,,,,44432.0
,,,,,,,,,,
,,,,,,,,,,
,,,,,,,,,,
,,,,,,,,,,
,,,,,,,,,,
,,,,,,,,,,
,,,,,,,,,,-2950.0
,,,,28710.0,,,,,,
,,,,,,,,,,
,,,,,,,,,,
,,,,,,,,,,
,,,,,,,,,,
,,,,,,,,,,
,,,,,,,,,,-2242.0
,,,,,,,,,,
,,,,,,,,,,
,,,,426452.0,,,,,1420.0,105562.0
,,,,,,,,,1160.0,
,,,,38119.0,,,96028.0,,,
,,,,,,,,,,-2500.0
,,,,,,,,,,
,,,,,,,,,,
,,,,,,,,,,
,,,,25157.0,,,,,,9766.0
,,,,,,,,,,
,,,,,,,,,,
,,,,,,,,,,2693.0
,7.0,4.5,,,,2070.0,,,2700.0,7201.0
,,,,,,,,,,
,,,,,,,,,,
,,,,,,,,,,
,1.0,,,,,,,,,
,,,,,,,,,,4487.0
,,,,,,,,,,
,,,,,,,,,,
,,,,28298.0,,,96028.0,,,
,,,,,,,,,,
,,,,,,,,,,
,,,,,,,,,,2910.0
2280000.0,7.0,8.0,13540.0,307752.0,9410.0,4130.0,96028.0,,8690.0,89952.0
,,,,,,,,,,
,,,,,,,,,,2481.0
,,,,,,,,,,
,,,,,,,,,,
,,,,,,,,,1170.0,
,,,,257875.0,,,,,,242425.0
,,,,57538.0,,,,,,
,,,,,,,,,,
,,,,,,,,53799.0,,
,,,,,,,,,,
,,,,,,,,,,
,,,,34925.0,,,,,,6817.0
,,,,,,,,,,
,,,,,,,,,,3259.0
,,,,,,,,,,
,,,,,,,,,,
,,,,,,,,,,
,,,,,4080.0,,,,,
,,,,,,,,,,
,1.0,,,,,,,,,
,,,,,,,,,,
,,,,,,,,,,
,,,,,,,,,,
,,,,30185.0,,,,,,17720.0
,,,,,,,,,,
,,,,,,,,,,-2600.0
,,,,,,,,,,
,,,,,,,,,,
,,,,,,,,,,
,,,,,,,,,,
,,,,,,,,,,
,,,,,,,,,,
,,,,,,,,,,
,,,,,,,132665.0,81926.0,,
,,,,,,,,,,
,,,,216493.0,,,,,,41382.0
,,,,,,,,,,
,,,,,,,,,,
,,,,,,,,,2090.0,
,,,,,,,,,,
1313000.0,6.0,,,,,,,,1260.0,3600.0
,,,,,,,,,,
,,,,,,1520.0,,,,
,,,,,,,,,,-16179.0
,,,,,,,,,-1720.0,
,,,,,,,,,-1590.0,
,1.0,,,21727.0,,,,,,
,,,,,,,,,,
1749000.0,,,,22710.0,3910.0,,,,,6166.0
,,,,,,,,,,
,,,,,,,,,,
,,,,,,,,,,
,1.0,,,,,,,,,
,,,,,,,,,,
,,,,23100.0,,1460.0,,,,2800.0
,,,,23100.0,,1460.0,,,,2800.0
,,,,19200.0,,,,,,
,,,,,,,,,,
,1.0,,,,,,,,,
,,,,,,,,,,
,,,,,,,,,,5860.0
,,,,,,,,,,
,,,,,,,,,,
,,,,,,,,,,
,,,,,,,,,,
,,,,,,,,,,
,,,,196817.0,4220.0,,,,1720.0,
,,,,,,,,,,
,,,,,3830.0,,,,1275.0,4801.0
,,,,34041.0,,,,,,
,,,,,,,,,,
,,,,,,,,,,
,,,,,,,,53799.0,-1350.0,
,,,,91476.0,,,,,,78606.0
,,,,,,,,,,
,,,,,,,,,,
1300000.0,,,,,,,,,1190.0,
,,,,,,,,,,4119.0
,,,,,,,,,,
,,,,,,,,,,
,,,,,,,,,,
,,,,,,,,,,
,,,,,,,,,,
,,,,,,,,,,
,,,,35736.0,,,,,,-3776.0
,,,,,,,,,,
,,,,,,,,,-1020.0,-2156.0
,,,,,,,,,,
,,,,,,,,,,
,,,,,,,,,,
,,,,,,,,,,
,,,,,,,,,,
,,,,,,,,,,
,,,,,,,,,,
3100000.0,6.0,4.25,6980.0,,5330.0,1650.0,,53799.0,3050.0,-2685.0
,,,,,,,,,,
,,,,,,,,,,
,,,,,,,,,,-2800.0
,,,,,,,,,,
,,,,,,,,,,
,,,,,,,,,,-5346.0
,,,,,,,,,,
,,,,,,,,,,
,,,,,,,,,,
,,,,,,,,,,
,,,,,,,,,,
1610000.0,,,4270.0,25807.0,4270.0,,,,,5084.0
,8.0,3.75,,,,,,,1290.0,
,,,,,,,,,,4551.0
,,,,,,,,,,
,,,,,,,,,,
,,,,,,,,,,
,,,,,,,,,,
,,,,,,,,,,2405.0
,,,,,,,,,,
,,,,,,,,,,
,,,,,,,,,,
,,,,52476.0,,,,,,4125.0
,,,,,,,,,,
,,,,59677.0,,,,,,27989.0
,,,,36000.0,,,,,,26319.0
,,,,,,,,,,
,,,,,,,,,,
,,,,,,,,,,
,,,,,,,,,,
,,,,,,,,,,
,,,,,,,,,,
,,,,,,,,,1860.0,
,,,,,,,,,,
,6.0,4.0,,,,,,,1660.0,
,,,,,,,,,,
,,,,,,,,,,
,,,,,,,,,,
,,,,44431.0,4020.0,,,,,-8469.0
,,,,,,,,,,
,,,,,,,,,,
,,,,,,,,,,
,,,,,,,,,,
,,,,,,,,,,
,,,,,,,,,,
1250000.0,,,,,,,,,2050.0,3114.0
,,,,507038.0,,,,,,296644.0
,,,,,,,,,,-2520.0
,,,,,,,,,,-2520.0
,,,,,,,,,,
,,,,35010.0,,,,,,
,,,,24604.0,,,96028.0,,,
,,,,,,,,,,
,,,,,,,,,,
,,,,,,,,,,3490.0
,,,,,,,,,,
,,,,,,,,,,
,,,,,,,,,,
,,,,,,,,,,
,,,,,,,,,,
,,,,,,,,,,
,,,,,,,,,,-3612.0
,,,,,,,,,,
,,,,,,,,,,
,,,,,,,,,,
,,,,,,,,,,
,,,,,,,,,,
,,,,,,,,,,
,,,,,,,,,,
,,,,,,,,,,
,,,,94960.0,,,,,,51560.0
,,,,,,,,,,
,,,,,,,,,,
,,,,,,,,,,
,,,,,,,,,,
,,,,,,,,,,
,,,,,,,,,,
,,,,286355.0,,,,,,70011.0
,,,,203861.0,,,,,,-13939.0
,,,,19747.0,,,,,,10073.0
,,,,,,,,,,
,,,,,,,,,,
,,,,,,,,,,
,,,,,,,,,,
,,,,,,,,,,
,,,,,,,,,1680.0,
,,,,,,,,,,
,,,,,,,,,,
,,,,19607.0,,,,,,10038.0
,,,,,,,,,,
,,,,,,,,,,
,,,,,,,,,,5966.0
,,,,,,,,,,
,,,,128502.0,,,,,1280.0,116988.0
,,,,,,,,,,
,,,,,,,,,,
,,,,,,,,,,2622.0
,,,,,,,,,,
,,,,,,,,,,
,,,,,,,,,,
,,,,,,,,,,
,,,,,,,,,,-6840.0
,,,,,,,,,,-4686.0
,,,,,,,,,,
,,,,,,,,,,
,,,,,,,,,,-5924.0
,,,,,,1580.0,,,,
,,,,,,,,,,
,,,,,,,,,,2669.0
,,,,42966.0,,,,,-1230.0,5286.0
,,,,,,,,,,
,,,,,,,,,,
,,,,25474.0,,1630.0,,,1850.0,10927.0
,,,,,,,,,,
,,,,,,,,,,
,,,,,,,,,,
,,,,,,,,,,
,,,,50595.0,,,,,,16875.0
,,,,,,,,,,
,,,,,,,,,,
,,,,,,,,,,
,,,,,,,,,,
,,,,,,,,,,
,,,,,,,,,,
,,,,,,,,,,
,,,,,,,,,,
,,,,,,,,,,
,,,,,,,,,,
,,,,,,,,,,2500.0
1135000.0,,,,,,,,,,
,,,,,,,,,,
,,,,,,,,,,
,,,,,,,,,,
,,,,715690.0,,,,,,390297.0
,,,,,,,,,,
,,,,,,,,,,
,,,,,,,,,,
,,,,,,,,,,
,,,,,,,,,,
,,,,,,,,,,
,,,,,,,,,,
,,,,,,,,,,
,,,,,,,,,,
,,,,,,,,,,
,,,,,,,,,,7715.0
,,,,,,,,,,
,,,,,,,,,,
2300000.0,,,,,,,,52787.0,,
,,,,,,,,,,
,,,,,,,,,,2713.0
,,,,,,,,,,
,,,,,,,,,,
,,,,,,,,,,
,,,,,,,,,,4948.0
,,,,26413.0,,,,,,
,,,,,,,,,,
,,,,,,,,,,
,,,,,,,,,,
,,,,,,,,,,
,,,,33305.0,,,96028.0,,,
,,,,,,,,,,
,,,,,,,,,,
,,,,,,,,,,-2500.0
,,,,139392.0,,,,,,22216.0
,,,,,,,,,,
,,,,,,,,,,
,,,,,,,,,,
,,,,251460.0,,,,,,7088.0
,,,,,,,,,,
,,,,40392.0,,,,,,-5781.0
,,,,,,,,,-1020.0,
,,,,,,,,,,
,,,,,,,,,,
,,,,,,,,,,
,,,,,,,,,,
,,,,,,,,,,
,,,,,,,,,,
,,,,,,,,,,
,,,,25277.0,,,,,,-188602.0
,,,,,,1590.0,,,1410.0,
,,,,,,,,,,
,,,,,,,,,,
,,,,29013.0,,,,,,-5058.0
,,,,,,,,,,
,1.0,,,,,,,,,
,,,,,,,,,,
,,,,,,,,,,
,,,,,,,,,,
,,,,,,,,,,
,,,,,,,,,,
,,,,22496.0,,,,,,-13276.0
,,,,42500.0,,,,,,4530.0
,,,,,,,,,,
,,,,,,,,,,
,,,,,,,,,,
1698890.0,,4.5,,,,,,,,
,,,,,,,,,,
,,,,,,,,,,
2250000.0,,,,,,,,52787.0,,
,,,,43056.0,,,,,,24759.0
,,,,,,,,,,
,,,,,,,,,,
,,,,,,,,,,
,,,,,,,,,,3200.0
,,,,,,,,,,
,,,,,,,,,,3807.0
,,,,,,,,,,
,,,,,,,,,,
,,,,,,,,,,
,,,,,,,,,,
,,,,,,,,,,
,,,,,,,,,,
,,,,,,,,,,
,,,,,,,,,,
,,,,,,,,,,
,,,,,,,,,,
,,,,,,,,,,
,,,,,,,,,,
,,,,,,,,,,
,,,,,,,96028.0,,,
,,,,,,,,,-1060.0,
,,,,,,,,,,
,,,,,,,,,,3400.0
,,,,32112.0,,,,,,-9494.0
,,,,,,,,,,
,,,,,,,,,,
,,,,,,,,,,
,,,,,,,,,,
,,,,,,,,,,
,,,,,,,,,,
,,,,,,,,,,
,,,,,,,,,,
,,,,,,,,,,
,,,,,,,,,,-2238.0
1260000.0,,,,,,,,,,
,,,,19966.0,,,,,,13251.0
,,,,,,,,,,
1135000.0,,4.25,4590.0,,,1430.0,,,,5353.0
,,,,,,,,,,
,,,,,,,,,,
,,,,,,,,,1370.0,
,,,,224769.0,,,,,,153209.0
,,,,,,,,,,
,,,4300.0,70407.0,,1590.0,,,,43680.0
,,,,,,,,,,
,,,,,,,,,,
,6.0,,,,,,,,,
,7.0,,4340.0,,,1790.0,,,2450.0,
,,,,,,,,,,
,,,,,,,,,,
1180000.0,,5.0,,94089.0,3960.0,,,,1720.0,29621.0
,,,,,,,,,,
,,,,,,,,,,
,,,,30456.0,,,,,,-5191.0
,,,,,,,,,,
,,,,,,,,,,
,,,,,,,,,,
,,,,,,,,,,
,,,,,,,,,,
,,,,,,,,,,
,,,,,,,,,,
,,,,,,,,53799.0,,
,,,,,,,,,,
,,,,,,,,,,
,,,,117176.0,,,,,,-24829.0
,,,,,,,,,,
,,,,,,,,,,4295.0
,,,,,,,,,,
,,,,,,,,,,
,,,,,,,,,,
,,,,,,,,,,4236.0
,,,,,,,,,,
,,,,,,,,,,2727.0
,,,,,,,,,,
,,,,,,,,,,
,6.0,,,,,,,,,
,,,,,,,,,,
,,,,,,,,,,
,,,,,,,,,,
,,,,27441.0,,,,,,-7579.0
1250000.0,,,,,,,,52787.0,-1270.0,
,,,,,,,,,,
,,,,193406.0,,,,,,-54886.0
,,,,,,,,,,
,,,,,,,,,,
,,,,,,,,,,
,,,,,,,,,,
,,,,24319.0,,,,,,-74126.0
,,,,,,,,,,6376.0
,,,,,,,,,,
1250000.0,,,,20240.0,,,,,,5280.0
,,,,,,,,,,
,,,,,,,,,,
,,,,,,,,,,-73501.0
,,,,,,,,,,
,,,,220300.0,,,,,,4700.0
,,,,,,,,,,
,,,,62290.0,,,96028.0,,,10018.0
,,,,,,,,,,
,,,,,,,,,,
,,,,,,,,,,
,,,,,,,,,,
,,,,,,,,,,
,,,,20423.0,,,,,,
,,,,,,,,,,
,,,,,,,,,,3500.0
,,,,,,,,,,
,,,,,,,,,,
,,,,,,,,,,
,,,,,,,,52787.0,,2758.0
,,,,,,,,,,-5217.0
,,,,,,,,,,-5217.0
,,,,,,,,,,-3300.0
,,,,,,,,,,
,,,,,,,,,,
,,,,,,,,,,
1610000.0,,,4390.0,,,,,53799.0,1150.0,
,,,,,,,,,,
,,,,,,,,,,
,,,,,,,,,,
,,,,,,,,,,3139.0
,,,,,,,,,,
,,,,,,,,,,
1700000.0,,,5850.0,22885.0,4670.0,,,,2610.0,3865.0
,,,,,,,,,,
,,,,,,,,,-1530.0,
,,,,,,,,,,
,,,,,,,,,,
,,,,,,,,,,
,,,,,,,,,-1040.0,8652.0
,,,,,,1740.0,,,,-3197.0
,,,,,,,,,,-12262.0
,,,,,,,,,,
,,,,,,,,,,
,,,,,,,,,1270.0,
,,,,,,,,,,
,,,,,,,,,,
,,,,46173.0,,,96028.0,,,9606.0
,,,,,,,,,,
,,,,,,,,,,
,,,,,,,,,1630.0,
,,,,,,,,,,
,,,,24192.0,,,,,,18464.0
,,,,223027.0,,,,,,
,,,,,,,,,,
,,,,,,,,,,-2313.0
,,,,,,,,,,
,,,,,,,,,,3790.0
,,,,217800.0,,,,,,
,,,,27760.0,,,,,,-59540.0
,,,,,,,,,,
,,,,,,,,52787.0,,3661.0
,,,,,,,,,,-14790.0
,,,,,,,,,,
,,,,39704.0,,,,,,3401.0
,,,,,,,,,,
,,,,,,,,,,
,,,,,,,,,,
,,,,,,,,,,2380.0
,,,,,,,,,,
,,,,,,,,,,
,,,,,,,,,1450.0,
1651000.0,,,,,,,132665.0,81926.0,,
,,,,,,,,,,
,,,,37950.0,,,,,,13575.0
,,,,,,,,,,-6808.0
,,,,,,,,,,
,,,,,,,,,,2888.0
,,,,,,,,,,
,,,,,,,,,,
,,,,100188.0,,,,,,39640.0
,,,,,,,,,,
,,,,,,,,,,
,,,,,,,,,,
,,,,,,,,,,6170.0
,,,,,,,,,,
,,,,,,,,,1210.0,3448.0
,,,,435600.0,4020.0,,,,1430.0,152460.0
,,,,,,,,,,
,,,,,,,,,,
,,,,,,,,,,
,,,,,,,,,,-3200.0
,,,,20824.0,,,,,,10359.0
2546000.0,,,,,,,,52787.0,,
1275000.0,,,,46609.0,3870.0,,,,,28729.0
,,,,,,,,,,
,,,,,,,,,,
,,,,,,,,,,
,,,,,,,,,,
,,,,32481.0,,1500.0,,,1700.0,21083.0
,,,,,,,,,,
,,,,,,,,,,
,,,,,,,,,,
,,,,,,,,,,
1800000.0,,,4460.0,,,1910.0,132665.0,81926.0,2480.0,3583.0
,,,,,,,,,,
,,,,,,,,,,
,,,,,,,,,,-2130.0
2000000.0,,,4260.0,,4260.0,,,53799.0,,
,,,,,,,,,,-8307.0
,,,,,,,,,,
,,,,,,,,,,
,,,,,,,,,,
,,,,,,,,,,
,,,,,,,,,,
,,,,,,,,,,
,,,,,,,,,,
1999000.0,,,,,,,,,,
,,,,,,,,,,
,,,,,,,,,,
,,,,,,,,,,7560.0
,,,,,,,,,,
,,,,,,,,,,
,,,,,,,,,,
,,,,,,,,,-1650.0,
,,,,,,,,,,
,,,,19200.0,,,,,,4800.0
,,,,,,,,,,
,,,,,,,,,,
,,,,,,,,,,
,,,,,,,,52787.0,1400.0,
1688000.0,,,,,,,,,,2500.0
,,,,,,,,,,
,,,,,,,,,,
,,,,,,,,,,
,,,,199253.0,,,,,,15356.0
,,,,199253.0,,,,,,15356.0
,,,,,,,,,,
,,,,,,,,,,
,,,,,,,,,,
,,,,,,,,,,
,,,,,,,,,,
,,,,,,,,,,-5097.0
,,,,,,,,,,
,,,,,,,,,,
,,,,,,,,,,
,,,,,,,,,,
,,,,,,,,,,-2499.0
,,,,,,,,,,
,,,,,,,,,,
,,,,,,,,,,
1148000.0,10.0,5.25,4590.0,,,2090.0,,,1860.0,
,,,,,,,,,,
,,,,,,,,,,
,,,,,,,,,,4322.0
,,,,36446.0,,,,,,-3559.0
,,,,,,,,,,
,,,,,,,,,,
,,,,,,,,,,
,,,,43177.0,,,,,-1320.0,34460.0
,,,,,,,96028.0,,,
,,,,,,,,,,3014.0
,,,,,,,,,,3000.0
,,,,223462.0,,,,,,117612.0
,,,,,,,,,,2773.0
,,,,,,,,,,
,1.0,,,,,,,,-1110.0,6000.0
,,,,,,,,,,
,,,,,,,,,,
,,,,,,,,,,
,,,,,,,,,,
,,,,,,,,,,
,,,,,,,,,,
,,,,,,,,,,
,,,,,,,,,,
,,,,,,,,,,
,,,,,,,,,,
,,,,,,,,,,
,,,,,,,,,,
,,,,,,,,,,
,,,,,,,,,,
,,,,,,,,,,3336.0
,,,,,,,,,,3631.0
,,,,,,,,,,
,,,,,,,,,,2700.0
,,3.75,,,,,,,,
,,,,,,,,,,
,,,,,,,,,,
,,,,,,,,,,
,,,,,,,,,,4375.0
,,,,,,,,,,
,,,,,,,,,-1180.0,
,,,,,,,,,,
,,,,,,,,,,
,,,,,,,,,,
,,,,,,,,,1360.0,
,,,,,,,,,,
,,,,20150.0,,,,,,4650.0
,,,,,,,,,,
,,,,,,,,,,
,,,,,,,,,,
,,,,,,,,,,
,,,,,,,,,,
,,,,,,,,,,-2200.0
,,,,,,,,,,
,,,,,,,,,,
,,,,,,,,,,
,,,,,,,,,,
,,,,,,,,,,4950.0
,,,,,,,,,,
,,,,,,,,,,
,,,,,,,,,,-4356.0
,,,,,,,,,,
,,,,78843.0,,,,,,
,6.0,,,,,,,,,
,,,,,,,,,,
,,,,,,,,,,
,,,,,,,,,,
,,,,,,,,,,
,,,,,,,,,,
,,,,,,,,,,
,,,,42070.0,,,,,,22105.0
,,,,26136.0,,,,,,
,,,,,,,,,,
,,,,,,,,,,
,,,,,,,,,,
,,,,,,,,,,
,,,,,,,,,1110.0,
,,,,,,,,,,4375.0
,,,,,,,,,,
,,,,,,,,,,3330.0
,,,,,,,,,,
,,,,,,,,,,2395.0
,,,,,,,,,,
,,,,,,,,,,
,,,,,,,96028.0,,,
1580000.0,,,,,,1450.0,,53799.0,,
1822500.0,,4.5,6380.0,88714.0,6380.0,,,,3340.0,81601.0
,,,,,,,96028.0,,,
,,,,,,,,,,
,,4.0,4550.0,54013.0,,2250.0,,,,14379.0
,,,,,,,,,,
,,,,,,,,,,
,,,,,,,,,,
,,,,,,,,,,
,,,,,,,,,,
,,,,,,,,,,
,,,,,,,,,,
2415000.0,,4.75,7880.0,24250.0,7880.0,,,,5140.0,13489.0
,,,,59677.0,,,,,,17188.0
,,,,,,,,,,
,,,,,,,,,,
,,,,,,,,,,
,,,,,,,,,,
,,,,,,,,,,
1140000.0,,,,127631.0,,,,,,83672.0
1550000.0,,,,,,,132665.0,81926.0,,-4262.0
,,,,,,,,,,
,,,,,,,,,,
,,,,,,,96028.0,,,
,,,,76531.0,,,,,,66489.0
,,,,,,,,,,
1169000.0,,,,,,,,,,
,,,,,,,,,,
,,,,,,,,,,-2400.0
,,,,,,,,,1310.0,
,,,,,,,,,,
,,,,,,,,,,
,,,,,,,,,,
,,,,,,,,,,
,,,4440.0,,4440.0,,,,,
,,,,,,,,,,
,,,,38461.0,,,,,,-11917.0
,,,,,,,,,,
,,,,,,,,,,
,,,,,,,,52787.0,,
,,,,43995.0,,,,,,
,,,,,,,,,,
,,,,34548.0,,,,,1891.0,-240751.0
,,,,,,,,,,
,,,,,,,,,,
,,,,,,,,,,
,,,,27075.0,,,,,,16476.0
,,,,,,,,,,
,,,,,,,,,,
,,,,47480.0,4160.0,,,,,7052.0
,,,,,,,,,,
,,,,,,,,,,
,,,,,,,,,,3365.0
,,,,,,,,,,
,,,,,,,,,,-2652.0
,,,,,,,,,,
,6.0,,,,,,,,,
,,,,,,,,,,
,,,,,,,,,,-2170.0
,6.0,4.0,,,,,,,1270.0,
,,,,,,,,,,
,,,,,,,,,,
,,,,,,,,,,-2250.0
,,,,26720.0,,,,,,
,,,,,,,,,,
,,,,432036.0,,,,,1140.0,-128581.0
,,,,209523.0,,,,,,
1272000.0,,,,,,,,52787.0,,
,,,,,,,,,,
,,,,,,,,,,2674.0
,,,,,,,,,,
1170000.0,,,,,,,,,,
,,,,,,,,,,
,,,,,,,,,,
,,,,,,,,,,
,,,,,,,,,,
,,,,20040.0,,,,,,9240.0
,,,,,,,96028.0,,,-2679.0
,,,,641203.0,,,,,,416869.0
,,,,,,,,,,
,,,,,,1450.0,,,1700.0,
,,,,,,,,,,
,,,,,,,,,,
,,,,,,,,,,
,,,,,,,,,,
,,,,,,,,,,
,,,,,,,,,-1200.0,
,,,,,,,,,,
,,,,41550.0,,,,,-1400.0,35086.0
,,,,,,,,,,
,,,,212137.0,,,,,,
,,,,,,,,,,
1328000.0,,,,,,,,52787.0,,
1650000.0,,,,,3910.0,,,,1310.0,
,,,,,,,,,,
,,,,34670.0,,,,,,
,,,,,,,,,,
,6.0,,,24700.0,,,,,1510.0,-5330.0
,,,,,,,,,,
,,,,,,,,,,
,,,,,,,,,,
,,,,,,,,,,
,,,,,,,,,,
,,,,,,,,53799.0,,
,,,,20283.0,,,,,,
,,,,,,,,,,
,,,,,,,,,,3240.0
,,,,,,,,,,
,,,,,,,,,,
,,,,30884.0,,,,,,-6147.0
,,,,,,,,,,-2159.0
,,,,,,,,,,
,,,,78843.0,,,,,,-51401.0
,,,,,,,,,,
,,,,,,,,,,
,,,,48787.0,,,,,,40386.0
,,,,,,,,,,
,,,,,,,,,,
,,,,,,,,,,
,1.0,,,,,,,,,
,,,,,,,,,,10499.0
,,,,,,,,,,
,,,,,,,,,,
,,,,,,,,,,
,,,,,,,,,,
,,,,,,,,,,
,,,,27332.0,,,,,,10702.0
,,,,,,,,,,
,,,,,,,,,,3373.0
3168750.0,,,4330.0,,,2240.0,,,,
,,,,,,,,,,
,,,,,,,,,,
,,,,,,,,,,
,,,,,,,,,,
,,,,,,,,,,
,,,,,,,,,,
,,,,,,,,,,
,,,,,,,,,,
,,,,,,,,,,
,,,,,,,,,,-9110.0
,,,,,,,,,,
,,,,,,,,,,
,,,,,,,,,,
1775000.0,,,4320.0,19225.0,,2160.0,,,,
,,,,,,,,,,
,,,,,,,,,,
,,,,46644.0,,,,,,-3617.0
,,,,,,,,,,-2417.0
,,,,,,,,,,
1475000.0,,,,,,,,,,
,,,,,,,,,,-2800.0
,,,,48787.0,,,,,,7747.0
,,,,,,,96028.0,,,
,,,,,,,,,,
,,,,,,,,,,
,,,,,,,,,,
,,,,,,,,,,
,,,,,,,,,,3277.0
,,,,,,,,,,4600.0
,,,,,,,,,,
,,,,,,,,,,
,,,,,,,,,,
,,,,,,,,,-1270.0,-4750.0
,,,,,,,,,,3000.0
,,,,,,,,,,
,,,,,,,,,,
,,,,,,,,,,
,,,,,,,,,,
,,,,,,,,,,
,,,,,,,,,,
,,,,,,,,,,2534.0
,,,,,,,,,1110.0,
,,,,203425.0,,,,,,
,,,,,,,,,,
,,,,,,,,,,
,,,,,,,,,,
,,,,,,,,,,
,1.0,,,,,,,,,
,,,,167125.0,,,,,,39930.0
,,,,,,,,,,
,,,,,,,,,,
,,,,210201.0,,,,,,22893.0
,,,,,,,,,,4253.0
,,,,,,,,,,
,,,,,,,,,,
,,,,77574.0,,,,,,40548.0
,,,,,,,,,,
,,,,45613.0,,,,,,2608.0
,,,,,,,,,,
,,,,,,,,,,
,,,,,,,,,,
,,,,,,,,,,
1240000.0,,,,,,,,,,3524.0
,,,,,,,,,,
1275000.0,,,,,,1760.0,,,1180.0,
,,,,,,,,,,
,,,,,,,,,,
,,,,,,,96028.0,,,
,,,,,,,,,,
,,,,,,,,,,
,,,,,,,,,,
,,,,,,,,,,
,,,,,,,,,,
,,,,,,,,,,
,,,,,,,,,,
,,,,,,,,,,
,,,,221720.0,,,,,,
,,,,,,,,,,
,,,,403693.0,,,,,1390.0,254882.0
,,,,,,,,,,
,,,,,,,,,,
,,,,,,,,,,
,,,,,,,,,,
,,,,,,,,,,
,,,,61419.0,,,,,,
,,,,,,,,,,
,,,,,,,,,,-5400.0
,,,,,,,,,,
,,,,,,,,,,
,,,,,,,,,,
,,,,,,,,,,
,,,,,,,,,1380.0,
1762000.0,,,,,,,132665.0,81926.0,,2838.0
,,,,,,,,,,
,,,,,,,,,,
,,,,,,,96028.0,,,
,,,,39927.0,,,,,,3543.0
,,,,,,,,,,8082.0
,,,,,,,,,,
,,,,,,,,,,
,,,,,,,,,,
,,,,426450.0,,,,,,409100.0
,,,,,,,,,,
,,,,,,,,,,3064.0
1640000.0,,,,,,,,,,
,,,,,,,,,,3789.0
,,,,,,,,,,
,,,,,,,,,,
,,,,,,,,,,
,,,,,,1440.0,,53799.0,,
,,,,,,,,,,
,,,,,,,,,,
,,,,,,,,,,
,6.0,,,,,1600.0,,,,
,,,,,,,,,,
,,,,,,,,,,
,,,,,,,,,,3284.0
,,,,,,,,,,
,,,,,,,,,,
,,,,,,,,,,2582.0
,,,,,,,,,,
,,,,,,,,,,
,,,,,,,,,,
,,,,,,,,,,-2150.0
,,,,,,,,,,
,,,,,,,,,,2396.0
,,,,22443.0,,,,,,2493.0
,,,,,,,,,,
,,,,,,,,,,
,,,,,,,,,,
,,,,,,,,,,
,,,,,,,,,,
,,,,53357.0,,,,,,
,,,4470.0,35124.0,4470.0,,,,,
,,,,,,,,,,
,,,,,,,,,,
,,,,,,,,,,
,,,,,,,,,,
,,,,33661.0,,,,,1370.0,-9899.0
,,,,,,,,,,5776.0
,,,,,,,,,,
,,,,99752.0,,,,,,-17860.0
,,,,,,,,,,
,,,,,,,,,,
,,,,,,,,,,
,,,,,,,,,,
1900000.0,,,,,,,,,,
,,,,,,,,,,
,1.0,,,,,,,,,2480.0
,,,,,,,,,,
,,,,,,,,,,
,,,,20750.0,,,,,,12110.0
,,,,,,,,,,
,,,,,,,,,,
,,,,262231.0,,,,,,215622.0
,,,,,,,,,,
,,,,158558.0,,,,,,127508.0
,,,,,,,,,,-2690.0
,,,,,,,,,,
,,,,,,,,,,
,,,,,,,96028.0,,,
,,,,,,,,,,3800.0
,,,,,,,,,,
,,,,,,,,,,2925.0
,,,,,,,,,,2925.0
,,,,,,,,,,
,,,,,,,,,,
,,,,,,,,,,
,,,4790.0,,,1680.0,,,2170.0,
,,,,,,,,,,
,,,,,,,,,,
2340000.0,,,4500.0,35200.0,4500.0,,,,,
,,,,,,,,,,
,,,,,,,,,,
,,,,,,,,,,
,,,,,,,,,,
,,,,,,,,,-1260.0,
,,,,,,,,,,
,,,,,,,,,,
,,,,,,,,,,
,,,,,,,,,,
2600000.0,,4.5,5270.0,,,1870.0,,,1880.0,
,,,,,,,,,,
,,,,,,,,,,
,,,,,,,,,,
,,,,19275.0,,,,,,9156.0
,,,,,,,,,,
,,,,,,,,,,
,,,,,,,,,,
,,,,,,,,,,4865.0
,,,,,,,,,,5650.0
,,,,,,,,,,
,,,,,,,,,,
1160000.0,,,,,,1430.0,,,,
,,,,,,,,,,-4739.0
,,,,,,,,,,
,,,,,,,,,,
,,,,,,,,,,
,,,,89298.0,,,,,,-20473.0
1325000.0,,,,37076.0,4010.0,,,,,
,,,,,,,,,,-2500.0
,,,,,,,,,,
,,,,,,,,,,
,,,,,,,,,,
,,,,,,,,,,
,,,,,,,,52787.0,,
,,,,,,,,52787.0,,
,,,,,,,,,,-3227.0
,,,,,,,,,,
,,,,,,,,,,3248.0
,,,,,,,,,,
,,,,,,,,,,
,,,,,,1990.0,,,1380.0,4550.0
,,,,,,,,,,
,,,,,,,,,,
,,,,,,,,,,
,,,,,,,,,,4360.0
,,,,,,,,,,
,,,,,,,,,,
,,,,,,,,,,
,,,,,,,,,,
,,,,106722.0,,,,,,5228.0
,,,,,,,,,,
,,,,,,,,,,3000.0
,,,,,,,,,,3328.0
,,,,,,,,,,
,,,,,,,,,,
,,,,,,,,,,
,,,,,,,,,,
1712500.0,,,,,,,,,-1460.0,
,,,,,,,,,1180.0,
,,,,,,,,,,
,,,,,,,,,,-3104.0
,,,,136290.0,,,,,2760.0,84454.0
,,,,22194.0,,,,,,4059.0
,,,,,,,,,,
,,,,,,,,,,3868.0
,,,,,,,,,,
,,,,,,,,,,
,,,,,,,,,,
,,,,,,,,,,
1350000.0,,,5370.0,20388.0,5370.0,,,,2600.0,
,,,,,,,,,,
,,,,,,,,,,
,,,,,,,,,,
,,,,,,,,,,
,,,,49765.0,,,,,1230.0,30056.0
,,,,,,,,,,-3053.0
,,,,,,,,,,
,,,4340.0,,,2170.0,,,2310.0,
,,,,,,,,,,
,,,,,,,,,,
,6.0,,,43787.0,,,,,1270.0,8406.0
,,,,,,,,,,
,,,,,,,,,,
,,,,,,,,,,
,,,,,,,,,,8217.0
,,,,,,,,,,-2447.0
1810000.0,,,,,,,,,,9107.0
,,,,,,,,,,4835.0
,,,,,,,,,1330.0,4031.0
,,,,25500.0,,,,,,
,,,,,,,,,,
,,,,,,,,,,
,,,,45254.0,,,96028.0,,,-3968.0
,,,,,,,,,1130.0,
,,,,,,,,,,
,,,,,,,,,,
,,,,33578.0,,,,,,
,,,,23400.0,,,,,,
,,,,,,,,,,
,,,,,,,,,,
,,,,,,,,,,
,,,,,,,,,,
,,,,,,,,,,
,,,,,,,,,,
,,,,,,,,,,3535.0
,,,,,,,,,,
,,,,35654.0,,,,,1660.0,
,,,,,,,,,,
,,,,,,,,,,
,,,,,,,,,,
,,,,,,,,,,
,,,,,,,,,,
,,,,,,,,,,
,,,,,,,,,,
,,,,,,,,,,
,,,,,,,,,,-2090.0
,,,,,,,,,,
,,,,,,,,,,
,,,,33600.0,,,,,,
,,,,,,,,,,4337.0
,,,,,,,,,,
,,,,,,,,,,
,,,,,,,,,,-4910.0
,,,,,,,,,,
,,,,,,,,,,
,,,,,,,,,,
,,,,,,,,,,3627.0
,,,,,,,,,,
,,,,,,,,,,
,,,,365904.0,,,,,,112385.0
,,,,,,,,,,
,,,,,,,,,,
,,,,,,,,,,
,,,,,,,,,,
,,,,,,,,,,
,,,,,,,,52787.0,,
,,,,,,1510.0,,,1260.0,
,,,,,,,,,,
,,,,,,,,,,
,,,,,,,,,,
,,,,,,,,,,
,,,,,,,,,,
,1.0,,,,,1440.0,,,1480.0,2520.0
,,,,,,,,,,
,,,,,,,,,,
,,,,,,,,,,
,,,,,,,,,,
,6.0,,,,,1500.0,,,1230.0,
,,,,,,,,,,
,,3.75,,150945.0,,,,,,107010.0
1795000.0,,,,20274.0,,,,,,
,,,,98445.0,,,,,,54014.0
1150000.0,,,,,,,,,,-2195.0
,,,,,,,,,,
,,4.0,,,,,,,1180.0,3570.0
,,,,,,,,,,
,,,,,,,,,,
,,,,,,,,,,-4350.0
,,,,,,,,,,
,,,,,,,,,,-2808.0
,,,,,,1860.0,,,,-3157.0
,,,,,,,,,1130.0,
,,,,,,,,,,
,,,,,,,,,,
,,,,,,,,,,
,,,,,,,,,,
,,,,,,,,,,
,,,,,,,,,,9280.0
1886700.0,,,,,4180.0,,,,1230.0,4175.0
,6.0,,,31920.0,,,,,,-3180.0
,,,,,,,,,,
,,,,65340.0,,,,,,6099.0
,,,,,,,,,,
,,,,,,,,,,
,,,,41343.0,,,,,,-12542.0
,,,,,,,,,,
,,,,,,,,,,
,,,,,,,,,,-4055.0
,,,,,,,,,,
,,,,,,,,,,
,,,,,,,,,,
,,,,,,,,,,
,,,,,,,,,,
,,,,,,,,,,
,,,,,,,,,,
,,,,435600.0,,,,,,272250.0
,,,,,,,,,,
,,,,,,,,,,
,,,,,,,,,,
,,,,,,,,,1450.0,
,,,,,,,,,,
,,,,,,,,,,
,,,,,,,,,,
,,,,,,,,,,
,,,,,,,,,,-2250.0
,,,,,,,,,,
,,,,,,,,,,
,,,,,,,,,,
,,,,,,,,,,
,,,,70131.0,,1720.0,,,,26571.0
,,,,,,,,,,
,,,,,,,,,,
,,,,,,,,,,
,,,,,,,,,,
,,,,,,,,,,
,,,,,,,,,,
,,5.5,5190.0,,5190.0,,,,1350.0,
,,,,,,,,,,
,,,,,,,,,,
,,,,,,,,,,
,,,,,,,,,,
,,,,,,,,,,
,,,,,,,,,,
,,,,,,,,,,
,,,,,,,,,,
,,,,67475.0,,,,,,27655.0
,,,,,,,,,,
,,,,,,,,,,
,,,,,,,,,,4250.0
,,,,,,,,,,
,,,,,,,,,,
,,,,,,,,,,
,,,,,,,,,,
,,,,,,,,,,
,,,,,,,,,,
,,,,,,,,,,
,,,,,,,,,,
,,,,,,,,,,
,,,,,,,,,,
,,,,23819.0,,,,,,9369.0
,,,,,,,,,,
,,,,,,,,,,2347.0
,,,,,,,,,,
,,,,,,,,,,
,,,,,,,,,,
,,,,,,,,,,-14584.0
,,,,,,,,,,
,,,,,,,,,,
,,,,,,,,,,
,,,,,,,,53799.0,,
,,,,,,,,,1460.0,
,,,,20785.0,,,,,,13219.0
,,,,,,,,,,
,,,,81892.0,,,,,,80029.0
,,,,,,,,,,
,,,,,,,,,,
,,,,,,,,,,
,,,,,,,,,,
,,,,24586.0,,,,53799.0,-1730.0,10386.0
,,,,,,,,52787.0,,
,,,,,,,,,,
,,,,26831.0,,,,,,11037.0
,,,,,3880.0,,,,,
,6.0,,,,,,,,,
,,,,,,,,,,3856.0
1160000.0,,,4290.0,,,,,52787.0,2370.0,3019.0
,,,,,,,,,,
,,,,,,,,,,
,,,,,,,,,,
,,,,,,,,,,-5603.0
,,,,,,,,,,
,,,,27200.0,,,,,,-46852.0
,,,,,,,,,,
,,,,,,,,,,
,,,,,,,,,,
,,,,,,,,,,-7905.0
3395000.0,,,4730.0,47870.0,,1790.0,,,1480.0,
,,,,,,,,,,
,,,,,,,,,,
,,,,,,,,,,
,,,,,,,,,,
,,,,21780.0,,,,,,12614.0
,,,,,,,,,,
,,,,,,,,,,
,,,,,,,,,,
,,,,,,,,,,
,,,,,,,,,,
,,,,,,,,,,
,,,,,,,,,,3868.0
,,,,,,,,,,
,,,,,,,,,,
,,,,,,,,,,5874.0
,,,,,,,,,,
1815000.0,,,,,3880.0,,,53799.0,,
,,,,,,,,,,
,,,,,,,,,1110.0,
,,,,,,,,,,
1225000.0,,,,,,,132665.0,81926.0,,
,,,,,,,,,,
,,,,,,1410.0,,,,
,,,,,,,,,,
,,,,,,,,,,
,,,,,,,,,,
,,,,58488.0,,,,,,
,,,,,,,,,,
,,,,,,,,,,
,,,,,,,,,,8152.0
,,,,,,,,,,
,,,,,,,,,,-3245.0
,,,,,,,,,,
,,,,,,,,,,-4500.0
,,,,,,,,,,
,,,,,,,,,,-6539.0
,,,,,,,,,,
,,,,,,,,,,
,,,,,,,,,,4407.0
,,,,,,,,,,
,,,,,,,,,,
,,,,,,,,,,
,,,,,,,,,,
,,,,,,,,,,
,,,,,,,,,,
1400000.0,,,,,,,,52787.0,,
,,,,,,,,,,
,,,,,,,,,,
,,,,,,,,,,
,,,,,,,,,,
,,,,,,,,,,
,,,,,,,,,,
,,,,,,,,,,
,,,,,,,,,,
,,,,,,,,,,
,,,,,,,,,,
,,,,,,,,,,2485.0
,,,,,,,,,,
,,,,,,,,,,
,,,,,,,,,,
,,,,,,,,,,
,,,,344124.0,,,,,,174240.0
2885000.0,7.0,,5350.0,,5020.0,,,52787.0,2300.0,6931.0
,,,,,,,,,,
1680000.0,,3.75,7620.0,29536.0,5980.0,1640.0,,,4780.0,8727.0
,,,,,,,,,,
,,,,,,,,,,
,,,,,,,,,,
,,,,,,,,,,
,,,,,,,,,,
,,,,,,,,,,
,,,,,,,,,,
,,,,45738.0,,,,,,
,,,,,,,,,,
,,,,,,,,,,
,,,,,,,,,,4730.0
,,,,,,,,,,
,,,,,,,,,,-5253.0
,,,,,,,,,,
,,,,,,,,,,2385.0
,,,,,,,,,,
,,,,,,,,,,-6534.0
,,,,,,,,,,
,,,,,,,96028.0,,,2530.0
2750000.0,,,4430.0,21000.0,4430.0,,132665.0,81926.0,,
,,,,,,,,,,-8984.0
,,,,,,,96028.0,,,
,1.0,,,,,,,,,
,,,,,,,,,,
,,,,,,,,,,-3636.0
,,,,32500.0,,,,,,-70301.0
,,,,,,,,,,
,,,,,,,,,,
,,,,,,,,,,
,,,,,,,,,,
,,,,,,,,,,
,,,,,,,,,,2846.0
,,,,,,,,,,
,,,,,,,,,,
,,,,,,,,,,
,,,,41000.0,,,,,,5630.0
,,,,,,,,,,
,,,,,,,,,,2600.0
,,,,,,,,,,4169.0
,,,,,,,,,,
,,,,,,,,,,
,,,,,,,,,,
,,,,,,,,52787.0,,
,,,,,,,,,,
,,,,,,,,,,
,,,,,,1660.0,,,,
,,,,,,,,,,
,,,,,,,,,,
,,,,,,,,,,
,,,,41194.0,,,,,,-42876.0
3300000.0,,4.75,6200.0,,4440.0,1760.0,,,3260.0,
,,,,43560.0,,,,,,-24196.0
,,,,,,,,,,
,,,,,,,,,,
,,,,,,,,,,
,,,,,,,,,,
,,,,,,,,,,
,,,,,,,,,,
,,,,,,,,,,3376.0
,,,,,,,,,,10988.0
,,,,,,,,,,
,,,,,,,,,,
,,,,,,,,,,
1500000.0,6.0,,,,,,,52787.0,,
,,,,,,,,,,
,,,,,,,,,,
,,,,,,,,,,
,,,,,,,,,,
,,,,,,,,,,
,,,,,,,,52787.0,,
,,,,,,,,,,
,,,,,,,,,,6081.0
,,,,,,,,,,
,,,4410.0,58157.0,,2080.0,,,1950.0,15592.0
,,,,,,,,,,
,,,,,,,,,,
,,,,,,,,,,
,,,,48076.0,,,,,,25010.0
,,,,,,,,,,
,,,,,,,,,,
,,,,,,,,,,
,,,,,,,,,,
,,,,,,,,,,
,,,,,,,,,,
,,,,,,,,,,
,,,,39000.0,,,,,,
,,,,,,,,,,
,,,,27319.0,,,,,,-3372.0
,,,,,,,,,,
,,,,,,,,,,
,,,,219978.0,,,,,-1210.0,
,,,,,,,,,,
,,,,,,,,,,-4852.0
,,,,,,,,,,
,,,,,,,,53799.0,,
,,,,24190.0,4140.0,,,,,
,,,,,,,,,,
,,,,,,,,,,
,,,,,,,,,,
,,,,,,,,,,
,,,,,,,,,,
,,,,,,,,,,
,,,,,,,,,,-4175.0
,,,,,,,,,,
,,,,,,,,,,
,,,,,,,,,,
2110000.0,,,,,,,,,,
,,,,,,,,,,
,,,,,,,,,,
,,,,,,,,,,2475.0
,,,,,,,,,,
,,,,,,,,53799.0,,
,,,,,,,,,,3132.0
,,,,,,,,,,
,,,,,,,,,,
,,,,,,,,,,
,,,,,,1580.0,,,1170.0,
,,,,,,,,,,
,,,,,,,,,1380.0,4883.0
,,,,,,,,,,
,,,,,,,,,,
,,,,,,,,,,
,,,,,,,,,,
,,,,,,,,,,
,,,,,,,,,,
,,,,,,,,,,
,,,,,,,,,,
,,,,,,,,,,3000.0
,,,,,,,,,,
,,,,,,,,,,
,,,,,,,,,,
,,,,,,,,,,
,,,,,,,,,,
,,,,58806.0,,,,,1450.0,40879.0
,,,,,,,,,,
,,,,,,,,,,
,,,,,,,,,,
,,,,,,,,,,
,,,,,,,,,,
,,,,,,,,,,
,,,,,,,,,,
,,,,,,,,,,
,,,,,,,,,,
,,,,,,,96028.0,,,
,,,,,,,,,,
,,,,,,,,,,
,,,,,,,,,,
,,,,,,,,,,11357.0
,,,,252648.0,,,,,,180774.0
,,,,,,,,,,
,,,,,,,,,,
,,,,,,,,,,
2225000.0,,4.0,,30120.0,,,,52787.0,1440.0,17920.0
,1.0,,,,,,,,,
,,,,27144.0,,,,,,14630.0
,,,,,,,,,,
,,,,,,,,,,
,,,,,,,,,,2400.0
,,,,,,,,,,
,,,,,,,,,,
,,,,,,,,,,
,,,,,,,,,,
,,,,,,,,,,
,,,,,,,,,,
,,,,,,,,,,
,,,,,,,,,,
1340000.0,,,,,,,,,,
,,,,,,,,,,
,7.0,,,,,,,,1260.0,
,,,,,,,,,,
,,,,,,,,,,3136.0
,,,,,,,,,,
,,,,,,,,,,
,,,,,,,,,,
,,,,,,,,,,
,,,,,,,,,,-2953.0
,,,,,,,,,,
,,,,,,,,,,
,,,,,,,,,,
,,,,,,,,,,
,,,,,,,,,,
,,,,,,,,,,
1285000.0,,,,,,,,,1200.0,
,,,,,,,,,,
,,,,,,,,,,
,,,,,,,,,,
,,,,,,,,,,
,,,,,,,,,,
,,,,,,,,,,
,,,,,,,,,,
,,,,,,,,,,
,,,,,,,,,,
,,,,,,,,,,
,,,,,,,,,,
,,,,,,,,,,-2232.0
,,,,22080.0,,,,,,2623.0
,,,,32700.0,,,,,,10100.0
,,,,,,,,,,-2375.0
,,,,,,,,,,
2200000.0,,4.0,5840.0,,4410.0,1430.0,,,2720.0,
1625000.0,,,,,,,,52787.0,,
,,,,,,,,,,
,,,,,,,,,,
,,,,,,,,,,
,,,,,,,,,,
,,,,,,,,,,
,,,,,,,,,,
,,,,,,,,,,
,,,,,,,,,,
,,3.75,,,,,,,1910.0,9104.0
,,,,,,,,,,
,,,,,,,,,,
,,,,,,,,,,
,,,,,,,,,,
,,,,,,,,,,
,,,,,,,,,,
,,,,,,,,,,
,,,,,,,,,-1060.0,
,,,,,,,,,,
,,,,,,,,,,
,,,,,,,,,,
1950000.0,,3.75,,,,,132665.0,81926.0,,-3996.0
1225000.0,6.0,,,,,,,52787.0,,
,,,,,,,,,,
,,,,,,,,,,
,,,,,,,,,1160.0,
,,,,,,,,,,
,,,,,,,,,,
,,,,,,,,,,
,,,,,,,,53799.0,1130.0,
,,,,,,,,,,
,,,,,,,,,,
,,,,,,,,,,2505.0
,,,,113691.0,,,,,,24393.0
,,,,,,,,,,
,,,,,,,,,,
,,,,,,,,,,
,,,,26600.0,,,,,,17817.0
,,,,,,,,,,
,,,,,,,,,,
,,,,,,,,53799.0,,
,,,,,,,,52787.0,,
,,,4320.0,,,1440.0,,,2440.0,
,,,,,,,,,,
,,,,,,,,,,
,,,,,,,,,,
,,,,,,,,,,
,,,,,,,,,,
,,,,,,,,,,-19076.0
,,,,,,,,,,
,,,,,,,,,,
,,,,,,,,,,
,,,,,,,,,,
,6.0,,,22421.0,,,,,,6861.0
,,,,,,,,,,
,,,,,,,,,,
,,,,,,,,,,
,,,,,,,,,,
,,,,,,,,,,-2500.0
,,,,,,,,,,
,,,,,,,,,,
,,,,,,,,,,4328.0
,,,,,,,,,,
,,,,,,,,,,
1500000.0,,4.25,5550.0,,5550.0,,,,,
,,,,,,,,,,
,,,,,,,,,,-3367.0
,,,,,,,,,,
,,,,,,,,,,
,,,,,,,,,,-2335.0
,,,,,,,,,,
,,,,,,,,,,
,,,,,,,,,,
,,,,,,,,,-1160.0,
1690000.0,,,5290.0,224442.0,4540.0,,96028.0,,1540.0,139506.0
1800000.0,,,5290.0,224442.0,4540.0,,96028.0,,1540.0,139506.0
,,,,,,,,,,
,,,,,,,,,,
,,,,,,,,,,
,,,,,,,,53799.0,,
,,,,67082.0,,,,,,4792.0
,,,,,,,,,,
,,,,,,,,,,
,,,,,,,,,,
,,,,,,,,,,
,,,,,,,,,,
,,,,,,,,,,
,,,,,,,,,,
,,,,,,,,,,
,,,,217800.0,,,,,,4792.0
,,,,,,,,,,
,,,,,,,,,,2393.0
,,,,,,,,,,
,,,,,,,,,,3090.0
,,,,,,,,,,
,,,,,,,,,,
,,,,,,,,,,
,,,,,,,,,,
,,,,,,,,,,
,,,,,,,,,,
,,,,,,,,,,
,,,,,,,96028.0,,,
,,,,,,,,,,
,,,,,,,,,,
,,,,,,,,,,
,,,,,,,,,,
,,,,,,,,,,
,,,,,,,,,,
,,,,,,,,,,
,,,,,,,,,,
,,,,,,,,,,
,,,,,,,,,,
,1.0,,,,,,,,,
,,,,,,,,,,
,,,,36356.0,,,,,,22296.0
,,,,217852.0,,,,,,
,,,,,,,,,,
,,,,,,,,,,
,,,,,,,,,,
1580000.0,,,,,,,,,,
,1.0,,,,,,,,-1550.0,-9844.0
,,,,32219.0,,,,,,-4987.0
,,,,,,,,,,
,,,,,,,,,1540.0,3442.0
,,,,,,,,,,
,,,,,,,,,,
,,,,,,,,,,
,,,,,,,,,,
,,,,,,,,,,
,,,,,,,,,,
,,,,,,,,,,
,,,,,,,,,,
,,,,,,,,,,
,1.0,,,,,,,,,2870.0
,1.0,,,,,,,,,2870.0
,,,,,,,,,,
,,,,,,,,,,-4197.0
,,,,,,,,,,
,,,,,,,,,,
,,,,,,,,,,
,,,,,,,,,,
,,,,,,,,52787.0,,
,,,,47044.0,,,,,,-2614.0
,,,,,,,,,,
,,,,33750.0,,,,,,
,,,,,,,,,,
,,,,,,,,,,
,,,,26099.0,,,,,,6412.0
,,,,,,,,,,
,,,,,,,,,,
,,,,,,,,,,
,,,,,,,,,,8329.0
2200000.0,,,,30456.0,,1500.0,132665.0,81926.0,,3038.0
,1.0,,,,,,,,,
,,,,102366.0,,,,,,45226.0
,,,,,,,,,,3921.0
,,,,,,,,,,6008.0
,,,,,,,,,,-2571.0
,,,,,,,,,,
,,,,,,,,,,
,,,,,,,,,,
,,,,,,,,,,
,,,,23522.0,,,,,-1110.0,
,,,,,,,,,,
,,,,,,,,,,2472.0
,,4.5,,,4130.0,,,,,
,,,,,,,,,,
,,,,,,,,,,
,,,,,,,,,,3600.0
,,,,,,,,,1300.0,
,,,,,,,,,,5000.0
,,,,,,,,,,
,,,,,,,,,,
,6.0,,,,,,,,,
,,,,,,,,,,
,,,,,,,,,,
,,,,,,,,,,
,,,,,,,,,,
,,,,,,,,,,
,,,,,,,,,,2855.0
,,,,,,,,,,
,,,,,,,,,,
,,,,,,,,,,
,,,,,,,,,,-3389.0
,,,,,,,,,,
,,,,,,,,,,
1500000.0,,4.25,5020.0,26319.0,5020.0,,,,,
,,,,,,,,,,
,,,,,,,,,,
,,,,37565.0,,,,,,
,0.0,0.0,,,,,,,,-5331.0
,,,,,,,,,,
,,,,,,,,,,
,,,,,,,,,,
,,,,,,,,,,
,,,,,,,,,,
,,,,,,,,,,
,,,,,,,,,,
,,,,,,,,,,
,,,,,,,,,,
,,,,,,,,,,3983.0
,,,,,,,,,,
,,,,,,,,,,
,,,,,,,,,,
,,,,,,,,,,
,,,,,,,,,,
,,,,,,,,,,
,,,,,,,,,,
,,,,22702.0,,,,,,
,,,,,,,,,,
,,,,,,,,,,
,,,,,,,,,,
,,,,,,,,,,
,,,,,,,,,,
,,,,,,,,,,2791.0
,,,,,,,,,,
,,,,,,,,,,
,1.0,,,,,,,,-1300.0,
,,,,,,,,,,
,,,,,,,,,,
,,,,,,,,,,
,,,,,,,,,,
,,,,,,,,,,2337.0
,,,,,,1500.0,,,,3031.0
,,,,,,,,,,
,,,,,,,,,,
,,,,,,,,,,
,,,,,,,,,,
,,,,,,,,,,7471.0
,,,,,,,,,1160.0,
,,,,,,,,,,
,,,,,,,,,-1090.0,
,,,,,,,,,,
,1.0,,,,,,,,,
,,,,,,,,,,
,,,,,,,,,,
,,,,,,,,,,
,,,,,,,,,,
,,,,,,,,,,-3856.0
,,,,,,,,,,5428.0
,,,,,,,,,,
,,,,33042.0,,,,,,-7073.0
,,,,,,,,,,
,,,,,,,,,,
,,,,,,,,,,
,,,,,,,,,,
,,,,,,,,,,
,,,,165092.0,,,,,,-46174.0
,,,,79279.0,,,,,1420.0,55271.0
,,,,,,,,,,
,,,,,,,,,,
,,,,63597.0,,,,,,-23523.0
,,,,63597.0,,,,,,-23523.0
,,,,,,,,,,
,,,,,,,,,,
,,,,,,,,,-1200.0,-4047.0
,,,,,,,,,,-4731.0
,,,,,,,,,,
,,,,,,,,,,
,,,,,,,,,,
,,,,,,,,,,
,,,,,,,,,,
,,,,,,,,,,
,,,,,,,,,,
,,,,30689.0,,,,,,
,,,,,,,,,,
,,,,,,,,,,
,,,,,,,,,,
,,,,,,,,,,
,,,,,,,,,,
,,,,,,1540.0,,,,
,,,,43560.0,,,,,,37740.0
,,,,43560.0,,,,,,
,,,,65340.0,,,,,,52456.0
,,,,,,,,,,
,,,,,,,,,,
,,,,,,,,,,
,,,,25705.0,,,,,,5545.0
,,,,,,,,,1260.0,
,,,,,,,,,,
2400000.0,6.0,4.5,5480.0,,4430.0,,,,2510.0,3600.0
,,,,,,,,,,
,,,,,,,,,,
,,,,,,,,,,
,,,,,,,,,,
,,,,,,,,,,
,,,,,,,,,,8308.0
,,,,,,,,,,
,,,,,,,,,,
,,,,,,,,,,
,,,,,,,,,,
,,,,,,,,,,
,,,,,,,,,,6916.0
,,,,,,,,,1290.0,
,,,,,,,,,,-40388.0
,,,,,,,,,,
,,,,,,,,,,
,,,,,,,,,,
,,,,23550.0,,1410.0,,,,3946.0
,,,,,,,,,,
,,,,,,,,,,
,,,,,,,,,,
,,,,,,,,,1230.0,
,,,,,,,,,,
,,,,,,,,,,-3327.0
,,,,,,,,53799.0,1580.0,4355.0
,,,,,,,,,,
,,,,,,,,,,
,,,,,,,,,,
,,,,,,,,,,
,,,,,,,,,,
,,,,,,,,,,
1225000.0,,,,79279.0,,,,,,38779.0
,,,,,,,,,,
1260500.0,,,,,,,,53799.0,,
,,,,,,,,,,
,,,,,,,,,,
1989000.0,,,,,,,,,,-6986.0
,,,,,,,,,,-2876.0
,,,,,,,,,,
,,,,,,,,,,
,,,,,,,,,,-5658.0
,,,,,,,,,,
2888000.0,,6.25,8670.0,64033.0,6120.0,2550.0,,,4530.0,-16988.0
,,,,,,,,,,
,,,,,,,,,,
,,,,,,,,,1240.0,
,,,,,,,,,,
,,,,,,,,,,
,,,,,,,,,,
,,,,19400.0,,,,,,4300.0
,,,,,,,,,,
,,,,,,,,,1800.0,
,,,,,,,,,,
,,,,,,,,,,-4653.0
,,,,,,,,,,
,,,,,,,,,,
,,,,,,,,,,
,,,,,,,,,,-5051.0
,,,,,,,,,,-2390.0
,,,,,,,,,,
,,,,,,,,,,
,,,,,,,,,,
,,,,57599.0,,,96028.0,,,19413.0
,,,,,,,,,,
,,,,,,,,,1340.0,
,,,,,,,,,,
,,,,,,,,,,
,,,,,,,,,,
,,,,,,,,,,
,,,,,,,,,,
,,,,,,,,,,
,,,,,,,,53799.0,,
,,,,,,,,,,
,,,,,,,,,,
,,,,,,,,,,
,,,,,,,,,,
,,,,25038.0,,,,,,8370.0
,,,,,,,,,,
,,,,,,,,,,
,,,,,,,,,,
,,,,,,,,,,5335.0
,,,,,,,,,,-63267.0
,,,,,,,,,,
,,,,,,,,,,
,,,,,,,,,,
,,,,,,,,,,
,,,,,,,,,,-8675.0
,,,,,,,,,,
,,,,,,,,,,
,,,,,,,,,,
,,,,209088.0,,,96028.0,,,169590.0
,,,,,,,,,,2674.0
,,,,,,,,,,
,,,,,,,,,,
,,,,,,,,,,2825.0
,,,,,,,,,,
,,,,,,,,,,
,,,,54059.0,,,,,,4401.0
,,,,,,,,,,
,,,,,,,,,,
,,,,,,,,,,
,,,,,,,,,,3411.0
,,,,,,,,,,
,,,,,,,,,,4549.0
,,,,,,,,,,
2230000.0,,,,28064.0,,,,,,-6649.0
,,,,,,,,,,
,,,,21876.0,,,,,,
,,,,,,,,,,
,,,,,,,,,,
,,,,,,,,,,
,,,,,,,,,,
,,,,,,,,,,
,,,,,,,,,,
,,,,,,,,,,
,,,,,,,,,,
,,,,,,,,,,
,,,,,,,,,,
,,,,,,,,,,
,,,,,,,,,,
,,,,,,,,,,
,,,,23750.0,,,,,,2583.0
,,,,,,,,,,
,,,,,,,,,,
,6.0,,,107362.0,,,,,,72361.0
1442500.0,,,,,,,,,,9317.0
,,,,,,,,,,
,,,,,,,,,,
,,,4480.0,42717.0,4480.0,,,,1340.0,
,,,,,,,,,,
,,,,,,,,,,
,,,,,,,,,,
,,,,,,,,,,
1378000.0,,,,,,,,,1660.0,
,,,,,,,,,,
,,,,,,,,,,
,,,,,,,,,,
,,,,,,,,,,
,,,,155509.0,,,,,,121097.0
,,,,24750.0,,1580.0,,,1750.0,11270.0
,,,,28480.0,,,96028.0,,,
,,,,,,,,,,
,,,,,,,,,,
,,,,,,,,,,-3044.0
,,,,,,,,,,
,,,,,,,,52787.0,,
,,3.75,,,,,,,,
,,,,,,,,,,
,6.0,,,,,,,,1260.0,3124.0
,,,,,,,,,,
,,,,,,,,,,
,,,,,,,,,,
,,,,,,,,,,-7298.0
,,,,29136.0,,,,,,
,,,,,,,,,,
,,,,,4110.0,,,,,
,,,,,,,,,,
,,,,,,,,,,-2080.0
,,,,,,,,,,
,,,,,,,,,,
,,,,61419.0,,,,,,13068.0
,,,,85226.0,,,,,,38266.0
,,,,,,,,,,
,,,,,,,,,,5670.0
,,,,,,,,,,
,,,,,,,,,,
,,,,,,,,,,6615.0
1475000.0,,4.0,4770.0,31570.0,4770.0,,,,,
1295000.0,,,,19449.0,,,,,,-4149.0
,,,,,,,,,,
,,,,,,,,,,
1465000.0,,4.0,4930.0,22093.0,4930.0,,,,,3204.0
,,,,,,,,,,
,,,,,,,,,,
,,,,443440.0,,,,,,145258.0
,,,,,,,,52787.0,,
,,,,,,,,,,
,,,,,,,,,,
,,,,,,,,,,4127.0
,,,,,,,,,,
,,,,,,,,,,7123.0
,,,,,,,,,,
,,,,,,,,,,
,,,,,,,,,,3710.0
,,,,,,,,,,
,,,,43170.0,,,,,,2335.0
,,,4320.0,,,,,,,-2518.0
,,,,,,,,,,
,,,,102366.0,,,,,,-6534.0
,,,,,,,,,1700.0,2625.0
,,,,,,,,,,
,,,,,,,,,,
,6.0,,,29985.0,,,,,,
,,,,,,,,,,
,,,,,,,,,,
,,,,,,,,,,
,,,,,,,,,,
,,,,,,,,,,3745.0
,,,,,,,,,,
,,,,,,,,,,
,,,,,,,,,,
,,,,,,,,,,
1160000.0,,3.75,,,,,,53799.0,,
,,,,,,,,,,
,,,,,,,,,,
,,,,,,,,,,
,,,4420.0,,,,,,,
,,,,,,,,,,-5192.0
,,,,,,,,,,3495.0
,,,,,,,,,,
,,,,,,,,,,
,,,,,,,,,,
,,,,,,,,,,
1195000.0,,,,,,,,,1120.0,
,,,,,,,,,,
,,,,,,,96028.0,,,2541.0
,,,,,,,,,,
,,,,,,,,,,
,,,,,,,,,,
,,,,,,,,,,6644.0
,,,,,,1660.0,,53799.0,,
,,,,26000.0,,,,,,-5100.0
,,,,43748.0,,,,,,19146.0
,,,,,,,,,,
,,,,,,,,,,
,,,,,,,,,,
,,,,247421.0,,,,,,25265.0
,,,,,,,,,,
,,,,,,,,,,
,,,,19550.0,,,,,,
,,,,,,,,,,
,,,,,,,,,,
,,,,21675.0,,,,,,11084.0
,,,,,,,,,,
,,3.75,,,,,,,1410.0,
,,,,,,,96028.0,,,
,,,,107157.0,,,,,,-108465.0
,,,,,,,,,,
,,,,,,,,,,
,,,,,,,,,,
,,,,,,,,,,
,,,,21000.0,,,,,,11080.0
,,,,,,,,,,
,,,,,,,,,,
,,,,,,,,,,
,,,,,,,,,,-4960.0
,,,,,,,,,,
,,,,,,,,,,
,,,,21893.0,,,,,,
,,,,,,,,,,
,,,,,,,,,,
,,,,,,,,,,
,,,,,,,,,,
,,,,,,,,,,
,,,,,,,,,,
,,,,,,,,,,
,,,,,,,,,,
,,,,,,,,,,
,,,,24170.0,,,,,,-2151.0
,,,,,,,,,,-3120.0
1612500.0,,,5470.0,,,1740.0,,,1850.0,3100.0
,,,,46609.0,,,,,,-22215.0
,,,,,,,,,,
,,,,,,,,,,
,,,,,,,,,,
,,,,,,,,,,
,,,,,,,,,,
,,,,,,,,,,
,,,,,,,,,,
,,,,,,,,52787.0,,
,,,,,,,,,,
,,,,42247.0,,,,,,29788.0
,,,,,,,,,,-3320.0
,,,,,,,,,,2574.0
,,,,,,,,,,
,,,,,,,,,,
,,,,,,,,,,
,,,,,,,,,,
,,,,,,,,,,
,,,,,,,,,,
,,,,,,,,,,
,,,,,,,,,,
,,,,,,,,,,
,,,,,,,,,,
,,3.75,,34412.0,,,,,1320.0,
,,,,,,,,,,
,,,,,,,,,,
,,,,,,,,,,
,,,,,,,,,,
1260000.0,,,,,,1470.0,132665.0,81926.0,,-4469.0
,,,,,,,,,,2427.0
,,,,,,,,,,
,,,,,,,,,1170.0,
,,,,200811.0,,,,,,-5227.0
,,,,,,,,,,
,,,,,,,,,,4400.0
,,,,,,,,,,
1180000.0,,,,,,,,,,
,,,,,,1580.0,,,,
,,,,,,,,,,
,,,,,,,,,,8873.0
,,,,,,,,,,
1900000.0,,4.5,5160.0,44315.0,5160.0,,,,,
,,,,,,,,,,
,,,,,,,,,,
,,,,,,,,,,
,,,,81021.0,,,,,-1130.0,11325.0
,,,4570.0,,4570.0,,,,,
2600000.0,,,,,,,,53799.0,,
,,,,,,,,,,
,,,,,,,,,,
,,,,,,,,,,
,,,,,,,,,,
,,,,19271.0,,,,,,-24312.0
,,,,,,,,,,
,,,,,,,,,,
,,,,,,,,,,
,,,,,,,,,,
,,,,,,,,,,
,,,,,,,,,,5450.0
,,,,,,,,,,4500.0
,,,,,,,,,,2440.0
,,,,,,,,,,
,,,,,,,,,,
,,,,,,,,,,
,,,,103237.0,,,,,,62727.0
,,,,35445.0,,,,,,3315.0
,,,,,,,,,,
,,,,,,,,,,
,,,,,,,,,,
,,,,,,,,,,
,,,,52333.0,,,,,,45875.0
,,,,,,,,,,
,,,,,,,,,,
,,,,,,,,,,
,,,,,,,,,,
,,,,,,,,,,-2592.0
,,,,,,,,,,
,,,,,,,,,-1020.0,-3844.0
,,,,123710.0,,,,,,30928.0
,,,,,,,,,,
,,,,,,,,,,
,,,,,,,,,,
,,,,,,,,,,
,1.0,,,,,,,,,
,,,4600.0,19831.0,,2300.0,,,1710.0,
,,,,,,,,,,
,,,,,,,,,,
,,,,,,,,,,
,,,,,,,,,,3033.0
,,,,,,,,,,3530.0
1520000.0,6.0,,,,,,,53799.0,,
,,,,,,,,,,
,,,,,,,,,,
,,,,21183.0,,,,,,15063.0
,,,,,,,,,,-26376.0
,,,,,,,,,,
,,,,,,,,,,-6643.0
,,,,,,,,,,
,,,,,,,,52787.0,,
,,,,,,,,,,
,,,,,,,,,,
,,,,,,,,,,
,,,,,,,,,,
,,,,,,,,,,
,,,,,3800.0,,,,1320.0,5561.0
,,,,,,,,,,
,,,,,,,,,,
,,,,,,,,,,
,,,,,,,,,,
,,,,21392.0,,,,,,
,,,,,,,,,,
,,,,,,,,,,9630.0
,,,,,,,,,,3304.0
,,,,,,,,,,2769.0
,,,,,,,,,,
,,,,211266.0,,,,,,-52226.0
,,,,28433.0,,,,,,
,,,,,,,,,,
,,,,,,,,,,-2930.0
,,,,,,,,,,
,,,,21600.0,,,,,,
,,,,,,,,,,
,,,,,,,,,,
,,,,,,,,,,
,,5.0,,43560.0,4110.0,,,,,
,,,,19965.0,,,,,,2715.0
,,,,92782.0,,,,,,-75359.0
,,,,,,,,,,
,,,,,,,,,,
,,,,,,,,,,
,,,,,,,,,,
,,,,,,,,,,
,,,,,,,,,,-2395.0
,,,,,,,,,,
,,,,,,,,,,
,,,,,,,,,,
,,,,64438.0,,,,,,-6564.0
,,,,,,,,,,
,,,,,,,,,,
,,,,205603.0,,,,,,18295.0
,7.0,,,,,,,,,
,,,,,,,,,,
,,,,,,,,,,
,,,,,,,,,1300.0,
,,,,,,,,,-1090.0,-2212.0
,,,,,,,,53799.0,,
,,,,47318.0,,,,,,27655.0
,,,,,,,,,,
1340000.0,,,,,,,,,,
,,,,,,,,,,
,,,,,,,,,,
,,,,,,,,,,
,,,,,,,,,,-2170.0
,,,,,,,,,,
,,,,,,,,,,2961.0
,,,,,,,96028.0,,,
,,,,,,,,,,
,,,,,,,,,,
,,,,,,,,,,
,,,,,,,,,,
,,,,,,,,,,-2176.0
,,,,,,,,,,
,,,,,,,,,,
,,,,,,,,,,
,,,,,,,,,,
1375000.0,,4.0,,22763.0,,1850.0,,53799.0,,11562.0
,,,,31505.0,,,,,,8908.0
,,,,,,,,53799.0,,
,,,,,,,,,,
,,,,,,,,,,
,,,,,,,,,,
,,,,,,,,,,
,,,,,,,,,,
,,,,,,,,,,
,,,,,,,,,,
,,,,,,,,,,-2500.0
,,,,,,,,,,
,,,,288367.0,,,,,,280213.0
1500000.0,,,4370.0,,,,,,1390.0,
,,,,,,,,,,
,,,,36615.0,,,,,,
,,,,,,,,,,
,,,,,,,,,,
,,,,,,,,,,
,,,,,,,,,,
,,,,,,,,,1150.0,
1480000.0,,,,,,,,,,
,,,,,,,,,,3577.0
,,,,,,,,,,
,,,,,,,,,,
,,,,,,,,,,
,,,,,,,,,,
,,,,,,,,,,
,,,,,,,,,,
,,,,,,,,,,
,,,,,,,,,,2356.0
,,,,,,,,,,
1425000.0,,,,,,,,52787.0,,
,,,,,,,,,,
,,,,,,,,,,
,,,,,,,,,-1280.0,
,,,,,,,,,,
,,,,,,,,,,
,,,,60984.0,,,,,,5651.0
,,,,,,,,,,
,,4.5,,,4230.0,,,,,-2552.0
,,,,,,,,,,
,,,,,,,,,,-2895.0
,,,,,,,,,,-2895.0
,,,,,,,,,,2951.0
,,,4260.0,36360.0,4100.0,,,,1830.0,18472.0
,,,,,,,,,,
,6.0,,,,,,,,1250.0,
,,,,,,,,,,
,,,,,,,,,,
,,,,,,,,,,
,,,,,,,,,,3599.0
,,,,25000.0,,,,,,-3250.0
,,,,,,,,,,
,,,,,,,,,,
1640000.0,,4.0,4780.0,118047.0,4780.0,,,,,86287.0
,,,,,,,,,,
,,,,,,,,,,
,,,,,,,,,,
,,,,,,,,,,
,,,,,,,,,,
,,,,,,,,,,
,,,,,,,,,,
,,,,,,,,,,
,,,,,,,,,,
,,,,,,,,,,
,,,,23505.0,,,,,,7105.0
,,,,,,,,,,
,,,,,,,,,,
,,,,,,,,,,
,,,,,,,,,2200.0,
,,,,,,1650.0,,,,7225.0
,,,,,,,,,,
,,,,,,,,,,
,,,,,,,,,,
,,,,,,,,,,3953.0
,,,,,,,,,1170.0,
,,,,,,,,,,
,,,,,,,,,,
,,,,,,,,,,
,,,,,,,,,,-2196.0
,,,,,,,,,,
2450000.0,7.0,4.25,4670.0,23115.0,4670.0,,132665.0,81926.0,1430.0,9203.0
,,,,,,,,,,-2625.0
,,,,,,,,,,
,,,,,,,,,,
,,,,113862.0,,,,,,59056.0
,,,,,,,,,,
,,,,,,,,,,
,,,,,,,,,,
,,,,,,,,,,
,,,,,,,,,,
,,,,,,,,,,
,,,,,,,,,,
,,,,,,,,,,-2267.0
,,,,,,,,,,-4864.0
,,,,,,,,,,-5500.0
,,,,,,,,,,
1295000.0,,,,,,,,,,
2000000.0,,,,,,,,,,3429.0
,,,,55764.0,,,,,,24917.0
,,,,,,,,,,
,,,,,,,,,,
,,,,,,,,,,2350.0
,,,,,,,,,,
,,,,,,,,,,
,,,,,,,,,,
,,,,,,,,,,
,,,,26445.0,,,,,,3165.0
1535000.0,,4.5,5770.0,,,2610.0,,,2820.0,3350.0
,,,,,,,,,,
,6.0,,,,,,,,,
,,,,,,,,,,
,,,,,,,,,,
,,,,,,,,52787.0,,
,,,,,,,,53799.0,,
,,,,,,,,,,
,,,,,,,,,,
,,,,,,,,,,
,,,,,,,,,,
,,,,,,,,,,
,,,,20000.0,,1890.0,,,,
,,,,,,,,,,
,,,,,,,,,,
,,,,,,,,,,
,,,,,,,,,,
,,,,,,,,,,
,,,,,,,,,,-2150.0
,,,,,,,96028.0,,,
,,,,,,,,,,
,8.0,,4300.0,,,1500.0,,,2520.0,
,,,,,,,,,,
1580000.0,,,,19991.0,,,,,,
,,,,,,,,,,
,,,,,,,,,,
,,,,,,,,,,
,,,,,,,,,,
,,,,,,,,52787.0,,
,,,,,,,,,,
,,,,,,,,,1734.0,
,,,,,,,,,,
,,,,,,,,,,
,,,,,,,,,,
,,,,,,,,,,
,,,,,,,,,,
,,,,41689.0,,1600.0,,,1110.0,
,,,,,,,,,,
,,,,,,,,,,
,,,,,,,,,,
,,,,,,,,,,
,,,,,,,,,,
,,,,,,,,,,
,,,,,,,,,,
,,,,,,,,,,
,,,,,,,,,,
,,,,,,,,,,
,,,,,,,,,,
,,,,,,,,,,
,,,,,,,,,,
,,,,,,,,,,
,,,,19206.0,,,,,,-2279.0
,,,,,,,,,,-10815.0
,,,,,,,,,,
,,,,,,,,,,
,,,,,,,,,,
,,,,,,,,,,
,,,,,,,,,,
,,,,,,,,,,
1210000.0,,3.75,4980.0,,4980.0,,,,,3492.0
,,,,,,,,,,
,,,,,,,,,,
,,,,,,,,,,
,,,,,,,,,,
,,,,,,,,,,
,,,,,,,,,,
,6.0,,,,,,,,1600.0,
,,,,,,,,,,
,,,,,,,,,,
1600000.0,,,,,3790.0,,,,,
,,,,,,,,,,
1225000.0,,,,,,,,,,
,,,,,,,,,,
,,,,,,,,,,
,,,,,,,,,,
,,,,,,,,,,
,,,,35400.0,,,,,,
,,,,,,,,,,-10927.0
,,,,,,,,,,
,,,,,,,,,,
,,,,,,,,,,
,,,,,,,,,,
,,,,,,,,,,-3000.0
,,,,,,,,,1560.0,
,,,,,,,,,-1180.0,
,6.0,,,36509.0,,,,,,24509.0
1770000.0,,,,,,,,,,
,,,,,,,,,,2770.0
,,,,,,,,,-1180.0,
,,,,,,,,,,
,,,,,,,,,,
,,,,,,,,,,6029.0
,,,,,,,,,,
,,,,,,,,,,
,,,,,,,,,,
,,,,,,,,,,
,,,,,,,,52787.0,,
,,,,,,,,,,
,,,,,,,,,,
,,,,,,,,,,-4226.0
,,,,24684.0,,,,,,
,,,,,,,,,,
,,,,,,,,,,
2152500.0,,,,,,,,,,
,,,,,,,,,,
,,,,,,,,,,
,,,,,,,,,,
,,,,,,,,,,
,,,,,,,,,,
1950000.0,,,,,,,,,,-2152.0
,,,,,,,,,,
,,,,35083.0,,,,,,10582.0
,10.0,,,,,,,,1570.0,
,,,,,,,,,,
,,,,,,,,,,
,,,,,,,,,,
,,,,,,,,,,
1755000.0,,4.0,,67953.0,3860.0,,,,,-60113.0
,,,,,,,,,,
,1.0,,,188465.0,,,,,,167371.0
,,,,,,,,,1260.0,
,,,,53578.0,,,96028.0,,,
,,,,,,,,,,
,,,,,,,,,,
,,,,,,,,,,
,,,,,,,,,,
,,,,,,,,,,-2263.0
,,,,,,,,,,
,,,,,,,,,,
,,,,,,,,,,
,,,,48096.0,,,96028.0,,,12936.0
2200000.0,,3.75,,,,,,52787.0,,
,,,,,,,,,,
,,,,,,,,,,5235.0
,,,,,,,,,,
,,,,,,,,,,
,,,,,,,,,,
,,,,,,,,,,2660.0
,,,,,,,,,,
,,,,,,,,,,
,,,,25992.0,,,,,,-3258.0
,,,,,,,,,,
,,,,,,,,,,
,,,,33976.0,,1460.0,,,,18766.0
,,,,,,,,,,
,,,,27008.0,,,,,,18118.0
,,,,,,,,,,
,,,,,,,,,,
,,,,183387.0,,,96028.0,,1160.0,148774.0
,,,,88426.0,,,,,,25264.0
,,,,,,,,,,
,,,,,,,,,,
,,,,,,,,,,
,,,,,,,,,,
,,,,,,,,,,
1900000.0,,,4280.0,,3900.0,,,,,
,,,,,,,,,,
,,,,,,,,,,
,,,,,,,,,,
,,,,,,,,,,
,,,,,,,,,,
,,,,,,,,,,
,,,,,,,,,,-2410.0
,,,,,,,,,,
1300000.0,,,,21600.0,,,,,,
,,,,,,,,,,
,,,,,,,,,,
,,,,,,,,,,
,,,,,,,,,-1510.0,
,,,,,,,,,,
,,,,,,,,,,-5905.0
,,,,,,,,,,
,,,,,,,,,-1170.0,
1150000.0,6.0,4.5,6040.0,219542.0,4100.0,1940.0,,,4030.0,187180.0
,,,,,,,,,,
,,,,,,,,,,
,,,,,,,,,,
,,,,,,,,,,
,,,,,,,,,,
,,,,,,,,,,
1395000.0,,,,128502.0,,,,,,48788.0
,,,,,,,,,,
,,,,,,,,,,
,,,,,,,,,,
,,,,,,,,,,
,,,,42180.0,,,,,,
,,,,,,,,,,
,,,,,,,,,,
,,,,35741.0,4110.0,,,,1400.0,26876.0
,,,,,,,,,,
,,,,,,,,,,
,,,,,,,,,,
1150000.0,,,,,4190.0,,,,,
,,,,,,,,,,
,,,,,,,,,,
,,,,,,,,,,
1398000.0,,,,,,,,,,-2243.0
2300000.0,7.0,4.75,5310.0,,,1660.0,,,2390.0,
,,,,,,,,,,-2098.0
,1.0,,,63737.0,,,,,,16975.0
,,,,,,,,,,
,,,,,,,,,,
,,,,,,,,,,
,,,,,,,,,,
,,,,,,,,,,
,,,,27699.0,,,,,,-8181.0
3640900.0,,,4830.0,22257.0,4830.0,,132665.0,81926.0,,-3325.0
,,,,22470.0,,,,,,6471.0
,,,,,,,,,,
3065000.0,,,,,,,,,1900.0,3450.0
,,,,,,,,,,
,,,,217697.0,4080.0,,,,1370.0,
,,,,,,,,,,
,,,,,,,,,1450.0,3018.0
1675000.0,,4.75,4790.0,25412.0,4790.0,,,,,9098.0
,,,,21000.0,,,,,,12915.0
,,,,,,,,,,
,,,,,,,,,,
,,,,,,,,,,
,,,,,,,,,,
,,,,,,,,,,-2800.0
,,,,,,,,,,
,,,,,,,,,,
,,,,,,,,,,
,,,,,,,,,,-24593.0
,,,,,,,,,,
,,,,,,,,,,
,,,,,,,,,,
,,,,,,,,,,
,,,,,,,,,,
,,,,,,,,,,
,,,,,,,,,,
,,,,,,,,,,
,,,,,,,,,,
,,,,,,,,,,4285.0
,,,,,,,,,,
,,,,,,,,,,
,,4.0,,,,,,,,
,,,,,,,,,,
,,,,,,,,,,
,,,,,,,96028.0,,,-5028.0
,,,,,,,,,,
,,,,22040.0,,,,,,7782.0
,,,,,,,,,,
,,,,,,,,,,5957.0
,,,,,,,,,,
,,,,,,,,,,
,,,,,,,,,,
1330000.0,,,,,,,,,,
,,,,,,,,,,
,,,,,,,,,,
,,,,,,,,,,
,,,,,,,,,,2650.0
,,,,,,,,,,
,,,,,,,,,,
,,,,19485.0,,,,,,
,,,,,,,,,,
,,,,,,,,,,2525.0
,,,,,,,,,1780.0,
,,,,22239.0,,,,,,7429.0
,,,,,,,,,-1580.0,
,,,,,,,,,,
,,,,,,,,,,
,,,,,,,,,,
,,,,,,,,,,
,,,,,,,,,,
,,,,,,,,,,
,,,,,,,,,,3472.0
,,,,,,,,,,
,,,,,,,,,,
,,,,,,,,,,
,,,,61419.0,,,,,,-20909.0
,,,,,,,,,,
,,,,23292.0,,,,,,3292.0
,,,,,,,,,,
,,,,22572.0,,,,,,7114.0
,,,,,,,,,,
,,,,28650.0,,,,,,23416.0
,,,,,4150.0,,,,,
1305000.0,,,,,,,,,1860.0,
,,,,,,,,,,
,,,,,,,,,,
,,,,,,,,,,
,,,,,,,,,,
,,,,,,,,,,
,,,,383328.0,,1500.0,,,1790.0,165528.0
,,,,,,,,,,
,,,,,,,,,,
,,,,28800.0,,,,,,21600.0
,,,,,,,,,,
,,,,,,,,,,
,,,,23972.0,,,,,,
,,,,,,,,,,
,,,,,,,,,,
,,,,,,,,,,
,,,,,,,,,,
,,,,,,,,,,
,,,,,,,,,,
1468000.0,,,5010.0,34460.0,5010.0,,,,,
,,,,,,,,,,
,,,,,,,,,1540.0,2560.0
,6.0,,,,,,,53799.0,1300.0,
,,,,,,,,,,
,,,,,,,,,,-2081.0
,,,,,,,,,,3608.0
,,,,,,,,,,
,,,,,,,,,,-13180.0
,,,,,,,,,,
,,,,33158.0,,,,,,-2916.0
,,,,,,,,52787.0,,-3600.0
,,,,,,,,,,
,,4.0,,,,,,,,
,,,,,,,,,,
,,,,,,,,,,
,,,,,,,,,,
,,,,,,,,,,
,,,,,,,,,,
,,,,,,,,,,
,,,,,,,,,,
,,,,,,,,,,
,,,,,,,,,,
,,,,,,,,,,6942.0
,,,,,,,,,,
,,,,,,,,,,3190.0
,,,,,,,,,,
,,,,,,,,,,
,,,,,,,,,,
1220000.0,,,,,,,,,1420.0,
1950000.0,,,,,,,,,,2744.0
,,,,,,,,,-1320.0,
,,,,,,,,,,
,,,,,,,,,,
,1.0,,,,,,,,,-3199.0
,,,,,,,,,,
,,,,,,,,,,
,,,,,,,,,-1040.0,
,,,,,,,,,,
,,,,,,,,,,2795.0
,,,,,,,,,,
,,,,,,,,,,
,,,,,,,,,,
,,,,,,,,,,
,,,,49658.0,,,,,1230.0,-5014.0
,,,,,,,,,,
,,,,,,,,,,3000.0
,,,,,,,,,,
,,,,,,,,,,
,,,,,,,,,,
,6.0,,,,,,,,1200.0,4202.0
,,,,,,,,,,
,,,,,,,,,,
,,,,,,,,,,
,,,,,,,,,,
,,,,,,,,,,
,,,,,,,,,,-2214.0
,,,,,,,,,,
,,,,,,,,,,
,,,,,,,,,,
,,,,,,,,,,
,,,,,,,,,,
,,,,,,,,,,-3710.0
,,,,,,,,,,4345.0
,,,,,,,,,,
,,,,,,,,,,
,,,,,,,,,,
,,,,,,,,,,
1650000.0,,,,,,,,,,
,,,,,,,,,,
,,,,20672.0,,,,,,4433.0
,,,,,,,,,,-2566.0
,,,,,,,,,,
,,,,,,,,,,
,,,,45514.0,,,,,,-3981.0
,,,,,,,,,,
,,,,,,,,,,
,,,,,,,,,,
,,,,,,,,,,
,,,,,,,,,,
,,,,,,,,,,
,,,,,,,,,,
,,,,,,,,,,
1311000.0,,3.75,,,,,,,1550.0,
,,,,,,,,,,
,,,,,,,,,,
,,,,,,,,,,
,,,,,,,,,,-4115.0
,,,,,,,,,,
,,,,,,,,,,
,,,,,,,,53799.0,,-2421.0
,,,,,,,,,,
,,,,,,,,,,
,,,,,,,,,,3680.0
,,,,,,,,,,
,,,,,,,,,,
,,,,,,,,,,
,,,,,,,,,,
,,,,,,,,,,3275.0
,,,,,,,,,,
,,,,,,,,,,
,,,,,,,,,,-3180.0
,,,,35380.0,,,,,,24955.0
,,,,41250.0,,,,,,-5794.0
,,,,,,,,,,
,,,,,,,,,,
,,,,,,,,,,
,,,,,,,,,,
,,,,,,,,,,
,,,,22000.0,,,,,,12109.0
,,,,,,,,,,
,,,,,,,,,,
,,,,,,,,,,
,,,,,,,,,1532.0,
,,,,22499.0,,,,,,
,,,,,,,,,,
,,,,,,,,,,-2450.0
,,,,,,,,,,
,,,,29539.0,,,,,,17939.0
,,,,,,,,,,
1220000.0,,3.75,,,,,,,1210.0,
,,,,,,,,,,
,,,,,,,,,,
,,,,,,,,,,
,,,,,,,,,,
,,,,,,1650.0,,,1620.0,
,,,,,,,,,,
,,,,,,,,,,
,,,,,,,,,,
,,,,,,,,,,
,,,,,,,,,,5108.0
,,,,,,,,,,
,,,,,,,,,,
,,,,,,,,,,
,,,,,,,,,,
3200000.0,,,7000.0,28206.0,,3500.0,,,2087.0,13543.0
,,,,,,,,,,
,,,,,,,,,,
,,,,,,,,,,
,,,,,,,,,,2522.0
,,,,,,,,,,-3169.0
,,,,,,,,,,
,,,,35429.0,,,,,,-18764.0
,,,,,,,,,,
,,,,,,,,,,
,,,,,,,,,,
,6.0,,,,,,,,,
,,,,22043.0,,,,,,
,,,,,,,,,,
,,,,,,,,,,
,,,,,,,,,,
,,,,,,,,,,
,,,,70567.0,,,,,,-3049.0
,,,,,,,,,,
,,,,,,,,53799.0,,
,,,,,,,,,,
,,,,,,,,,,
,,,,,,,,,,
,,,,,,,,,,
,,,,,,,,,,2824.0
,,,,,,,,,,-2900.0
,,,,,,,,,,
,,,,,,,,,,
,,,,,,,,,,4600.0
,,,,,,,,,,
1800000.0,,3.75,4320.0,39094.0,4320.0,,,,2400.0,31344.0
,,,,,,,,,,
,,,,48716.0,,,,,,5040.0
,,,,32997.0,,,,,,27286.0
,,,,,,,,,-1060.0,
,,,,,,,,,,
,,,,,,,,,,
,,,,21850.0,,,,,,
,,,,,,,,,,
,7.0,3.75,,,,,,,,3448.0
,,,,19354.0,,1510.0,,,,
,,,,,,,,,,-2203.0
,,,,,,,,,,
,,,,,,,,,,
1190000.0,,,,,,,,53799.0,,
,,,,,,,,,,
,,,,56192.0,,,,,,9583.0
,,,,,,1700.0,,,,
,,,,,,,,,,
,,,,,,,,,,
,,,,,,,,,,
,,,,78844.0,,,,,,72614.0
,,,,108900.0,,,,,,
,,,,,,,,52787.0,1590.0,
,,,,,,,,,,
,,,,,,,,,,
,,,,,,,,,,2930.0
,,,,,,,,,,
,,,,,,,,,,
,,,,,,,,,,
,,,,,,,,,,
,,,,,,,,,,
,,,,,,,,,,
,,,,35150.0,,,,,,
,,,,,,,,,,-2370.0
,,,,,,,,,,
,,,,37238.0,,,,,,18886.0
,,,,,,,,,,
,,,,,,,,,,6392.0
,,,,103237.0,,,,,,
,,,,,,,,,,
2300000.0,,4.75,,,,,,,,
,,,,,,,,,,
,,,,,,,,,,2565.0
,,,,,,,,,,
,,,,32250.0,,,,,,-303039.0
,,,,,,,,,,
,,,,21441.0,,1510.0,,,1410.0,4996.0
,,,5600.0,107157.0,,2160.0,,,2130.0,31363.0
,,,,,,,,,,
,,,,,,,,,,
,,3.75,,,,,,,,
,,,,,,,,,,
,,,,103672.0,,,,,,-9148.0
,,,,,,,,,,
1825000.0,,3.75,6030.0,39317.0,4440.0,1590.0,,,1990.0,26984.0
,,,,,,,,,,
,,,,,,,,,,
,,,,,,,,,,
,,,,,,,,,,
,,,,,,,,,,2484.0
,,,,,,,,,,
,6.0,,,53173.0,,1780.0,,,1310.0,37859.0
,,,,,,,,,,
,,,,,,,,,,
,,,,,,,,,,
,,,,,,,,,,
,,,,139392.0,,,,,,34848.0
,,,,,,,,,1810.0,
,,,,,,,,,,
,,,,,,,,,,
,,,,,,,,,,
,,,,,,,,,,
,,,,,,,,,,
,,,,,,,,,,
,,,,35600.0,4050.0,,,,,
,,,,,,,,,,
,,,,,,,,,,
,,,,,,,,,,
,,,,,,,,,1120.0,
1681000.0,,5.25,4830.0,,3930.0,,,53799.0,1950.0,8187.0
,,,,,,,,,,
,,,,,,,,,,-2340.0
,,,,,,,,,,
,,,,,,,,,,
,,,,47044.0,,,,,,4241.0
,,,,,,,,,,
,,,4400.0,186846.0,4400.0,,,,2120.0,
,,,,,,,,,,
,,,,,,,,,,
,,,,,,,,,1480.0,
,,,,,,,,,,
,,,,,,,,,,
,,,,,,,,,,
,,,,45732.0,,,,,,
,,,,,,,,,,
,,,,,,,,,,
,,,,,,,,,,-2309.0
,,,,,,,,,,
,,,,19405.0,,,,,,6505.0
,,,,,,,,,,
,,,,,,,,,,-4128.0
,,,,,,,,,,
,,,,,,,,,,
,,,,,,,,,,
,6.0,,,228690.0,,,,,,
,,,,35160.0,,,96028.0,,,3829.0
,,,,,,,,,,
,,,,87991.0,,,,,,-304049.0
,,,,,,,,,,
,,,,,,,,,,
,,,,,,,,,,
,,,,,,,,,,
,,,,,,,,,,
,,,,,,,,,,
,,,,,,,,53799.0,,
,,,,,,,,,1620.0,
,,,,,,,,,,
,,,,213008.0,,,,,,
,,,,,,,,,,
2271150.0,,,,,4040.0,,132665.0,81926.0,,
,,,,,,,,,,
,,,,,,,,,,
,,,,,,,,,,
,,,,,,,,,,
,,,,,,,,,,
,,,,,,,,,,
,,,,,,,,,,
,,,,,,,,,,
,,,,,,,,,,
,,,,,,,,,,
,,,,,,,,,,
,,,,,,1500.0,,,,4670.0
,,,,,,,,,,
,,,,,,,,,,
,,,,,,,,,,
,,,,,,,,,,
,,,,,,,,,,
,,,,,,,,,,
,,,,,,,,,,
,,,,,,,,,,5745.0
,,,,,,,,,,
,,,,,,,,,,
,,,,,,,,,,-2908.0
,,,,,,,,,,
,,,,,,,,,,
,,,,,,,,,,
,,,,26943.0,,,,,,16939.0
,,,,,,,,,,
,,,,,,,,,,
,,,,,,,,,,
,,,,,,,,,,
,,,,,,,,,,
,,,,153767.0,,,,,,104267.0
,,,,,,,,,,
1715000.0,,,,,,,,52787.0,,
1680000.0,,,5170.0,,,1650.0,,,2150.0,-5683.0
,,,,,,,,52787.0,,
,8.0,,,,,,,52787.0,,
,,,,,,,,,,3255.0
,,,,,,,,,,
,,,,,,,,,,
,,,,,,,,,,
,,,,,,,,,,
,,,,,,,,,,
,,,,,,,,,,
,,,,,,,,,,
1850000.0,,,,,,,,,,-6320.0
,,,,21780.0,,,96028.0,,,
,,,,56628.0,,,,,,40198.0
,,,,,,,,,,
,,,,,,,,,,
,,,,,,,,,,2685.0
,,,,,,,,,,5348.0
,,,4670.0,,4670.0,,,,,
,,,,38400.0,,1530.0,,,,14062.0
,,,,,4070.0,,,,,
,,,,,,,,,,2492.0
,,,,,,,,,,
,,,,,,,,,,
1637500.0,,,4660.0,21164.0,4660.0,,,,1520.0,-3110.0
,,3.75,,,,,,,,
1160000.0,,,4680.0,,,,,,1880.0,-2643.0
,,,,38186.0,,,96028.0,,,
,,,,,,,,,,
,,,,,,,,,,
,,,4400.0,,,2150.0,,,1110.0,
,,,,74297.0,,,,,,-23703.0
,,,,,,,,,,
,,,,43608.0,,,,,,-10480.0
,,,,,,,,,1700.0,
,,,,,,,,,,
,,,,68841.0,,,,,,36042.0
,,,,,,,,,,
,,,,,,,,,,
,,,,28185.0,,,,,,-5356.0
,,,,,,,,,,
,,,,35900.0,,,,,1450.0,19874.0
,,,,,,,,,,
,,,,,,,,,,
,,,,54000.0,,,,,,39560.0
,,,,,,,,,,
,,,,,,,,,,
,,,,,,,,,,
,,,,,,,,,,-3575.0
,,,,,,,,,,-2250.0
,,,,,,,,,,
,,,,,,,,,,
,,,,,,,,,,
,,,,,,,,,,
1675000.0,,,4560.0,,,2070.0,,,1170.0,
,,,,,,,,,,
,,,,,,,,,,
,,,,,,,,,,
,,,,,,,,,,
,6.0,,,36721.0,,,,,,15646.0
,,,,,,,,,,
,,,,,,,,53799.0,,-3531.0
,,,,,,,,,,
,,,,,,,,,,
,,,,,,,,,,
,,,4590.0,,,,,,1680.0,-3198.0
,,,,,,,,,,
,,,,,,,,,,
,,,,,,,,,,
,,,,,,,,,,
,,,,,,,,,,-10429.0
,,,,,,,,,,
,,,,,,,,,,
,,,,,,,,,,
,,,,,,,,,,
,,,,,,,,52787.0,1220.0,
,,,,,,,,,,7020.0
,,,,,4030.0,,,,,
,,,,,,,,,,
,,,,,,,,,,
,,,,20100.0,,,,,,9900.0
,,,,,,,,,,
,,,,,,,,,,
,7.0,5.75,,,,,,,1190.0,
,,,,,,,,,,
,,,,,,,,,,
,,,,,,,,,,
,,,,,,,,,,
,,,,,,,,,,
,,,,,,,,,,
,,,,,,,,,,
,,,,,,,,,,
,,,,,,,,,,5653.0
,,,,,,,,,,
,,,,,,,,,,
,,,,,,,,,,
1690000.0,,,,,,1580.0,,,,
,,,,321908.0,,,,,1600.0,225205.0
,,,,,,,,,,
,,,,35124.0,,,,,,
1256500.0,,,,,,,,53799.0,,
,,,,,,,,,,
,,,,,,,,,,
,,,,,,,,,,-2200.0
,,,,,,,,52787.0,,
,,,,27153.0,,,,,,
,,,,,,,,,1700.0,
,,,,45738.0,,,96028.0,,,
,,,,,,,,,,6758.0
,,,,,,,96028.0,,,
,,,,,,,,,,2463.0
,,,,,,,,,,
,,,,,,,,,,
,,,,,,,,,,2500.0
,,,,,,,,,,
,,,,,,,,,,
,,,,,,,,,,
,,,,,,,,,,
,,,,,,,,,,
,,,,,,,,,,
,,,,22767.0,,,,,,4861.0
,,,,136778.0,,,,,,115178.0
,,,,,,,,,,
,,,,,,,,,,
,,,,,,,,,,
,6.0,4.5,,,,,,,1840.0,
,,,,,,,,,,2994.0
,,,,,,,,,,
,,,,,,,,,,
,,,,,,,,,,
1295000.0,,,,90169.0,3790.0,,96028.0,,,43218.0
,,,,,,,,,,
,,,,,,,,,,
,,,,,,,,,,
,,,,,,,,,,
,,,,,,,,,,2339.0
1187500.0,,,,,,,,,,2550.0
,,,,,,,,,,
,1.0,,,,,,,,,
,,,,,,,,,,
,,,,,,,,,,
,,,,,,,,,,
,,,,,,,,,,
,,,,,,,,,,
,,,,,,,,,,
,,,,,,,,,,
,,,,,,,,,,-4335.0
,,,,,,,,,,3934.0
,,,,,,,,,,
,,,,,,,,,,3228.0
,,,,,,,,,,
,,,,,,,,,,
,,,,,,1570.0,,,1340.0,
,,,,,,,,,,
,,,,,,,,,,3609.0
,,,,,,,,,,
,,,,,,,,,1310.0,
,,,,,,,,,,-5983.0
,,,,,,,,,,
,,,,24466.0,,,,,,
2480000.0,,5.0,5310.0,,,2220.0,,,,
,,,,23925.0,,,,,,15465.0
,,,,,,,,,,
,,,,,3980.0,,,,,
,,,,,,,,,,
,,,,,,,,,,
,,,,,,,,,,
1300000.0,,,,,,,,52787.0,-1550.0,
1160000.0,,,,,,,,,,-2794.0
,,,,,,,,,,
,,,,,,,,,,
,,,,,,,,,,
1335000.0,,,,,,,,,,
,6.0,,,,,,,,,
,,,,,,,,,,
,,,,,,,,,,
,,,,,,,,,,-8001.0
,,,,,,,,,,
,,,,,,,,,-1440.0,
,,,,,,,,,,
1520000.0,,,5930.0,,3920.0,2010.0,,,2070.0,
,,,,,,,,,,
,,,,,,,,,,
,,,,,,,,,,
,,,,,,,,,,
,,,,,,,,,,
,,,,,,,,,,
,,,,25710.0,,,,,,7712.0
,,,,,,,,,,
,,,,,,,,,,
,,,,,,,,,,
,,,,,,,,,,
,,,,,,,,,,
,,,,,,,,,,
,,,,,,,,,,
,,,,,,,,,,
,,,,,,,,,,
,,,,,,,,,,
,,,,,,,,,,
,1.0,,,,,,,,,
,,,,23544.0,,1690.0,,,,7612.0
,,,,,,,,,,
,33.0,,,,,,,,,
,,,,,,,,,,-4760.0
,,,,,,,,,,
,,,,,,,,,,
1600000.0,,,,23065.0,,1450.0,,,,3377.0
,,,,,,,,,,
,,,,,,,,,,
,,,,,,,,,,
,,,,,,,,,,
,,,,,,,96028.0,,,
,,,,,,,,,,
,,,,,,,,,,2760.0
,,,,,,,,,,2500.0
,,,,,,,,,,
,,,,,,,,,,
,,,,,,,,,,
,,,,,,,,,,
,,,,,,,,,,-3417.0
,,,,,,,,,1470.0,-4195.0
,,,,,,,,,,
,,,4240.0,226097.0,,,96028.0,,1260.0,8297.0
,,,,,,,,,,-2765.0
1565000.0,,,,,,,,,,-2550.0
,,,,,,,,,,
,,,,,,,,,,
,6.0,4.5,,,,,,,,
,,,,,,,,,,-2724.0
,,,,,,,,,,
,,,,,,,,,,
,,,,,,,,,,
,,,,,,,,,,
,,,,,,,,,,
,,,,,,,,,,
,,,,,,,,,,
,,,,,,,,,,
,,,,,,,,,,
,,,,,,,,,,
,,,,,,,,,,2500.0
,,,,,,,,,,
,,,,,,,,,,
,,,,,,,,,,
,,,,,,,,,,
1425000.0,,5.0,4630.0,24054.0,4630.0,,,,,6470.0
,,,,,,,,,,
,,,,,,,,,,
1180000.0,,3.75,,,,,,,,
,,,,,,,,,,
,,,,,,,,,,
,,,,,,,,,,
,,,,,,,,,,
,,,,,,,,,,3460.0
,,,,,,,,,,3374.0
,,,,217800.0,,,96028.0,,,131552.0
,,,,,,,,,,
1636000.0,,,,,,,,,,
,,,,,,,,,,
,,,,,,,,,,
,,,,,,,,,,
,,,,,,,96028.0,,,
,,,,,,,,53799.0,,
,,,,,,,,,,
,,,,,,,,,,
,,,,20345.0,,,,,,6613.0
,,,,,,,,,,
,,,,435600.0,,,,,,343593.0
,,,,35512.0,,,,,,-4102.0
,,,,,,,,,,
,,,,,,,,,,
,,,,,,,,,,
,,,,,,,,,,
,,,,,,,,,,
,,,,,,,,,,
,,,,,,,,,,
,,,,,,,,,,4180.0
,,,,,,,,,,
,,,,,,,,,,
,,,,,,,,,,
,,,,,,,,,1160.0,
,,,,,,,,,,
,,,,,,,,,,
,,,,,,,,,,
,,,,,,,,,,
,,,,,,,,,,
,,,,,,,,,,
,,,,226512.0,,,,,1500.0,15246.0
,,,,,,,,,,
,,,,,,,,,,
,,,,,,,,53799.0,,-3416.0
,,,,,,,,,,
,,,,,,,,,,
,,,,,,,,,,
,,,,,,,,,,
,,,,,,,,,,
,,,,,,,,,,
,,,,39356.0,,1750.0,,,1230.0,
,,,,,,,,,,3000.0
,,,,,,,,,,
,,,,,,,,,,
,,,,,,,,,,
,,,,,,,,,,
,,,,,,,,,,
,,,,,,,,,,
,,,,,,,,,,
,,,,,,,,,,
,,,,,,,,,,4253.0
,,,,,,,,,,3000.0
,,,,,,,,,,
1190000.0,,,,,,,,53799.0,,
,,,,,,,,,,
,,,,,,,,,,
,,,,129578.0,,,,,,67519.0
,,,,,,,,,,
,,,,,,,,,,
,,,,,,,,,,
,,,,,,,,,,
,,,,,,,,,-1350.0,
,,,,30184.0,,,,,,10500.0
,,,,,,,,,1300.0,
,,,,,,,,,,
,,,,,,,,,,5993.0
,,,,,,,,,,
,,,,,,,,,,
,,,,,,,,,,
,,,,,,,,,,
,,,,,,,,,,-2175.0
,,,,,,,,,,
,,,,,,,,,,
,,,,33090.0,,,,,,10470.0
,,,,,,,,,,
,,,,,,,,,,
,,,,,,,,,,
,,,,,,,,,,
,,,,20348.0,,,,,,-29746.0
,,,,,,,,,,
1346400.0,,,,20021.0,,1690.0,,,,
,,,,,,,,,,
,,,,,,,,,,-2198.0
,,,,,,,,,,
,,,,,,,,,,
,,,,210830.0,3970.0,,,,2290.0,168165.0
,,,,,,,,,,
,,,,,,,,,,
,,,,,,,,,,6001.0
1190000.0,,,,,,,,,,6001.0
,,,,,,,,,,
,,,,,,,,,,
,6.0,,,,,1600.0,,,,
,,,,34981.0,,,,,,4704.0
,,,,,,,,,,
,,,,34800.0,,,,,,-17907.0
1280000.0,,,,,,,,52787.0,,
,,,,,,,,,,
,,,,,,,,,,
,,,,,,,,,,
,,,,,,,96028.0,,,
1400000.0,,,,,,,,,,
,,,,43560.0,,,,,,25896.0
,,,,,,,,,,
,,,,,,,,,,
,,,,,,,,,,
,,,,,,,,,,
,,,,,,,,,,
,,,,,,,,,,2616.0
,,,,,,,96028.0,,,
,,,,,3750.0,,,,,
,,,,,,,,,,
,,,,,,,,,,
,,,,,,,,,,
1365000.0,,,,,4210.0,,,,,
,,,,,,,,,,
,,,,19874.0,,,,,,9874.0
,,,,40250.0,,,,,,
,,,,,,,,,,
,,,,,,,,,,
,,,,21343.0,,1440.0,,,1150.0,
,,,,,,,,,,
,,,,,,,,,,
,,,,,,,,,,
,,,,,,,,,,
,,,,,,,,,,
,,,,,,,,,,
,,,,,,,,,,
,,,,,,,,,,
,,,,,,,,,,
,,,,,,,,,,
,,,,,,,,,,
,,,,,,,,,,
,,,,32880.0,,,,,,-7211.0
,,,,,,,,,,
,,,,,,,,,,
,,,,26574.0,,,,,,18434.0
,,,,,,,,,,
,,,,,,,,,,
,,,,,,,,,,
,,,,,,,,,,
,,,,,,,,,,
,,,,,,,,,,
,,,,72309.0,,,,,-1780.0,63914.0
1250000.0,,,,,,,,,,
,,,,,,,,,,
,,,,,,,,,,
,,,,,,,,,,
,,,,,,,,,,
,,,,,,,,,1280.0,
1220000.0,,,,,,,,,1530.0,
,,,,,,,,,,
,,,,,,,,,,
,,,,35171.0,,,,,,
,,,,,,,,,,
,,,,,,,,,,
,,,,,,,,,,
1385000.0,,,,,,1590.0,,,,
,,,,,,,,,,-2748.0
,,,,,,,,,,
,,,,,,,,,,
,,,,44634.0,,,,,,
,,,,,,,,,,
,,,,,,,,,,
,6.0,,,,,,,,1680.0,3749.0
,,,,,,,,,,
,,,,,,,,,,3370.0
,,,,,,,,,,
,,,,,,,,,,
,,,,,,,,,,
,,,,,,,,,,-2500.0
,,,,,,1680.0,,,,
,,,,,,,,,,
,,,,19744.0,,,,,,
,,,,,,1450.0,,,,
,,,,91911.0,,,,,,
1200000.0,,,4310.0,,,,,,2030.0,
,,,,,,,,,,
,,,,,,,,,,2621.0
,,,,,,,,,,
,,,,,,,,,1450.0,3141.0
,,,,,,,,,,
1425000.0,,,,,,,,52787.0,,
,,,,,,,,,,4446.0
,,,,,,,,,,
,,,,,3780.0,,,,,
,,,4720.0,32467.0,,1530.0,,,1460.0,6081.0
,,,,,,,,,,
,,,,,,,,,,
,,,,,,,,,,
,,,,128066.0,,,,,,16988.0
,,,,,,,,,,
,,,,,,,,,,3259.0
,,,,,,,,,,
,,,,,,,,,,
,,,,,,,,,,
1550000.0,,,,,,,,53799.0,,
,,,,,,,,,,
,,,,,,,,,,
,,,,,,,,,,
1925000.0,,3.75,,,,,,52787.0,,6595.0
,,,,,,,,,,2706.0
,,,,24140.0,,,,,,8129.0
,,,,,,,,,,5205.0
,,,,,,,,,,
,,,,,,,,52787.0,,
,,,,,,,,,,
,,,,,,,,,,
,,,,,,,,,,4257.0
,,,,,,,,,,
,,,,,,,,,,
,,,,,,,,,,4115.0
1320000.0,,,,42693.0,,,,,,30736.0
,,,,,,,,,,
,,,,,,,,,,
,,,,,,,,,,
,,,,21340.0,,,,,,8295.0
,,,,,,,,,,
,,,,,,,,,,
,,,,,,,,,,
,,,,,,,96028.0,,,
,,,,,,,,,,
,,,,,,,,,,
,,,,,,1420.0,,,,
,,,,29185.0,,,,,,17585.0
,,,,,,,,,,
,,,,,,,,,,
,,,,,,,,,,
,,,,,,,,,,
,,,,,,,,,,
,,,,,,,,,,
,,,,,,,,,,
,,,,,,,96028.0,,,
,,,,,,,,,,
,,,,,,,,,,
,,,,,,,,,,-2875.0
,,,,,,,,,,
,,,,,,,,,,
,,,,,,,,,,
,,,,,,,,,,
,,,,,,,,,,
,,,,,,,,,,2347.0
,,,,,,,,,,
,,,,,,,,,,-2732.0
,,,,,,,,,,
,,,,,,,,,,
,,,,37120.0,,,,,,23620.0
,,,,,,,,,,
,,,,40918.0,,,,,,5478.0
,,,,,,,,,,
,,,,,,,,,,-2175.0
,,,,,,,,,,
,,,,,,,,,,
,,,,,,,,,,
,,,,22896.0,,,,,,13936.0
,,,,,,,,,,
,,,,,,,,,,
,,,,,,,,,,
,,,,,,,96028.0,,,
,,,,,,,,,,
1300000.0,,,,19180.0,,,,,-1520.0,
,,,,,,,,,,
,,,,,,,,,,
1309500.0,,,,,,,,,,-7749.0
,,,,623779.0,,,,,,523156.0
,,,,,,,,,,
,,,,,,,,,,
,,,,,,,,,,
,,,,,,,,,,
1815000.0,,4.5,4510.0,,4510.0,,,,2310.0,4345.0
,,,,,,,,,,3950.0
,,,,,,,,,,
,,,,36250.0,,,,,,
,,,,,,,,,,
,,,,,,,,,,
1285000.0,,,,,,,,,,2989.0
,,,,,,,,,1120.0,
,,,,,,,,,,2500.0
,,,,,,,,,,
,,,,,,,,,,
,,,,,,,,,,
,,,,,,,,,,
,,,,,,,,,,
,,,,,,,,,1460.0,3763.0
,,,,,,,,,,
,,,,,,,,,,
,,,,,,,,,,
,,,,,,,,,,
,,,,,,,,,,2763.0
,,,,,,,,,1360.0,
,,,,,,,,,,
,,,,,,,,,,
,,,,,,,,,,
,,,,,,,,,,
1490000.0,,,4560.0,,4560.0,,,,,
,,,,,,,,,,
,,,,,,,,,,
,,,,,,,,,,
,,,,,,,,,,-2649.0
,,,,,,,,,,
,,,,,,,,,,
1200000.0,,,,,,,,,,
,,,,,,,,,,
,,,,,,,96028.0,,,
,,,,,,,,,,
,,,,,3920.0,,,,,
,,,,,,,,,,
,,,,,,,,,,
,,,,,,,,,,
,,,,,,,,,,
,,,,,,,,,,
,,3.75,,20662.0,,,,,,-17069.0
,,,,,,,,,,
,,,,,,,,,,
,,,,,,,,,,
,,,,,,,,,1920.0,
,,,,,,,96028.0,,,
,,,,,,,,,,
,,,,,,,,,,
,,,,,,,,,,
,,,,,,,,,,
,,,,,,,,,,-2094.0
,,,,,,,,,,
,,,,,,,,,,
,,,,,,,,,,
,,,,,,,,,,
,,,,,,,,,,
,,,,,,,,,,
1950000.0,,,,,,,,,,
1400000.0,,4.25,,,,,,53799.0,1780.0,
,,,,,,,,,,
,,,,,,,,,,
,,,,,,,,,,
,,,,,,,,,,2868.0
2328000.0,,,4420.0,20759.0,4420.0,,,,1400.0,
,,,,,,,,,,
1250000.0,,,,21755.0,,,,,,7969.0
,,,,,,,,,,
,,,,,,,,,,
,,,,,,,,,,
,,,,,,,,,,-3000.0
,,,,,,,,,,
,,,,,,,,,,
,,,,,,,,,,
1620000.0,,,,,,,132665.0,81926.0,,-2146.0
,,,,,,,,,,
,,,,,,,,,,
,,,,,,,,,,
,,,,,,,,,,
,,,,,,,,,,
,,,,,,,,,,
,,,,,,,,,,
,,,,,,,,,,
,,,,,,,,,,
,,,,,,,,,,-6250.0
,,,,,,,96028.0,,1550.0,3944.0
,,,,,,,,,,
,,,,36974.0,,,,,,
,,,,37258.0,,,,,,-2456.0
,,,,,,,,,,
,,,,25732.0,,,,,,2597.0
,,,,,,,,,,
,,,,19270.0,,,,,,
,,,,,,,,,,
,,,,209523.0,,,,,,
,,,,,,,,,,
,,,,,,,,,,-2098.0
,,,,,,,,,,3832.0
,,,,,,,,,,
,,,,,,,,,,
1307000.0,,,,,,,,,,
,,,,,,,,,,
,,,,,,,,,,
,,,,,,,,,,
,6.0,,,,,,,,1330.0,
,,,4510.0,,,,,,2500.0,
,,,,39430.0,,,,,,4101.0
1600000.0,,,,,,,,,,
3710000.0,,,5550.0,28078.0,,2200.0,132665.0,81926.0,2570.0,8476.0
,,,,,,,,,,
,,,,23000.0,,,,,,7488.0
,,,,,,,,,,3709.0
,,,,,,,,,,
,,,,,,,,,,
,,,,,,,,,,
,,,,,,,,,1150.0,4100.0
,,,,,,,,,,
,,,,,,,,,,
,,,,,,,,,,
,7.0,,,,,,,,,
,,,,,,,,,,
,,,,,,,,,,2636.0
,,,,,,,,,,
,,,,,,,,,,
,,,,,,,,,,
,,,,,,,,,,
,,,,,,,,,,
,,,,,,,,,,
,,,,,,,,,,
,,,,,,,,,,
,,,,,,,,,,
,,,,,,,,,,
,,,,,,,,,,8525.0
,,,,,,,,,,
,,,,,,,,,,
,,,,,,,,,,
,,,,48706.0,,,,,,
,,,,,,,,,,
,,,,,,,,,,
,,,,,,,,,,
,,,,,,,,,,
1350000.0,,,,,,,,53799.0,,
,,,,,,,,,,
,,,,,,,,,,
,,,,,,,,,,
,,,,,,,,,,
,,,,,,,,,,
,,,,,,,,,,
,,,,,,,,,,
,,4.25,4390.0,,,,,,,
,,,,,,,,,,
,,,,68519.0,,,,,1190.0,32609.0
,,,,,,,,,,
,,,,,,,,,,
1500000.0,,,,,,,,,,
,,,,33206.0,,,96028.0,,,4911.0
,,,,,,,,,,2510.0
,,,,,,,,,-1600.0,-2666.0
1185000.0,,,,,3960.0,,,,,
,,,,,,,,,,
,,,,,,,,52787.0,,
,,,,,,,,,,2550.0
,,,,,,,,,,
,,,,,,,,,,3882.0
,6.0,,4430.0,,,1430.0,,,1700.0,5792.0
1387000.0,,,,,,,,53799.0,,-6430.0
,,,,,,,,,1190.0,
,,,,,,,,,,
,,,,,,,,,,
,,,,,,,,,,2817.0
1200000.0,,,,,,,,,,
,,,,,,,,,,
,,,,,,,,,,
,,,,,,,,,,
,,,,,,,,,,
,,,,,,,,,,
,,,,,,,96028.0,,,
,,,,,,,,,,
,,4.0,,,,,,,,2850.0
,,,,20040.0,,,,,,
,,,,,,,,,,
,,,,,,,,,,
,,,,,,,,,,
1200000.0,,,,,,,132665.0,81926.0,,
,,,,,,,,,,
,,,,,,,,,,2456.0
,,,,,,,,,,
,1.0,,,,,,,,,2548.0
,,,,,,,,,,
,,,,,,,,,,7642.0
,,,,,,,,,,
,,,,,,,,,,
,,,,,,,,,,
,,,,,,,,,2100.0,
,,,,,,1420.0,,,,
1660000.0,,,4240.0,,4240.0,,,,,
,,,,,,1550.0,,,1230.0,
,,,,,,,,,,
1538000.0,,,,,,,,,,-4802.0
,,,,,,,,53799.0,,6987.0
,,,,,,,,,,
,,,,,,,,,,
,,,,,,,,53799.0,,
,,,,,,,,,,
,,,,,,,,,,2500.0
,,,,,,,,,,
,,,,,,,,,1710.0,3366.0
,,,,,,,,,,
,,,,,,,,,,
,,,,,,,,,,
,,,,,,,,,,
,,,,43124.0,,,,,,
,,,,,,,,,,
,,,,,,,,,,
,,,,,,,,,,
,,,,,,,,,,
,,,,,,,,,,
,,,,,,,,,,
,,,,,,,,,,-2102.0
,,,,,,,,,,
,,,,,,,,,,4292.0
,,,,,,,,,,
,,,,,,,,,,10338.0
,,,,57745.0,,,,,,10980.0
,,,,21834.0,,,,,,13734.0
,,,,,,,,,,
,,,,,,,,,,
,,,,,,,,,,
,,,,,,,,,,
,,,,,,,,,1450.0,-2560.0
,,,,,,,,,,
,1.0,,,,,,,,,
,,3.75,,,,,,,1150.0,
,,,,,,,,,,
,,,,,,,,,,
,,4.0,,,,,,,,-9252.0
1750000.0,6.0,4.25,5860.0,,4150.0,1710.0,,,,
,,,,,,,,,,4050.0
,,,,,,,,,,
,,,,,,,,,,
,,,,,,,,,,
,,,,,,,,,,
,,,,,,,,,,
,,,,,,,,,,
,,,,,,,,,,
,,,,,,,,,,
,,,,40312.0,,,,,,-4990.0
1220000.0,,,,,,,,,,
,,,,,,,,,,
,,,,,,,,,,
,,,,,,,,,,-2500.0
,,,,,,,,,,
,,,,25752.0,4040.0,,,,,3505.0
,,,,,,,,,,
1875000.0,,5.0,5810.0,,3790.0,2020.0,,,2800.0,
,,,,,,1500.0,,,,
,,,,,,,,,,
,,,,,,,,,,
,,,,,,,,,,8640.0
,,,,,,,,,,
,,,,,,,,,,-3386.0
,,,,,,,,,,
,,,,38884.0,,,,,,-52156.0
,,,,,,,,,,
,,,,,,,,,,
,,,,,,,,,,
,,,,,,,,,,
,,,,,,,,,,
,,,,,,,,,,
,,,,,,,,,,
,,,,,,,,,,
,,,,,,,,,,
,,,,,,,,,,
,,,,,,,,,,
,,3.75,,,,,,,,
,,,,,,,,,,
,,,,,,,,,,
,,,,,,,,,,
,,,,,,,,,,3607.0
,,,,,,,,,,
,,,,,,,,,,
,,,,,,,,,,
,,,,,,,,,,
,,,,,,,,,,
,,,,,,,,,,
,,,,,,,,,,6079.0
,,,,,,,,,,
,,,,,,,,,,
,,,,,,,,,,
,,,,,,,,,,
,,,,,,,,,,
,,,,,,,,,-1410.0,
,,,,,,,,,,
,,,,,,,,,,
,,,,,,1620.0,,,,-3740.0
,,,,,,,,,,7827.0
,,,,,,,,,,
,,,,,,,,,,
,,,,,,,,,,
,,,,,,,,,,
,,,,,,,,,,
,,,,45537.0,,,96028.0,,,6710.0
,,,,,,,,,,
,,,,,,,,,,
,,,,,,,,,,
,,,,,,,,,,
,,,,,,,,,,
,,,,,,,,,,
,,,,,,,,,,
,,,,,,,,,,
,,,,,,,,,,
,,,,,,,,,,
,,,,,,,,,,2387.0
,,,,,,,,,,
,,,,,,,,,,
,,,,,,,,,,
,,,,,,,,,,
,,,,,,,,,,
,,,,,,,,,,
,,,,,,,,53799.0,,
,,,,213008.0,,,,,,138817.0
,,,,,,,,,1890.0,
,,,,,,,,,,
,,,,,,,,,-1060.0,
,,,,,,,,,,-3900.0
,,,,,,,,,,
1180500.0,,,,,,,,52787.0,-2180.0,
,,,,,,,,,,-6177.0
,,,,,,,,,,
,,,,,,,,,,
1400000.0,,4.0,4700.0,22326.0,4700.0,,,,,-4784.0
1980000.0,,,4500.0,44384.0,,,,,1960.0,18097.0
,,,,35233.0,,,,,,17899.0
,,,,,3800.0,,,,,-2596.0
,,,,,,,,,,
,,,,,,,,,,
,1.0,,,,,,,,,
,,,,,,,,,,
,,,,,,,,,,-2835.0
,,,,,,,,,,
,,,,,,,,,,
,,,,,,,,,1960.0,5498.0
,,,,,,,,,,
,,,,27042.0,,,,,,6983.0
,,,,,,,,,,
,,,,,,,,52787.0,,
,,,,,,,,,,3365.0
,,,,,,,,,,
,,,,,,,,,,
,,,,,,,,,,
,,,,,,,,,,
,,,,,,,,,-1410.0,
,,,,,,,,,,
,,,,,,,,,,-4564.0
,,,,55321.0,,,,,,
,,,,,,,,,,
,,,,,,,,,,
,,,,,,,,,,
1185000.0,,,,,,,,,-1330.0,
,,,,,,,,,,
,6.0,,,,,,,,1190.0,2930.0
,,,,,,,,,,
,,,,,,,,,,
,,4.0,,59586.0,,,,,,53871.0
,,,,,,,,,,
,,,,39160.0,,,,,,
,,,,,,,,,,
,,,,,,,,,,
,,,,22089.0,,,,,,-2836.0
,,,,,,,,,,
,,,,,,,,,,
,,,,,,,,,,
,,,,,,,,,,
1260000.0,,,,,,,,,,2603.0
,,,,,,,,,,
,,,,,,,,,,
,,,,,,,,,,-35628.0
,,,,,,,,,,
,,,,,,,,,,
,,,,,,,,,,
,,,,,,,,,,
,,,,,,,,,,
,,,,,,,,53799.0,,
,,,,,,,,,,3356.0
,,,,,,,,,,-10907.0
,,,,,,,,,,
1810000.0,,,4250.0,20441.0,,1760.0,,,,4137.0
,,,,,,,,,,
1350000.0,,,,,,,,52787.0,1330.0,
,,,,,,,,53799.0,,
,,,,,,,,,,
,,,,,,,,,,
,,,,,,,,,,
,,,,,,,,,,
1298000.0,,,,,,,,,,
,,,,,,,,,,
,,,,,,,,,,
,,,,,,,,,,
,,,,,,,,,,3600.0
,6.0,,,,,,,,,
1310000.0,,,,,,,,,1580.0,
,,,,,,,,,,
,,,,,,,,,,
,,,,,,,,,,
,,,,,,,,,,
,,,,,,,,,,
,,,,,,,,,,-2080.0
,,,,,,,,,1230.0,
,,,,,,,,,-1660.0,
,,,,,,,,,,
,,,,,,,,,,2600.0
,,,,34939.0,,,,,,-4106.0
,,,,,,,,,,
,,,,,,,,,,
,,,,,,,,,,
,,,,,,,,,,6232.0
,,,,,,,,,,
,,,,,,,,,,
,,,,,,,,,,
,,,,,,,,,,-13707.0
2195000.0,,,5210.0,35765.0,4940.0,,,,2620.0,25515.0
,,,,,,,,,,
,,,,44431.0,,,,,,
,,,,19899.0,,,,,,
,,,,,,,,,,
,,,,,,,,,,
,,,,,,,,,,
,,,,,,,,,,
,,,,,,,,,,
,,,,,,,,,,
,,,,,,,,,,
1200690.0,,,,28531.0,,,,,,11345.0
,,,,,,,,52787.0,-1770.0,-2899.0
,,,,,,,,52787.0,,
,,,,,,,,,,2480.0
,,,,,,,,,,
,,,,,,,,,,
,,,,,,,,,,
,,,,107290.0,,,96028.0,,,17992.0
,,,,,,,,,,
,,,,,,,,,,
,,,,,,,,,,
,,,,,,,,,,
,,,,,,,,,,
,,,,,,,,,,
,,,,,,,,,,
,,,,,,,,,,-4141.0
,,,,,,,,,,
,,,,,,,,,,
,,,,,,,,,,
,,,,,,,,,,
,,,,,,,,,,
,,,,,,,,,,
,,,,,,,,,,
,,,,,,,,,,
,,,,,,,,,,
,,,,,,,,,,
,,,,,,,,,,
,,,,50123.0,,,,,,-4397.0
,,,,,,,,,,
,,,,,,,,,,
,,,,,,,,,,
,,,,,,,,,,
,,,,,,,,,,
,,,,20189.0,,,,,,
,,,,,,,,,,
,,,,,,,,,,
,,,,,,,,,,
,,,,,,,,,,
,,,,39165.0,,,,,,2981.0
,,,,,,,,,,
,,,,,,,,,,
,,,,,,,,,,
,,,,,,,,,,
,,,,,,,,,,
,,,,,,,,,,
,,,,,,,,,,3659.0
,,,,,,,,,,
,,,,,,,,,,
,,,,,,,,,,
,,,,,,,,,,-5213.0
,,,,,,,,,,
,,,,,,,,,,
,,,,,,,,,,
,,,,,,,,,,
,,,,,,,,,,
,1.0,,,32010.0,,,,,,6664.0
,,,,,,,,,,
,,,,,,,,,,
,,,,20000.0,,,,,,
,,,,131790.0,,,,,,39043.0
,,,,,,,,,,
,,,,,,,,,,
,,,,,,,,,,
,,,,,,,,,,
,,,,,,,,,,
,,,,43332.0,,,,,,
,,,,,,,,,,
,,,,,,,,,,
,,,,,,,,,,-3150.0
,,,,,,,,52787.0,,
,,,,,,,,,,
,,,,,,,,,,
1150000.0,,,,,,,,,,
,,,,,,,,,,
,,,,,,,,,,2835.0
,,,,,,,,,,
,,,,,,,,,,
,,,,,,,,,,
,,,,,,,,,,
,,,,,,,,,,
,,,,,,,,,,
,,,,,,,,,,
,,,,,,,,,,
,,,,,,,,,,2831.0
,,,,,,,,,-1110.0,
,,,,,,,,,,
,,,,,,,,,,
,,,,,,,,,,
,,,,,,,,,,
,,,,,,,,,,2348.0
,,,,,,,,,,2775.0
,,,,,,,,,,
,,,,,,,,,,
,,,,,,,,,,-4538.0
,,,,,,,,,,
2140000.0,6.0,4.0,5110.0,,5110.0,,,52787.0,,
,,,,,,,,,,
,,,,32710.0,,,,,,15010.0
,,,,,,,,,,
,,,,39932.0,,,,,,27163.0
,,,,,,,,,,-3125.0
1150000.0,,,,,,,,,,
,,,,,,,,,,
,,,,,,,,,,
1355000.0,,,5960.0,,4770.0,,,,3150.0,-3617.0
,,,,,,,,,,
,,,,,,,,,,
,,,,,,,,,,
,,,,,,,,,,
,,,,,,,,,,
,,,,,,,,,,
1185000.0,7.0,,,,,,,,,
,,,,,,,,,,
,,,,,,,,,,
,,,,,,,,,,
,,,,,,,,,,
1348000.0,,,4640.0,,,1430.0,,,,
,,,,,,,,,,
,,,,,,,,,,
,,,,,,,,,,
,,,,,,,,,,
,,,,,,,,,,
,,,,,,,,,,
,,,,,,,,,,
,,,,,,,,,,
,,,,,,,,,,
,,,,,,,,,,
,,,,,,,,,,-2620.0
,,,,,,,,,,
,,,,36585.0,,,,,,-8717.0
,,,,,,,,,,
,,,,,,,,,,
,,,,,,,,,,
,,,,,,,,,,
,,,,,,,,,,4045.0
,,,,,,,,,,
,,,,,,,,,,
,,,,,,,,,,
,,,,,,,96028.0,,1250.0,6258.0
,,,,,,,,,,
,,,,,,,,,,
,,,,45234.0,,,,,,9617.0
,,,,,,,,,,
,,,,35100.0,,,,,,
,,,,,,,,,,
,,,,35617.0,,,,,,
,,,,,,,,,,3136.0
,,,,,,,,,,
1920000.0,,5.75,7730.0,230868.0,6660.0,,,,5070.0,191576.0
,,,,,,,,,,
,,,,,,,,,,3836.0
,,,,,,,,,,3577.0
,,,,,,,,,,
,,,,,,,,,1300.0,8105.0
,,,,,,,,,,
,,,,,,,,,,
,,,,31491.0,,,,,,19081.0
,,,,25000.0,,,,,,-76494.0
,,,,,,,,,,
,,,,,,,,,,
,,,,,,,,,,
,,,,,,,,53799.0,,
,,,,,,,,,,
,,,,,,,,,,
,,,,,,,,,,
,,,,,,,,,,
,,,,,,,,,,
,,,,19860.0,,,,,,9640.0
,,,,,,,,,,
,,,,,,,,,,
,,,,,,,,,,
,,,,,,,,,,
,,,,,,,,,,2768.0
,,,,90169.0,,,,,1200.0,62975.0
,,,,,,,,,,
,,,,,,,,,,
,,,,,,,,,,-2392.0
,,,,,,,,,,-4616.0
,6.0,5.25,,,,,,,1470.0,
1650000.0,,,4285.0,,,,,,1325.0,2665.0
,,3.75,,19290.0,4060.0,,,,,6040.0
,,,,,,,,,,
,,,,,,,,,,
,,,,,,,,,,
,,,,,,,,,,
,,,,,,,,,,
,,,,,,,,,,
,,,,31299.0,,,,,,-13608.0
,,,,,,,,,,
,,,,,,,,,,5781.0
,,,,,,,,,,5781.0
,,,,,,,,,,
2574000.0,,3.75,4475.0,20424.0,,1816.0,,,,15174.0
,,,,,,,,,,
,,,,,,,,,,
,,,,,,,,,,
,,,,,,,,,,-10216.0
,,,,,,,,,,
,,,,,,,,,,
,,,,,,,,,,
2500000.0,,4.5,4300.0,19844.0,4300.0,,132665.0,81926.0,1230.0,
,,,,39189.0,,,96028.0,,,9540.0
,,,,36465.0,,,96028.0,,,-4989.0
,,,,,,,,,,-4290.0
,1.0,,,,,,,,,
,,,,,,,,,,
1395000.0,,,,,,,,53799.0,,
,,,,,,,,,,
,,,,,,,,,,2540.0
,,,,32251.0,,,,,,
,,,,,,,,,,
,,,,,,,,,,
1300000.0,,,,,,,,,,
,,,,,,,,,,2972.0
,,,,,,,,,,
,,,,,,,,52787.0,,
,,,,,,,,,,
,1.0,,,,,,,,,-6650.0
,,,,,,,,,,
1400000.0,9.0,4.0,4620.0,,3870.0,,,,1910.0,
,,,,,,,,,,
,,,,,,,,,,
,,,,,,1580.0,,53799.0,,
,,,,96703.0,,,,,,-20909.0
,,,,,,,,,,
,,,,,,,,,,
,,,,,,,,,,
,,,,,,,,,,
,,,,,,,,,,
,,,,,,,,,,
,,,,,,,,,,
,,,,,,,,,,
,,,,,,,,,,
,,,,,,,,,,
,,,,,,,,,,
,,,,,,,,,,
,,,,,,,,,,
1200000.0,,,4740.0,172497.0,4740.0,,96028.0,,2620.0,122839.0
,,,,,,,,,,
,,,,,,,,,,
,,,,,,,96028.0,,,
,1.0,,,,,,,,,
,,,,,,,,,,
,,,,,,,,,,
,,,,,,,,,,
,,,,25870.0,,,,,1160.0,5150.0
,,,,,,,,,,
,,,,,,,,,,
,,,,70800.0,,,,,,
,,,,,,,,,,
,,,,,,,,,,
,,,,,,,,,,
,,,4610.0,81935.0,4610.0,,,,1710.0,38435.0
,,,,,,,,,,3840.0
,,,,,,,,,,
,,,,,,,,,,
,,,,,,,,,,
,,,,73151.0,,,,,,33901.0
,,,,,,,,,,
,,,,,,,,,,
,,,,,,,,,,
,,,,,,,,,,
,,,,,,,,,,
,,4.0,5610.0,22529.0,4090.0,1520.0,,,1750.0,-2222.0
,6.0,,,,,,,,1430.0,
,,,,,,,,,,
,,,,,,1460.0,,,,
,,,,,,,,,-1210.0,
,,,,,,,,,,
,,,,,,,,,1540.0,
,,,,,,,,,,
,,,,,,,,,,
,,,,,4010.0,,,,,
,,,,,,,,53799.0,,
,,,,,,,,,,-4840.0
,,,,,,,,,,
,,,,20812.0,,,,,,3472.0
,,,,,,,,,,
,,,,,,,,,,3137.0
,,,,,,,,,,-7104.0
,,,,,,,,,,
,,,,,,,,,,3572.0
,,,,,,,,,,
,,,,,,,,,,
,,,,,,,,,,
,,,,,,,,,,
,,,,,,,,,,
,,,,,,,,,,
,,,,,,,,,,
,,,,144619.0,,,,,,
,,,,,,,,,,
,,,,,,,,,,2368.0
,,,,48787.0,,,,,,
,,,,,,,,,,
,,,4270.0,85643.0,4270.0,,,,,34473.0
,,,,,,,,,,
,,,,,,,,,,
,,,,383328.0,,,,,,316246.0
,,,,,,,,,,
,,,,,,,,,,2359.0
,,,,,,,,,,
,,,,,,,,,,
,,,,23870.0,,,,,,10530.0
,,,4280.0,47179.0,,,,,1460.0,3778.0
,,,,,,,,,,
,,,,,,,,,,
,,,,,,2000.0,,52787.0,1900.0,
,,,,,,,,,,
1388000.0,,,,20384.0,,,,,,
,,,,37264.0,,,96028.0,,,
,,,,,,,,,,
,,,,,,,,,,
,,,,,,,,,,
,,,,,,,,,,3198.0
,,,,,,,,,,4513.0
,,,,,,,,,,
,,,,,,,,,,
,,,,,,,,52787.0,,
,,,,,4080.0,,96028.0,,,2512.0
2300000.0,,,,,,,,,,
,,,,35757.0,,,,,,-5464.0
,,,,,,,,,,
,,,,,,,,,,
,,,,,,,,,,
,,,,,,,,,,
,,,,,,,,,,2907.0
1225000.0,,,,,,,,,,
,1.0,,,,,,,,,7412.0
,,,,,,,,,,
,,,,,,,,,,
,,,,,,,,,,
,,,,,,,,,,
,,,,,,,,,,
,,,,,,,,,,
,,,,,,,,,,
,,,,20067.0,,,,,1180.0,
,,,,,,,,,,
,,,,,,,,,,
,,,,,,,,,,
,,,,,,,,,,
,,,,,,,,,,
,,,,,,,,,,-2200.0
,,,,,,,,,,
,,,,,,,,,,
3100000.0,,5.25,5090.0,23669.0,5090.0,,,,1260.0,
,,,,,,,,,,
,,,,,,,,,,
,,,,,,,,,,
,,,,36558.0,,1420.0,,,,
,,,,,,,,,,
,,,,,,,,,,
,,,,,,,,,,
,,,,,,,,,,
,,,,,,,,,,
,,,,,,,,,,
,,,,,,,96028.0,,,
,,,,,,,,,,5745.0
,,,,,,,,,,
,,,,,,,,,,
,,,,,,,,,,
,,,,,,,,,,
,,,,,,,,,,
,,,,21883.0,,,,,,
,,,,,,,,,,
,,,,,,,,,,
,,,,,,,,,,
,,,,56192.0,,,,,,11326.0
,,,,,,,,,,
,,,,,,,,,,
,,,,,,,,,,
,,,,478288.0,,,,,,260488.0
,,,,,,,,,,
,,,,,,,,,,
,,,,,,,,,,
,,,,,,,,,,
,,,,,,,,,,
2187730.0,,4.5,4240.0,,4240.0,,132665.0,81926.0,1230.0,
,,,,,,,,,,
,,,,,,,,,,
,,,,,,,,,,
,,,,,,,,,,
,,,,,,,,,,
,,,,,,,,,,
,,,,,,,,,,
,,,,,,,,,,
,,,,,,,,,,
,,,,,,,,,,
,,,,,,,,,,-2630.0
,,,,,,,,,,
,,,,21485.0,,,,,,
,,,,,,,,,,-6884.0
,,,,,,,,,,
,,,,,,,,,,9185.0
,,,,,,,,,,
,,,,,,,,,,
,,,,,,,,,,
,,,,,,,,,,
,,,,,,,,,,
,,,,,,,,,,
,,,,27003.0,,,,,,
,,,,,,,,,,
,,,,,,,,,,
,,,,21780.0,,,,,,9726.0
,,,,,,,,,,
,,,,,,,,,,
,,,,,,,,,,
,,,,,,,,,,
,,,,,,,,,,
,,,,,,,,,,
,,,,,,,,,,
,,,,65775.0,,,,,,-6534.0
,,,,21455.0,,1510.0,,,,
,,,,,,,,,,
,,,,42998.0,,,,,,
,,,,,,,,,,
,,,,,,,,,,
,,,,161913.0,,,,,,149365.0
,,,,,,,,,,
,,,,,,,,,,
,,,,,,1650.0,,,1350.0,
,,,,,,,,,,
,,,,,,,,,,
,,,,,,,,,,
,,,,,,,,,,
,,,,,,,,,,-2372.0
,,,,,,,,,,
,,,,40039.0,,,,,,34039.0
,,,,,,,96028.0,,,-3410.0
,,,,,,,,,,
,,,,,,,,,,
,,,,37277.0,,,,,,
,,,,,,,,,,
,,,,,,,,,,4159.0
,,,,,,,,,-1660.0,
,,,,,,,,,,
,,,,,,,,,,
,,,,,,,,,,
,,,,,,,,,,
,,,,,,,,,,
,,,,,,,,,,2460.0
,,,,,,,,,,
,,,,,,,,,,
,,,,,,,,,,
,,,,,,,,,,
,,,,213008.0,,,96028.0,,,4356.0
,,,,,,,,,,
,,,,,,,,,,-2160.0
,,,,,,,,,,
,,,,,,,,,,2526.0
,,,,,,,,,,
,,,,,,,,,1510.0,
,,,,,,,,,,
,,,,,,,,,,
,,,,,,,,,,
,,,,,,,,,,
,,,,,,,,,,
,,,,,,,,,,
,,,,36478.0,,,,,-1870.0,25337.0
,,,,,,,,,,
,,,,,,,,,,
,,,,,,,,,,
,,,,,,,,,,
,6.0,,,21400.0,,,,,,-2938.0
,,,,,,,,,,-2661.0
,,,,,,,,53799.0,,
,,,,,,,,,,
,,,,,,,,,,
,,,,,,,,,,-2156.0
,,,,,,,,,,2444.0
,,,,,,,,53799.0,,3300.0
1475000.0,,,,,,,,,,3100.0
,,,,,,,,,,
,,,,,,,,,,
,,,,,,,,,,
,,,,,,,,,1140.0,
,,,,,,,,,,
,,,,,,,,,,
,,,,,,,96028.0,,,
,,,,,,1550.0,,,,
,6.0,,,33740.0,,,,,,5540.0
,,,,,,,,,,
,,,,,,,,,,
,,,,,,,,,,
,,,,,,,,,,
,,,,,,,,,,
,,,,,,,,,,
,,,,,,,,,,
,,,,,,,,,,
,,,,,,,,,,
,,,,,,,,,,
,,,,,,,,,,
,,,,,,,,,,
,,,,,,,,,,
,,,,,3920.0,,96028.0,,,
,,,,,,,,,,
,,,,,,,,,,
,,,,,,,,,,
,,4.0,,,,,,,,-3836.0
,,,,,,,,,,
,,,,,,,,,,
,,,,,,,,,,
,,,,,,,,,,
,,,,,,,,,,
,,,,,,,,,,
,,,,,,,,,,
,,,,,,,,,,
,,,,,,,,,1320.0,
,,,,,,,,,,
,,,,,,,,,,
,,,,,,,,,,
,,,,,,,,,,
,,,,,,,,,,
1776000.0,,,,,,,,,,
,,,,,,,,,,
,,,,,,,,,,
,,,,,,,,,,-4934.0
,,,,,,,,,,
1298000.0,,,,,,,,53799.0,,
,,,,,,,,,,
,,,,,,,,,,
,,,,,,,,,,
,,,,,,,,,,
,,,,,,,,,,
,,,,,,,,,,
,,,,,,,,,,
,,,,,,1500.0,,,,
2500000.0,,3.75,,,,1610.0,,,-1300.0,-3630.0
,,,,69351.0,,,,,,27918.0
,,,,20894.0,,,,,,5079.0
,,,,,,,,,,
,,,,,,,,,,
,,,,,,,,,,
,,,,,,,,,,
,,,,,,,,,,
,,,,,,,,,,
,,,,,,,,,,
,,,,,,,,,,
,,,,,,,,,,
,,,,,,,,,,
,,,,,,1540.0,,,1950.0,2742.0
,,,,,,,,,,
,,,,,,,,,,
,,,,,,,,,,
,,,,,,,,,,
,,,,,,,,,,
,,,,,,,,,,
,,,,,,,,,,
,,,,,,,,,,
,6.0,,,,,1780.0,,,,
,,,,,,,,,,
,,,,,,,,,,
,,,,,,,,,,
1185000.0,,,,,,,,52787.0,,
,,,,,,,,,,
,,,,,,,,,,
1200000.0,,,,43560.0,3930.0,,,,,7100.0
,,,,,,,,,,
,,,,,,,,,,
,,,,,,,,,,
,,,,,,,,,,
,,,,82764.0,,,,,,-116305.0
,,,,,,,,,,
,,,,,,,96028.0,,,
,,,,,,,,,,
,,,,23321.0,4070.0,,,53799.0,1250.0,12450.0
,,,,,,,,,,
,,,4270.0,117176.0,4270.0,,,,1660.0,111925.0
,,,,,,,,,,
,,,,,,,,,,-2532.0
,,,,,,,,,,
,,,,,,,,,,
,,,,,,,,,,
,,,,53143.0,,,,,,-164657.0
,,,,,,,,,,
,,,,,,,,,,-4050.0
1380000.0,,4.25,,,,1900.0,,53799.0,,-6293.0
,,,,,,,,,,
,,,,,,,,,,
,,,,,,,,,,
,,,,,,,,,,3594.0
,,,,,,,,,,3594.0
,,,,,,,,,,
,,,,21208.0,,,,,,
,,,,,,,,,,
1450000.0,,,,19865.0,,,132665.0,81926.0,,
,,,,54380.0,,,,,,5336.0
,,,,,,,,,,
,,,,,,,,,,
,,,,,,,,,,
,,,,,,,,,,
,,,,,,,,,,
,,,,,,,,,,
,,,,,,,,,,
,,,,,,,,,,
,,,,50094.0,,,,,,
,,,,,,,,,,5224.0
,,,,,,,,,,
,,,,,,,,,,
,,,,,,,,,,
,,,,,,,,,,
,,,,,,,,,,
,,,,,,,,,,
,,,,,,,,,,
,,,,,,,,,,
,,,,,,,,,,
1880000.0,,,,19542.0,,,132665.0,81926.0,,
,,,,,,,,,,
,,,,158558.0,,,,,,154986.0
,,,,,,,,,,5800.0
,,,,34850.0,,,,,,
1970000.0,8.0,,4440.0,,,,,52787.0,,-2160.0
,,,,,,,,,,
,,,,,,,,,,
,,,,21712.0,,,,,,12513.0
,,,,,,,,,,
1457000.0,,,,,,,,52787.0,,
,,,,,,,,,,
,,,,,,,,,,
,,,,,,,,,,
,,,,,,,,,,
1454000.0,,4.0,,,4070.0,,,,1430.0,
1288000.0,,,,,,,,53799.0,,
,,,,38546.0,,,,,,4262.0
,,,,60112.0,,,96028.0,,,-60113.0
,,,,,,,,,,
,,,,23809.0,,,,,,8031.0
,,,,,,,,,,
,,,,,,,,,,
,,,,,,,,,,
,,,,,,,,,,
,,,,,,,,,,
,,,,36680.0,,,,,,
,,,,,,,,,,
,,,,,,,,,,
,,,,,,,,,,
,,,,,,,,,,
,,,,,,,,,,
,,,,,,,,,,
,,,,,,,,,,
,,,,,,,,,,
,,,,136343.0,,,,,,-78843.0
,,,,34498.0,,,,,,12024.0
,,,,,,,,,,
,,,,,,,,,,
,,,,,,,,,,
,,,,,,,,,,
,,,,,,,,,,
,,,,,,,,,,
,,,,,,,,,,2340.0
,,,,,,,,,,2690.0
,,,,,,,,,,
,,,,,,,,,,-4400.0
,,,,,,,,,,
,,,,,,,,,,
,,,,,,,,,,
,,,,,,,,,,
,,,,,,,,,,
,,,,,,,,,,
,,,,,,,,,,
,,,,,,,,,,
,,,,,,,,,1200.0,
,,,,,,,,,2300.0,-9985.0
,,,,,,,,,,
2250000.0,,4.25,5150.0,,4170.0,,,52787.0,,
1350000.0,,4.5,,,,,,,2060.0,
,,,,,,,,,,
,,,,,,,,,,
,,,,,,,,,,
,,,,,,,,,,5635.0
,,,,,,,,,,
,,,,,,,,,,2375.0
,1.0,,,60984.0,,,,,,36759.0
,,,,,,,,,,
,,,,,,,,,,
,,,,,,,,,,
,,,,,,,,52787.0,,
,,,,,,,,,,4793.0
,,,,,,,,,,
,,,,,,,,,,
,,,,,,,,,,
,,,,,,,,,,
1205000.0,,,,,,,,,,
,,,,,,,,,,
,,,,,,,,,,
,,,,,,,,,,
,,,,,,,,,,
,,,,,,,,,,
1735000.0,,,4310.0,32093.0,,1800.0,,,,5693.0
,,,,,,,,,,
,,,,,,,,,,
,,,,,,,,,,
,,,,,,,,,,
,,,,,,,,,,
,,,,,,,96028.0,,,
,,,,1164794.0,,,,,,1148064.0
,,,,,,,,,,2900.0
,,,,,,,,,,
,,,,45738.0,,,,,,-143362.0
,,,,,,,,,,
1629000.0,,,,,,,,,,
,,,,,,,,52787.0,,
,,,,,,,,,,
,,,,,,,,,,
2225000.0,,,,,,1490.0,,,,4212.0
,,,,,,,,,,
,,,,,,,,,,
,,,,,,,,,,
,,,,,,,,,,
,,,,,,,,,,
,,,,39049.0,,,,,,24444.0
,7.0,,,,,,,,,
,,,,,,,,,,3846.0
,,,,43700.0,,,,,,
,,,,,,,,,,
,,,,,,,,,,2434.0
,,,,,,,,,,
1200000.0,,4.0,,,,,,,1180.0,
,,,,,,,,,,
,,,,,,,,,,
,,,,30500.0,,,,,,
,,,,,,,,,,
,,,,,,,,,,
,,,,,,,96028.0,,,
,,,,,,,,,,8020.0
,,,,501376.0,,,,,,414256.0
,,,,,,,,,,
,,,,,,,,,,
,,,,,,,,,,
,,,,,,,,,,
,,,,,,,,,1220.0,
,,,,,,,,,,5695.0
,,,,47959.0,,,,,,9063.0
,,,,,,,,,,
,,,,,,,96028.0,,,
,,,,,,,,,,
,,,,,,,,,,
,,,,,,,,,,
,,,,,,,,,,
,,,,,,,,,-1430.0,-4235.0
,,,,,,,,,,
,,,,,,,,,,
,,,,,,,,,,
,,,,,,,,,,
,,,,,,,,,,
,,,,,,,96028.0,,,
,,,,,,,,,,3474.0
,,,,,,,,,,
,,,,,,,,,,5662.0
,,,,,,,,,1280.0,
,,,,,,,,52787.0,,
,,,,80400.0,,,,,,-118014.0
,,,,,,,,,,
,,,,,,,,,,
,,,,,,,,,,
,,,,,,,,,,
,,,,,,,,,,
,,,,,,,,,,
,,,,,,,,,,
,,,,,,,,,,
,,,,,,,,,,
,6.0,,,,,,,,,
,,,,82031.0,,,,,,29007.0
,,,,,,,,,,
,,,,,,,,,,
,,,,,,,,,,
,,,,,,,,,,
,,,,,,,,,,4154.0
,,,,,,,,,,
,,,,32379.0,,,,,,-11181.0
,1.0,,,,,,,,-1070.0,
,,,,,,,,,,
,,,,,,,,,,
,,,,,,,,,,
,,,,,,,,,,
,,,,,,,,,,
,,,,35200.0,,,,,,-2300.0
1425000.0,,4.25,4960.0,,,,,,2800.0,
,,,,,,,,,,
,,,,29308.0,,,,,,-8223.0
,,,,,,,,,,
,,,,,,,,,,
,,,,,,,,,,
1802750.0,,,,20005.0,,1630.0,,,,
,,,,,,,,,,
,,,,,,,,,,
,,,,,,,,,,
,,,,,,,,53799.0,,
1388000.0,,,,20001.0,,2020.0,,,,
,,,,,,,,,,
,,,,246114.0,,,,,,185763.0
,,,,,,,,,,-2625.0
,,,,,,,,,,
,,,,,,,,,,
,1.0,,,,,,,,,
,,,,,,,,,,
,,,,,,,,,,
,,,,,,,,,,
,,,,,,,,,,
,,,,,,,,,,
,,,,,,,,,,
,,,,,,,,,,
,,,,,,,,,,
,,,,,,,,,,
,,,,,,,,,,
,,,,,,,,,,
,,,,,,,,,,
,,,,,,,,,,
,,,,,,,,,,
,,,,,,,,,,
,,,,,,,,,,
,,,,,,,,,,
,,,,,,,,,,
,,,,,,,,,,
,,,,,,,,,,
,,,,,,,,,,
,,,,,,,,,,
,,,,,,,,,,
,,,,,,,,,,
,,,,,,,,,,
,,,,,,1570.0,,,1840.0,
,,,,,,,,,,
,,,,,,,,,,
,,,,,,,,,,
,,,,,,,,,,
,,,,,,,,,,
,,,,,,,,,,
,,,,,,,,,,
,,,,,,,,,,
,6.0,,,,,,,,,
,,,,,,,,,,
,,,,,,,,,,
,,,,,,,,,,
,,,,,,,,,,
,,,,,,,,,,
1870000.0,,4.0,4510.0,,4510.0,,,53799.0,,
,,,,,,,,,,
,,,,,,,,,,
,,,,,,,,,,
,,,,,,,,,,2502.0
,,,,,,,,,,
,,,,19864.0,,,,,,6579.0
,,,,,,,,,,-2156.0
,,,,,,,,,,
,,,,,,,,,,
,,,,,,,,,,
1562000.0,,,,,,,,,,
,,4.25,,,3920.0,,,,2520.0,
,,,,,,,,53799.0,,
,,,,,,,,,,
,,,,23361.0,,,,,,8661.0
,,,,,,,,,,
,,,,,,1600.0,,,,2374.0
,,,,,,,,,,
,,,,,,,96028.0,,,
,,,,45302.0,,,,,-1030.0,-56628.0
,,,,23103.0,,,,,,4940.0
,,,,,,,,,,
,,,,,,,,,,
,,,,,,,,,,
,,,,,,,,,,
,,,,,,,,,,
,,,,,,,,,,-2550.0
,,,,57499.0,,,96028.0,,,-80150.0
,,,,,,,,,,
,,,,,,,,,,
,,,,,,,,,,
,,,,,,,,,,
,6.0,,,,,,,,,
,,,,,,,,52787.0,,
,,,,50002.0,,,,,,33821.0
,,,,,,,,,,
,,,,,,,,,,
,,,,,,,,,,
,,,,,,,,,1390.0,
,,,,,,,,,,
,,,,,,,,,,-4218.0
,,,,,,,,,,
,,,,71002.0,,,,,,-12998.0
,,,,,,,,,,
,,,,,,,,,,-10001.0
,,,,,,,,,,
,,,,,,,,,,
,,,,,,,,,,
1215000.0,,,4560.0,,4040.0,,,,1940.0,4778.0
,,,,,,,,,,
,,,,,,,,,,
,,,,,,,,,1220.0,
,,,,,,,,,,
,,4.5,,,,,,,,
,,,,,,,,,,
,,,,53578.0,,,,,,
,,,,,,,,,,
,,,,,,,,,,
,,,,,,,,,-1140.0,
,,,,,,,,,,
,,,,,,,,,,
1200000.0,,,,,,1590.0,,,,
,,,,,,,,52787.0,,
,,,,,,,,,,
,,,,,,,,,,
,,,,,,,,,,
,,,,,,,,,,
,,,,,,,,,,
,,,,,,,,,,5397.0
,,,,,,,,,,
,,,,41147.0,,,,,,6867.0
,,,,,,,,,,
,,,,,,,,,,
,,,,,,,,,,
,,,,,,,,,,
,,,,,,,,,,
,,,,,,,,,,
,,,,,,,,,,
,,,,,,,,,,
,,,,21806.0,,,,,,
,,,,,,,,,,
,,,,,,,,,,
,,,,,,,,,,
,,,,120661.0,,,,,,95661.0
,,,,,,,,,,
,,,,,,,,,,
,,,,,,,,,,
,,,,,,,,,,
,,,,,,,,,,
,,,,,,,,,,
,,,,,,,,,,-2750.0
,,,,34560.0,,,,,,-3485.0
,,,,,,,,,,
,,,,,,,,,,5835.0
,,,,,,,,,,
,,,,19200.0,,,,,,
,,,,,,,,,,
,,,,,,,,,,
2510000.0,,,5480.0,57990.0,5480.0,,,,2980.0,35036.0
,,,,,,,,,,
,,,,,,,,,1120.0,
,,,,,,,,,,
,,,,,,,,,,-2173.0
,,,,,,,,,,
,,,,,,,,,,
,,,,,,,,,,
,,,,,,,,53799.0,,
,,,,,,,,,,
,,,,,,,,,,
1350000.0,,,,,,,,,,
,,,,,,,,,,
,,,,81021.0,,,,,,54298.0
,,,,,,,,,,
,,,,,,,,,,
,,,,,,,,,,
,,,,,,,,,,
,1.0,,,533610.0,,,,,,317553.0
,,,,,,,,,,
,,,,,,,,,,-3300.0
,,,,,,,,,,
,,,,,,,,,-1120.0,-3750.0
,,,,,,,,,-1120.0,-3750.0
,,,,,,,,,,
,,,,74052.0,,,,,,30492.0
,,,,,,,,,,
,,,,,,,,53799.0,,
,,,,43216.0,,,,,,-7265.0
,,,,,,,,,,
,,3.75,,,,,,,,
,,,,,,,,,,
,,,,,,,,,,
,,,,,,,,,,
,,,,,,,,,,
,,,,,,,,,,
,,,,,,,,,,
,,,,,,,,,,
1650000.0,,,,210394.0,4200.0,,,,1830.0,25700.0
,,,,,,,,,,
,,,,,,,,,,
,,,,,,,,,,
1284000.0,,4.25,5040.0,,5040.0,,,,,
,,,,,,,,,2050.0,
,,,,,,,,,,
,,,,,,,,,,
,,,,,,,,,,
,,,,,,,,,,
,,,,,,,,,,
,,,,,,,,,,
,,,,,,,,,2010.0,
,,,,,,,,,,
,,,,,,,,,,2543.0
,,,,,,,,,,
,,,,,,,,,,
,,,,,,,,,,
,,,,,,,,,,
,,,,,,,,,,
,,,,,,,,,,
,,,,,,,,,,
,,,,,,,,,,
,,,,,,,,,,
,,,,62290.0,,,,,,20117.0
,,,,,,,,,,
,,,,,,,,,,
,,,,,,,,,,4743.0
,,,,,,,,,,
,,,,,,,,,,
,,,,,,,,,-1670.0,2417.0
,,,,,,,,,,
,,,,,,,,,,
,,,,,,,,,,
,,,,,,,,,,
,,,,,,,,,,2970.0
,,,,,,,,,1110.0,
,,,,,,,,,,
,,,,,,,,,,
,,,,,,,,,,8658.0
,,,,,,,,,,
,,,,28254.0,,,,,,23560.0
,,,,,,,,,,
,,,,,,,,,,
,,,,,,,,,,
,,,,,,,,,,
,,,,,,,,,,
,,,,,,,,,,
,,,,,,,,,,
,,,,,,,,,,
,,,,,,,,,,
1550000.0,,4.0,5120.0,,4490.0,,,,2610.0,
,,,,38615.0,3960.0,,,,,-4945.0
,,,,,,,,,,
,,,,,,,,,,
,,,,,,,,,,2375.0
,,,,,,,,,1120.0,3600.0
,,,,,,,,,,
,,,,,,,,,,3014.0
,,,,,,,,,,
,,,,,,,,,,
,,,,,,1430.0,,,,
,,,,,,,,,,
,,,,105850.0,,,,,,-280962.0
,,,,,,,,,,
,,,,,,,,,,
,,,,,,,,,,
,,,,,,,,,1580.0,
,,,,,,,,,,4959.0
,,,,223463.0,,,96028.0,,,
,,,,,,,,,,
,,,,,,,,,,
,,,,,,,,,,2775.0
,,,,,,,,,,3290.0
,,,,,,,,,,
,,,,,,,,,,3245.0
,,,,,,,,,,
,,,,,,,,,,
,,,,,,,,,,
,,,,,,,,,-1260.0,
,,,,,,,,,,
,,,,234788.0,,,,,,14375.0
,,,,,,,,,,
2005000.0,6.0,4.5,,28176.0,3810.0,,,,,
,,,,,,,,,,
,,,,,3920.0,,,,,
,,,,95396.0,,1520.0,,,,-6970.0
,,,,,,,,,,
,,,,,,,,,,
,,,,21190.0,,,,,,12990.0
,,,,,,,,,,
,,,,,,,96028.0,,,
,,,,,,,,,,2523.0
,,,,34510.0,,,,,,6260.0
1364000.0,,,,,,,,,1900.0,
,,,,59241.0,,,,,,-65776.0
,,,,,,,,,,
,,,,,,,,,,
,,,,,,,,,,
,,,,,,,,,,
,,,,,,,,,,
,,,,,,,,,,
,,,,,,,,,,
,,,,,,,,,,
,,,,,,,,,,
,,,,,,,,,,
,,,,47743.0,,,,,,41727.0
,,,,,,,,,,
,,,,,,,,,,
,,,,,,,,,,
,,,,,,,,,,
,,,,30570.0,,,,,,-11395.0
,,,,,,,,,,-6787.0
,,,,,,,,,,
,,,,,,,,,,3282.0
,,,,,,,,,,
,,,,,,,,,,
,,,,,,,,,,
,,,,,,,,,,
,,,,,,,,,-1801.0,-2573.0
,,,,,,,,,,
,,,,,,,,,,
,,,,,,,,,,
,,,,,,,,,,
,,,,,,,,,,
,,,,,,,,,,
,,,,,,,,,,
1325000.0,,,,,,,,,,
,,,,,,,,,,
,,,,,,,,,,
,,,,117378.0,,,,,,6421.0
,,,,203425.0,,,,,,
,,,,,,,,,,3260.0
,,,,,,,,,,2435.0
,,,,,,,,,,
,,,,,,,,,,
,,,,,,,,,,
,,,,,,,,,,
,,,,,,,,,,
,,,,,,,,,,
,,,,,,,,,,
,,,,,,,,,,
,,,,,,,,,,2406.0
,,,,,,,,,,
,,,,,,,,,,
,,,,,,,,,,
,,,,,,,,,,-3493.0
,,,,43091.0,,,,,,7801.0
,,,,,4150.0,,,,,
,,,,,,,,,,
,,,,,,,,,,
,,,,,,,,,,
,,,,,,,,,,-2389.0
,,,,,,,,,,
,,,,,,,,,,
,,,,,,,,,,
,,,,94855.0,,,,,,29515.0
,,,,,,,,,,
,,,,,,,,,,
,,,,,,,,,,
1320000.0,,,4410.0,36200.0,4410.0,,,,,
,,,,,,,,,,
,,,,,,,,,,
,,,,,,,,,,
,,,,,,,,,,
,,,,,,,,,,
,,,,,,,,,,
,,,,48351.0,,,,,,4791.0
,,,,48351.0,,,,,,4791.0
,,,,,,,,,,
,,,,,,,,,,
2050000.0,,,,19989.0,,,,,1170.0,13600.0
,,,,,,,,,,
,,,,,,,,,,3515.0
,,,,,,1780.0,,,1680.0,4150.0
,,,,,,,,,,
,,,,,,,,,,
,,,,,,,,,,
,,,,,,,,,,
,,,,,,,,,,
,,,,,,,,,,
,,,,,,,,,,2505.0
1210000.0,,,,,,,,,,-3000.0
,,,,,,,,,1550.0,
,,,,,,,,,1650.0,
,,,,,,,,,-1080.0,-2200.0
,,,,,,,,,,-2125.0
,,,,,,,,,,
,,,,,,,,,,
,,,,,,,,,,
,,,,,,,,,2680.0,
,,,,,,,,,1420.0,
,,,,,,,,,,
,,,,,,,,,,
,,,,,,,,,,
,,,,,,,,52787.0,,
,,,,,,,,,,7657.0
,,,,,,,,,,-2508.0
,,,,,,,,,,
,,,,,,,,,,
,,,,,,,,,,
,,,,,,,,,,7500.0
,,,,27215.0,,,,,,-29413.0
,,,,,,,,,,
,,,,216344.0,,,,,,-73634.0
,,,,,,,,,,
,,,,,,,,,,
,,,,,,,,,,
,1.0,,,40600.0,,,,,-1020.0,
,,,,,,,,,,
,,,,,,,,,,
,,,,,,,,,-1040.0,
,,,,,,,,,,
,,4.0,,,,,,,,
,,,,,,,,,,-10315.0
,,,,,,,,,,
,,,,,,,,,,
,,,,,,,,,,
,,,,,,,,,,
,,,,,,,,52787.0,,
,,,,,,,,,,
,,,,101930.0,,,,,,18295.0
,,,,,,,,,,
,,,,,,,,,,
,,,,,,,,,,
,,,,,,,,52787.0,-2080.0,
,,,,,,,,,,
,,,,,,,,,,
,,,,,,,,,,
,,,,542322.0,,,,,,481774.0
,,,,,,,,,,
,,,,,,,,,,
,,,,,,,,,,
,,,,,,,,,,-2097.0
,,,,,,,,,,
,,,,,,,,,,
,,,,,,,,,,-2520.0
,,,,,,,,,,
,,,,,,,,,,3605.0
,,,,24074.0,,,,,,
,,,,,,,,,,
,,,,,,,,,,
1650000.0,,4.5,5550.0,,3880.0,1670.0,,53799.0,2080.0,
,,,,,,,,,,2786.0
,,,,,,,,,,
,,,,,,,,,,
,,,,,,,,,,
,,,,,,,,,,
1375000.0,,,,,,,,,1630.0,
,,,,,,,,,,
,,,,,,,,52787.0,,
,,,,26114.0,,,,,,5754.0
,,,,,,,,,,
,,,,,,,,,,
,,,,,,,,,,
,,,,,,,,,,
,,,,,,,,,,
,,,,24123.0,,,,,,14097.0
,,,,23400.0,,1600.0,,,,11000.0
,,,,,,,,,,
,,,,,,,,,,-3224.0
,,,,,,,,,,
,,,,,,,,,,
,,3.75,,,,1500.0,,,2070.0,
,,,,,,,,,,
,,,,,,,,,,
,,,,,,,,,,3220.0
,,,,,,,,,,
,,,,,,,,,,
,,,,,,,,,,
,,,,,,,,,,
,,,,,,,,,,
,1.0,,,,,,,,,2541.0
,,,,,,,,,,
,,,,,,,,,1500.0,8704.0
,,,,,,,,,,
,,,,,,,,,1330.0,
,,,,,,,,,,
,,,,45302.0,,,,,,-3920.0
,6.0,,,,,,,,,
,,,,,,,,,,
,,,,79993.0,,,,,,64313.0
,,,,,,,,,,
,,,,,,,,,,
,,,,,,,,,,
,,,,,,,,,,
,,,,,,,,,,
,,,,,,,,,,
,,,,,,,,,,-2902.0
,,,,,,,,,,
,,,,,,,,,,
,,,,,,,,,,
,,,,,,,,,,
,,,,,,,,,,
,,,,29735.0,,,,,,18485.0
,,,,,,,,,,
,,,,,,,,,,
,,,,108900.0,,,,,,79041.0
,,,,,,,,,,
,6.0,,,54160.0,,,,,,27351.0
,,,,,,,,,,
,,,,36762.0,4030.0,,,,,-3609.0
,,,,,,,,,,
2458000.0,,5.25,6500.0,,5180.0,,132665.0,81926.0,4230.0,6867.0
,,,,,,,,,,
,,,,,,,,,,
1595000.0,,,,,,,,,,-6469.0
,,,,,,,,53799.0,,
,,,,,,,,53799.0,,
,,,,,,,,,,
,,,,,,,,,,
,1.0,,,,,,,,-1340.0,-5743.0
,,,,,,,,,,2521.0
,,,,44550.0,,,,,,19207.0
,,,,,,,,,,
,,4.0,,,,,,,,
,,,,,,,,,,
,,,,,,,,,,
,,,,,,,,,,
,,,,,,,,,,
,,,,,,,,,,
,,,,,,,,,,
,,,,,,,,,,
1190000.0,,,,,,,,,,
,,,,49658.0,,,,,,-49658.0
,,,,,,,,,,
,,,,,,,,,,
,,,,,,,,,,
,,,,,,,,,,
,,,,39460.0,,,,,,
,,,,,,,,,,
,,,,,,,,,,-2574.0
,,,,,,,,,,
,,,,,,,,,,
1350000.0,,,,,,,132665.0,81926.0,,-6615.0
,,,,,,,,,,
,,,,,,,,,,
,,,,,,,,,,
,,,,,,,,,,
,,,,,,,,,,
,,,,43560.0,,,,,,33410.0
,,,,,,,,,,2363.0
,,,,,,,,,,
,,,,,,,,,,
,,,,,,,,,,
1320000.0,,,,,,,,,,
,,,,,,,,,,
,,,,81893.0,,,,,-1470.0,-33541.0
,,,,,,,,52787.0,,
,,,,,,,,,,-2780.0
,,,,,,,,,,
,,,,,,,,,,
,,,,,,,,,-1090.0,
,,,,35169.0,4180.0,,,,1170.0,
,,,,,,,,,,
,,,,,,,,,,
,,,,,,,,,,
,,,,,,,,,1250.0,2680.0
,,,,,,,,,,
,,,,,,,,,,-2580.0
1205000.0,,,,,,,,,1600.0,
,,,,,,,,,,-2976.0
,,,,,,1540.0,,,1720.0,
,,,,,,,,,,
,6.0,,4920.0,20590.0,,2190.0,,,1220.0,5596.0
,,,,,,,,,,
,,3.75,,,,,,,,
,,,,,,,,,,5823.0
,,,,,,,,,,2650.0
,,,,,,,,,,
,,,,,,,,,,
,,,,,,,,,,
,,,,,,,,,,
,,,,39324.0,,,,,,
,,,,,,,,,,
,,,,,,,,,,
,,,,,,,,,,
,,,,,,,,,,
,,,,,,,,,,2635.0
,,,,,,,,,,-3148.0
,,,,,,,,,,
,,,,,,,,,,
,,,,,,,,,,
,,,,,,,,,,
2027000.0,,3.75,,22798.0,,1560.0,,53799.0,,4068.0
,,,,,,,,,,
,,,,,,,,,,-2868.0
,,,,,,,,,,
,1.0,,,,,,,,,
,,,,,,,,,,
,,,,,,,,,,
,,,,,,,,,,2430.0
,,,,,,,,,,
,,,,,,,,,,
,,,,,,,,,,-2416.0
,,,,,,,,,,
,,,,,,,,,,
,,,,,,,,,,
,,,,,,,,,,3893.0
1990000.0,,,4480.0,,,,,52787.0,1260.0,
,,,,,,,,,,
,,,,32772.0,,,96028.0,,,
,,,,,,,,,,
,,,,,,,,,,
,,,,,,,,,,
,,,,,,,,,,3395.0
,,,,,,,,,,
,,,,,,,,,,4800.0
1321620.0,,,,19447.0,,,,53799.0,,
1444000.0,,,,,,,,,,
,,,,,,,,,,
,,4.0,,,,,,,,
,,,,,,,,,,
,,,,,,,,,1230.0,
,,,,,,,,,,
,,,,,,,,,,
,,,,,,,,,,
,,,,,,,,,,
,,,,,,,,,,
,,,,,,,,,,
,,,,,,,,,,
,,,,,,,,,,
,,,,,,,,,,
,,,,,,,,,,-3049.0
,,,,,,,,,,
,6.0,,,,,,,,,3000.0
,,,,,,,,,,
,,,,,,,,,,
,,,,,,,,,,
,,,,,,,,,,
,,,,,,,,,,
,,,,,,,,,,
,,,,,,,,,,
,,,,,,,,,,
,,,,,,,,,,
,,,,,,,,,,
,,,,,,,,,,
,,,,,,,,,,8450.0
,,,,,,,,,,
,,,,,,,,,,
,,,,,,,,,,
,,,,40642.0,,,,,,-23427.0
,,,,32109.0,,,,,,
,,,,,,,,,,
,,,,,,,,,,
,,,,,,,,,,
,,,,,,,,,,
,,,,35183.0,,,,,,
,,,,,,,,,,6984.0
,,,,,,,,,,3258.0
,,,,20000.0,,,,,,
,,,,20063.0,,,,,,4164.0
,,,,,,,96028.0,,,
,,,,,,,,,,
,,,,,,,,,,
,,,,,,,,,,
,1.0,,,,,,,,,
,,,,,,,,,,
,,,,,,,,,,
,,,,,,,,,,
,,,,,,,,,,
1250000.0,,,,,,,,53799.0,,
,,,,,,,,,,
,1.0,,,,,,,,,
,,,,23160.0,,,,,,17702.0
,,,,,,,,,,
,,,,,,,,,,
,,,,137214.0,,,,,,127764.0
,,,,,,,,,,
,,,,,,,,,,
,,,,,,,,,,4000.0
,,,,,,,,,,
,,,,,,,,,,
1735000.0,,,,,4010.0,,,,2140.0,
,,,,,,,96028.0,,,
,,,,,,,,,1540.0,4900.0
,,,,,,,,,,
,,,,,,,,,,
,,,,,,,,,,
1695000.0,,,,,,,,,,
,,,,,,,,,,
,,,,,,,,,,
,,,,,,,,,,
,,,,,,,,,,
,,,,,,,,,,
,,,,,,,,,,
,,,,,,,,,,
,,,,,,,,,,-2200.0
,,,,,,,,,,
,,,,,,,,,,
,,,,,,,,,,2539.0
,,,,,,,,,,
,,,,,,,,,,
,,,,,,,,,,
,,,,,,,,,,
,,,,,,,,,,3960.0
,,,,,,,,,,
,,,,,,,,,,-2495.0
,,,,,,,,,,
,,,,,,,,,-1200.0,
,,,,,,,,,,
,,,,,,,,,,
,,,,,,,,,,
,,,,,,,,,,
,,,,,,,,,,
1680000.0,,,4860.0,23723.0,3820.0,,,53799.0,,9863.0
,,,,,,,,,,
,,,,,,,,,,
,,,,48787.0,,,,,,-106286.0
,,,,,,,,,,
,,,,,,,,,,
,,,,,,,,,,
,,,,,,,,,-1040.0,
,,,,,,,,,,
,,,,,,,,,,
,,,,,4010.0,,,,,
,,,,,,,,,,
,,,,,,,,,,7320.0
,,,,,,,,,,
,,,,,,,,,,
,,,,,,,,,,
,,,,,,,,,,
,,,,,,,,,,
,,,,,,,,,,3554.0
,,3.75,,219106.0,3830.0,,,,1390.0,
,,,,,,,,,,
,,,,,,,,,,
,,,,,,,,,,2425.0
,,,,,,,,,,
,,,,,,,,,,
,,,,,,,,,,
,,,,,,,96028.0,,,
,,,,,,,,,,
,,,,,,,,,,
,,,,,,,,,,
,,,,,,,,,,
,,,,,,,,,,
,,,,,,,,53799.0,,-2818.0
,,,,,,,,,,
,,,,,,,,,,
,,,,,,,,,,
,,,,,,,,,,
,,,,,,,,,,
,,,,,,,,,,
,,,,,,,,,,
,,,,,,,,,,
,,,,39768.0,,,,,,-5098.0
,,,,,,,,,,
,,,,,,,,,1370.0,
,,,,,,,,,,
1702500.0,,4.5,5190.0,23716.0,,1800.0,,53799.0,,
,,,,,,,,,,
,,,,,,,,,,
,,,,,,,,,,
,,,,,,,,,,
,,,,,,,,,,
,,,,40471.0,,,,,,3648.0
,,,,,,,,,,
,,,,,,,,,,
,6.0,,,,,,,,,
,,,,,,,,,,
,,,,,,,,,,7200.0
,,,,46173.0,,,96028.0,,,-3049.0
,,,,,,,,,,
,,,,,,,,,,
,,,,,,,,,,
,,,,,,,,,,
,,,,,,,,,,
,1.0,,,,,,,,,-2914.0
,1.0,,,,,,,,,-2170.0
,,,,25661.0,,,,,,-17640.0
,,,,,,,,,,
,,,,,,,,,,
,,,,,,,,,,
,1.0,,,,,,,,,
,,,,,,,96028.0,,,
,,,,,,,,,,
,,,,,,,,,,
,,,,,,,,,,
,,,,,,,,,,2719.0
,,,,,,,,,,
,,,,,,,,,,
,,,,21320.0,,,,,,3495.0
,,,,118666.0,,,,,,-12450.0
,,,,,,,,,,
,,,,,,,,,,
,6.0,,,,,,,,,
,,,4560.0,41636.0,4170.0,,,,1570.0,30255.0
,,,,,,,,,,
,,,,,,,,,1290.0,
,,,,,,,,,,
,,,,,,,,,,
,,,,,,,,,,
,,,,,,,,,,
,,,,,,,,,,
,,,,,,,,,,
,,,,,,,,,,6180.0
,,,,,,,,,,
,,,,,,,,,,
,,,,,,1690.0,,,1940.0,4667.0
,,,,,,,,,,
,,,,,,,,,,5160.0
,,,,,,,,,,
3300000.0,,,,41300.0,,1760.0,,,,10899.0
,,4.5,4820.0,,3950.0,,,,,
,,,,217800.0,,,,,,10019.0
1385000.0,,,,,,,,52787.0,,
,,,,,,,,,,
,,,,,,,,,,
,,,,,,,,,,
1855000.0,,,5570.0,,3860.0,1710.0,,,2400.0,
,,,,,,,,,,
2367000.0,,,,,,1690.0,,53799.0,,
1211000.0,,,,35120.0,,,,,,
,,,,,,,,,,
,,,,,,,,,,
,,,,159865.0,,,,,,144296.0
,,,,,,,,,,
,,,,,,,,,,
,,,,,,,,,,
,,,,49222.0,,,,,,-6099.0
,,,,,,,,,,
,,,,,,,,,,
,,,,,,,,,,
,,,,,,,,,,
,,,,,,,,,,
,,,,,,,,,,-3736.0
,,,,,,,,53799.0,,
,,,,,,,,,,3625.0
,,,,,,,,,,
2475000.0,,,4340.0,,,,,,2660.0,
,,,,435600.0,,,,,,212573.0
,,,,26051.0,,,,,-1130.0,13796.0
,,,,,,,,,,
,,,,,,,,,,
,,,,,,,,,,
,,,,,,,,,,
,,,,,,,,,,
,,,,,,,,,,
,,,,,,,,,,
,,,,,,,,,,
,,,,,,,,,,2390.0
,,,,,,,,,,
,,,,,,,,,,-2167.0
,,,,32336.0,,,,,,12371.0
,,,,53578.0,,,,,,3920.0
,,,,,,,,52787.0,,3079.0
,,,,,,,,,,2550.0
,,,,,,,,,,
,,,,,,,96028.0,,,
,,,,,,,,,,2575.0
,,,,,,,,,,
,,,,,,,,,,
,,,,,,,,,,
,,,,,,,96028.0,,,
,,,,,,,,,,
,,,,,,,,,,
,,,,,,,,,,-3935.0
,,,,,,,,,,3102.0
,,,,,,,,,,
1387800.0,,,,,,,,,,
,,,,31200.0,,,,,-1130.0,
,,,,,,,,,,
,,,,,,,,,,
,6.0,,,,,,,,,
,,,,46355.0,,,,,,-138339.0
,,,,,,,,,,
,,,,,,,,,,
,,,,,,,,,,
,,,,,,,,,,
1355000.0,,3.75,4960.0,,3760.0,,,,,-4126.0
,,,,,,,,,,
,,,,,,,,,,-5102.0
,,,,,,,,,,
,,,,,,,,,,-2148.0
,,,,,,,,,,
,,,,,,,,,,4325.0
,,,,,,,,,,
,,,,,,1500.0,,,,
,1.0,,,54846.0,,,,,-1198.0,23084.0
,,,,,,,,,,
,,,,,,,,,,
,,,,,,,,,,
,,,,,,,,,,
,,,,,,,,,,
,,,,,,,,,,
,,,,,,,,,,
,,,,,,,,,,
,,,,,,,,,,
,,,,50155.0,,,,,,-7702.0
,,,,,,,,,,
1862000.0,,5.25,5240.0,320917.0,5240.0,,,,3310.0,252093.0
,,,,68377.0,4083.0,,,,1653.0,26995.0
,,,,,,,,,,
,,,,,,,,,,
,,,,,,,96028.0,,,
,,,,,,,,,,5046.0
,,,,112384.0,,,,,,87509.0
,,,,,,,,,,
,,,,,,,,,,
,,,,,,,,,,6345.0
,,,,,,,,,,
,,,,,,,,,,7863.0
,,,,,,,,,,
,,,,,,,,52787.0,,
,,,,,,,,,,
3300000.0,,6.25,8020.0,21738.0,8020.0,,,,3860.0,2769.0
,,,,,,,,,,
1230000.0,,4.0,4390.0,,,1460.0,,,2830.0,
,,,,128937.0,,,,,1350.0,13939.0
,,,,,,,,,,
,6.0,,,,,,,,,7803.0
,1.0,,,,,,,,-1020.0,
,,,,,,,,,,
,,,,,,,,,,
,,,,,,,,,,
,,,,,,,,,,
,,,,,,,,,,
,,,,,,,,,,
,,,,,,,,,,-2177.0
,,,,,,,,,,
,,,,,,,,,,
,,,,213444.0,,,,,,
,,,,,,,,,,
,,,,,,,,,,
,,,,35500.0,,,,,,-30522.0
,,,,,,,,,,
,,,,,,,,,,
,,,,,,,,,,3879.0
,,,,,,,,,,
,,,,,,,,,,
1265000.0,,,,,,,,,,
2920000.0,,4.75,4575.0,24085.0,3905.0,,,52787.0,,14398.0
,,,,,,,,,,-7096.0
,,,,,,,,,,
,,,,,,,,,,
,,,,,,,,,-2090.0,
,,,,176418.0,,,,,,64034.0
,,,,,,,,,,4685.0
,,,,,,,,,,
,,,,,,,,,,
,,,,,,,,,1140.0,
,,,,,,,,,,-2500.0
,,,,,,,,,,
,,,,,,,,,,
,,,,,,,,,1130.0,
,,,,,,,,,,
,,,,,,,,,,
,,,,,,,,,,
,,,,,,,,,,4009.0
,,,,,,,,,,
,,,,,,,,,,
,,,,,,,,,,-9750.0
,,,,,,,,,,
,,,,,,,,53799.0,,
,,,,,,,,,,
,,,,,,,,,,
,,,,,,,,,,
,,,,,,,,,,
,,,,,,,,,,
,,,,,,,,,,
,,,,,,,,,,-2093.0
,,,,,,,,,,4792.0
,,,,,,,,,,
,,,,43560.0,,,,,,13939.0
,,,,,,,,,,
,,,,,,,,,,
,,,,,,,,,,
,,,,,,,,,,
,,,,38350.0,,,,,,
,,,5470.0,35071.0,4590.0,,,,1870.0,
1140000.0,,,,,,,,,,
,,,,,,,,,-1079.0,
,,,,,,,,,,
,,,,,,,,,,
,,,,,,,,,,2803.0
,,,,,,,,,,
,,,,,,,,,,
,,,,,,,,,,
,,,,,,,,52787.0,,
,,,,,,,,,,
,,,,,,,,,,
,,,,,,,,,,
,0.0,,,213444.0,,,,,-1536.0,-10897.0
,,,,,,,,,,
,,,,,,,,,,
1500000.0,,,,,,1520.0,,,,-2432.0
,,,,,,,,,,
,,,,37982.0,,,,,1550.0,19963.0
,,,,,,,,,,2728.0
,,,,250905.0,,,,,,33105.0
,,,,,,,,52787.0,-1610.0,
,,,,,,,,,,
,,,,,,,,,,
,,,,,,,,,,10162.0
,,,,,,,,,,
,,,,,,,96028.0,,,
1230000.0,,,,,,,,,,
,,,,,,,,,,
,,,,,,,96028.0,,,
,,,,,,,,,,
,,,,,,,,,,
,,,,,,,,,,-4838.0
,,,,,,,,,,
,,,,,,,,53799.0,,
,,,,,,,,,,
,,,,,3810.0,,,,1860.0,
,,,,,,,,,,
,,,,257875.0,,,,,,193842.0
,,,,,,,,,,
,,,,,,,,,,
,,,,,,,,,,
,,,,,,,,,,
2630000.0,6.0,4.75,5540.0,,3950.0,1590.0,,,2610.0,
,,,,,,,,,,
,,,,,,,,,,
1250000.0,,,,24166.0,,,,53799.0,,5380.0
,,,,,,,,,,
,,5.0,5820.0,,3750.0,2070.0,,,2840.0,
,,,,,,,,53799.0,,-2180.0
,,,,,,,,,,
,,,,,,,,,,
,,,,,,,,,,-2379.0
,,,,,,,,,,3602.0
,,,,,,,,,,
,,,,,,,,,,
,,,,,,,,,,-2940.0
,,,,,,,,,,
,,,,,,,,,,
,,,,,,,,,,
,,,,,,,,52787.0,,
1415000.0,,5.25,4670.0,43950.0,4670.0,,,,,8950.0
,,,,,,,,,,
,,,,,,,,,,
,,,,,,,,,,
,,,,,,,,,,
1728000.0,,,,20570.0,,1850.0,,,,2975.0
,,,,,,,,,,
,,,,,,,,,,
,,,,,,,,,,
,,,,,,,,,,
,,,,,,,,,,
,,,,,,,,,,
,,,,,,,,,,
,,,,,,,,,,
,,,,,,,,,,
,,,,,,,,,,
,9.0,,,,,,,,,
,,,,,,,,,,
,,,,,,,,,,
,,,,,,,,,,
,,,,,,,,,,
,,,,,,,,,,
,,,,,,,,,,
,,,,,,,,,,
,,,,42775.0,,,,,,5955.0
,,,,,,,,,,
,,,,,,,,,,
,,,,49658.0,,,,,,
2700000.0,,,4420.0,,,,,,1660.0,
,,,,,,,,,,
,,,,,,,,,,
,,,,,,,,,,
,,,,,,,,,,
,7.0,4.5,4290.0,37607.0,4290.0,,,,1480.0,-2903.0
,,,,,,,,,,
,,,,,,,,,,
,,,,,,,,,,
,,,,,,,,,,-4400.0
,,,,,,,,,,
,,,,,,,,,,
,,,,,,,,,,
,,,,,,,,,-1160.0,
,,,,,,,,,,
,,,,,,,,,,
,,,,,,,,,,
,,,,,,,,,,3010.0
,,,,,,,,,,
,,,,,,,,,,
,,,,,,,,53799.0,,-3236.0
,,,,,,,,,,-2889.0
3300000.0,8.0,4.0,7710.0,,6090.0,1620.0,,52787.0,3500.0,3425.0
,,,,,,,,,,
,,,,53628.0,,,,,,
,,,,,,,,,,
,,,,49658.0,,,,,,38658.0
3650000.0,,3.75,5020.0,,3970.0,,,,,-2581.0
,,,,,,,,,,
,,,,,,,,,,
,,,,,,,,52787.0,,
,1.0,,,,,,,,,-2500.0
,,,,,,,,,,
,,,,,,,,,,
,,,,,,,,,,
,,,,,,,,,,
,,,,,,,,,,
,,,,,,,,,,
,,,,,,,,,,-2841.0
,,,,,,,,,,
,,,,,,,,,,
,,,,,,,,,,2757.0
,,,,,,,,,,
,,,,,,,,,,
,,,,,,,,53799.0,,-3000.0
,,,,,,,,,,
,,,,,,,,,,
,,,,,,,,,,
,,,,,,1525.0,,,1605.0,
,,,,,,,,,,
,,,,,,,,,,-2175.0
,,,,,,,,,,2722.0
,,,,,,,,,,
,,,,,,,,,,
,,,,,,,,,,
,,,,,,,,,,
1650000.0,,,,,,,,,,3709.0
1137500.0,,,,,,,,,,
,,,,,,,,,,
,,,,,,,,,,
,,,,,,,,,,
,,,,,,,,,,
,,,,,,,,,,
,,,,,,,,,,
1450000.0,,,,,,1880.0,,,1610.0,
,,,,21050.0,,,,,,-2350.0
,,,,,,,,,,
,,,,,,,,,,
,,,,,,,,,,
,,,,,,,96028.0,,,
,,,,37800.0,,,96028.0,,,
,,,,,,,,,,
,,,,,,,,,,
,,,,,,,,,,
,,,,,,,,,,
,,,,,,,96028.0,,,
,,,,,,,,,,
,,,,,,,,,,
,,,,,,,,,,
,,,,,,,,,,
,,,,,,,,52787.0,2330.0,
,,,,,,,,,,
,,,,26862.0,,,,,,2399.0
,,,,,,,,,,
,,,,,,,,,1520.0,
,,,,54450.0,,,96028.0,,,24532.0
,,,,,,,,,,
,,,,,,,,,,3411.0
,,,,,,,,,,
,,,,,,,,,,
,,,,,,,,,,
,,,,,,,,,,-2808.0
,,,,,,,,,,
,,,,,,,,,,
,,,,,,,,,,
,,,,,,,,,,2942.0
,,,,,,,,,,
,,,,,,,,,,
,,,,21980.0,,,,,,5880.0
,,,,,,,,,,
,,4.0,4280.0,,,1570.0,,,1200.0,
2950000.0,,,,25470.0,,,,,,6189.0
,,,,50233.0,,,,,,-12057.0
,,,,,,,,,,3820.0
,,,,,,,,,,
,,,,,,,,,,
,,,,,,,,,,
,,,,,,,,,,
,,,,,,,,,,
,,,,,,,,,,
,,,,,,,,,,
,,,,,,,,,,
,,,,,,,,,,
,,,,,,,,,1110.0,-3145.0
,,,,,,,,,,
,,,,,,,,,,
,,,,,,,,,,
,,,,,,,,,,
,,,,,,,,,,
,,,,,,,,,,
,,,,,,,,,,
,,,,,,,,,,
,,,,,,,,,,
,,,,,,,,,,
,,,,,,,,,,
,,,,,,,,,,
,,,,,,,,,,3075.0
,,,,,,,,,,
,,,,,,,,,,
,,,,,,,,,,
,,,,,,,,,,
,,,,,,,,,,
,,,,,,,,,,
,,,,,,,,,-1100.0,
,,,,,,,,,,
,,,,,,,,,,
,,,,,,,,,,
,,,,,,,,,,
,,,,,,,,,,
1135250.0,,4.0,7320.0,217800.0,7320.0,,,,4050.0,183300.0
,,,,,,,,,,
,,,,,,,,,,
,1.0,,,,,,,,,-2196.0
,,,,,,,,,,
,,,,,,,,,,
,,,,,,,,,,
,,,,,,,,,,
,,,,,,,,,,
,,,,,,,,,1310.0,
,,,,,,,,,,
,,,,,,,,,,
1315000.0,,,,,,,,,,
1156000.0,,,4270.0,,4270.0,,,,,
,,,,,,,,,,
,,,,,,,96028.0,,,
,,,,,,,,,,
,,,,,,,,,,
,,,,,,,,,,
,,,,,,,,,,
,,,,,,,,,,
,,,,,,,,,,
,,,,,,,,,,2550.0
,,,,,,,,,,
,,,,,,,,,,
,,,,,,,,,,
,,,,,,,,,,-2524.0
,,,,,,,,,,
,,,,,,,,,,
,,,,,,,,,,
,,,,,,,,,,
,,,,,,,,,,
,,,,,,1840.0,,,,
,,,,,,,,,,-2305.0
1600000.0,,,,,,,,52787.0,1430.0,-2450.0
,,,,,,,,,,
,,,,,,,96028.0,,,
1325000.0,,,,,,,,52787.0,,
,,,,,,,,,,
,,,,77972.0,,,,,,
,,,,,,,,,,
,,,,,,,,,,
,,,,,,,,,,2788.0
,,,,,,,,,,
,,,,,,,,,,
,,,,,,,,,,
,,,,,,,,,,
,,,,,,,,,1280.0,
,,,,,,,,,,
,,,,,,,,,,
,,,,,,,,,,
,1.0,,,,,,,,,3867.0
,,,,,,,,,,
,,,,37011.0,,,,,,
,,,,,,,,,,
,,,,,,,,,,
,,,,,,,,,,
,,,,45535.0,,,,,,32646.0
,,,,,,,,,,
,,,,,,,,,,
,,,,,,,,,,
1388000.0,,,,,,,,,,
,6.0,,,,,,,,,
,,,,,,,,,,
,,,,,,,,,,
,,,,,,,,,,
,,,,,,,,,,
,,,,,,,,,1200.0,
,,,,22144.0,,,,,,8644.0
,,,,,,,,,,
,,,,,,,,,,
,,,,37026.0,,,,,,-14810.0
,,,,,,,,,,
,,,,,,,,,,
,,,,,,,,,,
,,,,,,,,,,
,,,,,,,,,,
,,,,,,,,,,
,,,,,,,,,,7433.0
,,,,87117.0,,,,,,
,,,,,,,,,,
1150000.0,,,,,,,,,,
,,,,,,,,,,-8513.0
,,,,,,,,,,
,,,,,,,,,,
,,,,,,,,,,
,,,,,,,,,,-2403.0
,,,,,,,,,,
,,,,,,,,,,
,,,,,,,,,,
,,,,,,,,,,
,,,,44431.0,,,,,,
,,,,,,,,,,
,,,,109336.0,,,,,,-24393.0
,,,,,,,,,,
,,,,,,,,,,
,,,,,,,,,,
,,,,,,,,,,
,,,,,,,,,,
,,,,32137.0,,,,,,2987.0
,,,,48351.0,,,,,,13934.0
,,,,,,,,,,
,,,,,,,,,,
,,,,30409.0,,,,,,16909.0
,,,,29597.0,,,,,,8856.0
,,,,,,,,,,
,,,,,,,,,,
,,,,,,,,,1160.0,
,,,,,,,,,,
,6.0,,,,,,,,,
,6.0,,,,,,,,,
,,,,,,,,,,
,,,,,,,,,,
,,,,,,,,,,
,,,,54400.0,,,96028.0,,,10840.0
,,,,,,,,,1530.0,3720.0
,,,,,,,,,,
,,,,,,,,,,
,,,,,,,,,,3109.0
,,,,,,,,,,
,,,,,,,,,,
1160000.0,,,,,,,,,,
1165000.0,,,,,,,,,,
,,,,,,,,,,
,,,,,,,,,,
,,,,,,,,,,
,,,,,,,,,,
,,,,212137.0,,,,,1930.0,142877.0
1225000.0,,,,49456.0,,,,,,17275.0
,,,,,,,,,,
,,,,,,,,,,
,,,,,,,,,,
,,4.5,,21217.0,,,,,2250.0,9177.0
,,,,,,,,,,
,,,,,,,,,,
,,,,,,,,,,
,,,,,,,,,,
,,3.75,,,4040.0,,,,,
,,,,,,,,,,2340.0
,,,,22814.0,,,,,,13664.0
,,,,,,,,,,
,,,,,,,,,,
,,,,,,,,,,
,,,,,,,,,,
,,,,,,,,,,
,,,,,,,,,,-2869.0
,,,,,,,,,,
,,,,,,,,,,
,,,,,,,,,,
,,,,,,,,,,
,,,,,,,,,,
,,,,,,,,,,
,,,,,,,,,,4786.0
,,,,,,,,,,2685.0
,,,,,,,,,,
,,,,,,,,,,
,,,,,,,,,,
,,,,,,,,,,
,,,,,,,,,,
,,,,,,,,,,
,,,,,,,,,,
,,,,,,,,52787.0,,
,,,,19168.0,,,,,,3148.0
,,,,,,,,,,
,,,,,,,,,1270.0,
,,,,,,,96028.0,,,
,,,,214315.0,,,96028.0,,,144184.0
,,,,,,,,,,
,,,,,,,,,,
,,,,,,,,,,
,,,,,,,,,,
,,,,,,,,,,
,,,,,,,,,,
,,,,,,,,,,
2147500.0,,,4660.0,,,1620.0,,,1680.0,
,,,,,,,,,,
,,,,,,,,,,-2342.0
,,,,,,,,,,
,,,,,,,,,,
,,,,,,,,,,
,,,,,,,,,,
,,,,,,1450.0,,,1120.0,
,,,,,,1800.0,,53799.0,,
,,,,,,,,,,
,,,,,,,,,-1290.0,
,,,,,,,,,,
,1.0,,,,,,,,,
,,,,,,,96028.0,,,
1268890.0,,,4410.0,35192.0,3880.0,,,,,-24485.0
,,,,,,,,,-1140.0,-2605.0
,,,,,,,,,,
,,,,37042.0,,,,,,4354.0
,,,,,,,,,,
,,,,,,,,,,
,,,,,,,,,,
,,,,58341.0,,,,,,43437.0
,,,,,,,,,,
1700000.0,,,,,,,,,,3921.0
,,,,,,,,,,
2680000.0,,,4290.0,20445.0,4290.0,,132665.0,81926.0,,
,,,,52302.0,,,,,,13702.0
,,,,,,,,,,
,,,,,,,,,,
,,,,19177.0,,,,,,7451.0
,,,,,,,,,,
,,,,,,,,,,
,,,,,,,,,,3089.0
,,,,,,,,,,
,,,,235063.0,,,,,1650.0,190776.0
,,,,24318.0,,,,,,9623.0
,,,,,,,,,,
,,,,,,,,,,2646.0
,,,,40962.0,3900.0,,96028.0,,2170.0,29187.0
,,,,76230.0,,,,,1170.0,30441.0
,,,,,,,,,,
,,,,,,,,,,
,,,,,,,,,,
,,,,,,,,,,
,,,,,,1470.0,,,,
,,,,,,,,,,
,,,,,,,,,,
,,,,,,,,,,
,,,,,,,,,,
,,,,,,,,,,8711.0
,,,,,,,,,,
,,,,,,,,,,
,,,,,,,,,,
,,,,,,,96028.0,,,-4329.0
,,,,,,,,,-1300.0,
,7.0,,,,,,,,,
,,,,21196.0,,,,,,
,,,,,,,,,,
,,,,147856.0,4040.0,,,,,22404.0
,,,,55756.0,,,,,,45738.0
1675000.0,,,,,,,,,,-4761.0
,,,,,,,,,,
,,,,,,,,,,
,,,,21781.0,,,96028.0,,,
,,,,54014.0,,,,,-1160.0,3324.0
,,,,,,,,,,
,,,,,,,,,,
,,,,,,,,,,
,,,,,,,,,,
,,,,,,,,,,
,,,,,,,,,,
,,,,,,,,,,
,,,,,,,,,,
,,,,,,,,,,
,,,,435600.0,,,,,,217800.0
,,,,,,,,,,
,,,,,,,,,,
,,,,,,,,,,
,,,,,,,,,,
,,,,,,,,,,
,,,,,,,,,,
,,,,,,,,,,
,,,,,,,,,,
,,,,,,,,,,
,,,,,,,,,,
,,,,35912.0,,,,,,
,,,,,,,,,,
,,,,,,,,,,
,,,,,,,,,,
,,,,,,,,,,
,1.0,,,22000.0,,,,,,10239.0
,,,,,,,,,,
,,,,50951.0,,,,,,11611.0
1389000.0,,,,,,,,,1300.0,
,,,,,,,,,,2400.0
,,,,,,,,,,
,,,,,,,,,,
,,,,,,,,,,2820.0
1298890.0,,,,,,,,53799.0,,
,,,,,,,,,,
,6.0,,,,,,,,,4165.0
,,,,43560.0,,,,,,-13068.0
,,,,,,,,,,-2876.0
,,,,22652.0,,,,,,-81020.0
,,,,,,,,,,
,,,,,,,,,,
,,,,,,,,,,
1945000.0,,4.0,4690.0,,,,,,1890.0,-4340.0
1500000.0,,,,21374.0,,,,,,5207.0
,,,,,,,,,,
,,,,,,,,,,2580.0
,,,,,,,,,,
,,,,,,,,,,
,,,,,,,,,,
2180000.0,6.0,,4710.0,,,,,,1760.0,5700.0
,,,,,,,,,,
,,,,97138.0,,,,,,42688.0
,,,,,,,,,,
,,,,,,,,,,
,,,,,,,,,,
,,,,,,,,,,
,,,,184140.0,,,,,,148421.0
,,,,,,,,,,
,,,,,,,96028.0,,,
1410000.0,,,,,,,132665.0,81926.0,,
,,,,,,,,,,
,,,,46173.0,,,96028.0,,,
,,,,,,,,,,
,,,,,,,,,,
,,,,,,,,,-1050.0,
,,,,,,,,,,
,,,,53941.0,,,96028.0,,,-50167.0
,,,,,,,,,,
,,,,,,,,,,
,,,,,,,,,,
,1.0,,,,,,,,,
,,,,,,,,,,5555.0
,,,,,,,,,,
,,,,,,,,,,
,,,,,,,,,,
,,,,,,,,,,
,,,,,,,,,,-2595.0
,,,,,,,,,,
,,,,66211.0,,,,,,-40942.0
1920000.0,,,,34412.0,,,132665.0,81926.0,,6472.0
,,,,,,,,,,
1400000.0,,,,19530.0,,1440.0,,,,
,,,,,,,,,,
,,,,,,,,,,
,,,,,,,,,,
,,,,,,,,,,
,,,,,,,,,,
,,,,,,,,,,
,,,,,,,,,,
,,,,,,,,,,
1190000.0,,,,,,,,,,
,,,,,,,,,,
,,,,111949.0,,,96028.0,,,
,,,,,,,,,,-2806.0
,,,,,,,,,,
,,,,,,,,,,3991.0
,,,,35150.0,,1600.0,,,,-6091.0
,,,,,,,,,,-2559.0
,,,,,,,,,,
,,,,39413.0,,,,,,
,,,,,,,,,,
,,,,,,,,,,
,,,,40813.0,,,,,,
,,,,,,,,,,
,,,,,,,,,,
,,,,,,,,,,
,,,,,,,,,,
,,,,,,,,,,
,,,,,,,,,,
,,,,,,,,,,
,,,,,,,,,,
,,,,,,,,,,
,,,,,,,,,,
,,,,,,,,,,
,,,,,,,,,,
,,,,,,,,,,
,,,,,,,,,,
,,,,,,,,,,
,,,,,,,,,,
,,,,,,,,,,
,,,,,,,,,,
,,,,,,,,,,
,,,,,,,,,,
,,,,,,,,,,
1150000.0,,,,30122.0,,,,,,23396.0
,,,,,,,,,,
,1.0,,,,,,,,,
,,,,,,,,,,5875.0
,,,,35440.0,,,,,,
,,,,,,,,,,
,,,,,,,,,,
,6.0,3.75,,,,,,,1200.0,2892.0
,,,,,,,,,,
,,,,27345.0,,,,,,15422.0
,,,,,,,,,,
1161000.0,,,,26742.0,,1480.0,,,,17282.0
,,,,,,,96028.0,,,
,,,,,,,,,,
,,,,,,,,,,
,,,,,,,,,,
,,,,,,,,,,
,,,,,,,,53799.0,,
1240000.0,7.0,5.5,6630.0,,4930.0,1700.0,,,2160.0,5143.0
,,,,,,,,,,
,,,,,,,,,,
,,,,,,,,,,
,,,,,,,,,,
,,,,,3820.0,,,,,8151.0
,,,,,,,,,,
,,,,,,,,,,
,,,,,,,,,,
,,,,,,,,,1500.0,
,,,,,,,,,,
,,,,,,,,,,
,,,,,,,,,,
,,,,,,,,,,
,,,,,,,,,,
,,,,,,,,,,
1411600.0,,,,,,,,,,
1505000.0,,,,,,,,,,
,,,,,,,,,,
,,,,,,,,,,
,,,,,,,,,,
,,,,36900.0,,,,,,24466.0
,,,,,,,,,,
,,,,,,,,,,-30356.0
,,,,100188.0,,,,,,-4791.0
,,,,,,,,,,-4819.0
,,,,,,,,52787.0,,
,,,,26329.0,,,,,-1200.0,
,,,,,,,,,,
,,,,,,,,,,
,,,,,,,,,,
,,,,,,,,,,
,,,,234352.0,,,,,2100.0,194713.0
,,,,,,,,,,
,,,,,,,,,,
,6.0,,,,,1790.0,,,1480.0,
,,,,,,,,,,
,,,,,,,,,,
,,,,,,,,,,
,,,,,,,,,,
,,,,,,,,,,
,,,,,,,,,,
3800000.0,,4.25,5510.0,35000.0,4910.0,,,,2080.0,-10302.0
,,,,,,,,,,
,,,,,,,,,,
,,,,,,,,,,
,,,,,,,,,,5720.0
,,,,26500.0,,,,,,13749.0
,,,,,,,,,,
,,,,,,,,,1450.0,4000.0
,,,,,,,,,,
,,,,,,,,,,
,,,,,,,,53799.0,-1130.0,6049.0
,,,,,,,,,,
,,,,,,,,,1780.0,
,,,,,,,,,,
,,,,,,,,,,
,,,,22100.0,,,,,,-3400.0
,,,,,,,,,,
,,,,,,,,,,
,,,,,,,,,,
,,,,,,,,,,
,,,,,,,,,,
,,,,,,,,,,
,,,,,,,,53799.0,,
,,,,,,,,,,
,,,,,,,,,,6342.0
,,,,,,,,,,
,,,,40284.0,,,,,,-52498.0
,,,,,,,,,,
,,,,,,,,,,6885.0
,,,,,,,,,,
,,,,,,,,,,4233.0
,,,,,,,,,,
,,,,,,,,,,
,,,,,,,,,,
,,,,,,,,,,
,,,,,,,,,,
,,,,,,1670.0,,,,
,,,,,,,,,,-3610.0
1225000.0,,,,,,,,53799.0,,-3794.0
,,,,,,,,,,
,,,,,,,,,,
,,,,,,,,,,
,,,,,,,,,,
,,,,,,,,,,2604.0
,,,,,,,,,,2727.0
,,,,,,,,,,-2250.0
,,,,,,,,,1540.0,
,,,,192099.0,,,,,,148538.0
,6.0,,,,,,,,,3674.0
,,,,,,,,,,
,,,,,,,,,,
1415000.0,,,,,,,,,,
,,,,,,,,,,
,,,,,,,,,,
,,,,,,,,,,
,,,,144183.0,,,,,,102973.0
,,,,,,,,,,
,,,,,,,96028.0,,,
,,,,,,,,,,
,,,,,,,,,,
,,,,,,,,,,
,,,,,,,,,,
,,,,,,,,,,
,,,,,,,,,,
,,,,,,,,,,
,,,,,,,,,,
,,,,,,,96028.0,,,
,,,,24237.0,,,,,,16221.0
,,,,,,,,,,
,,,,,,,,,,
,,,,,,,,,,
,,,,23623.0,3780.0,,,,,13413.0
,,,,,,,,,,-23500.0
,,,,,,,,,-1110.0,
,,4.0,4720.0,493534.0,3960.0,,,,2560.0,273992.0
,,,,,,,,,,-10744.0
,,,,27227.0,,,,,,-2965.0
,,,,,,,,,,
,,,,,,,,,,
,,,,,,,,,,
,,,,,,,,,,
,,,,,,,,,,
,,,,,,,,,,
,,,,,,,,,,
,,,,115434.0,,,,,,3921.0
,,,,35025.0,,,96028.0,,,
,,,,,,,,,-1140.0,
,,,,28593.0,,,,,,-6531.0
,,,,,,,,,,
,,,,,,,,,,3335.0
,,,,,,,,,,
,,4.25,,,,,,,1450.0,2780.0
,6.0,3.75,,,,,,,,
,,,,,,,,,,
,,,,,,,,,,
,,,,,,,,,,
,,,,167270.0,,,,,,111949.0
,,,,,,,,,,
,,,,,,,,,,
,,,,,,,,,,
,,,,,,,,,,
,,,,,,,,,,
,,,,,,,,,,
,,,,,,,,,,
,,,,,,,,,,7731.0
,,,,,,,,,,
,,,,,,,,,,3928.0
,,,,,,,,,,
,,,,,,,,,,
,,,,,,,,,,
,,,,,,,,,,
,,,,,,,,,,
,,,,,,,,,,
,,,,,,,,,-1640.0,
,,,,,,,,,,
,,,,,,1570.0,,,,
,,,,,,,,,,-2154.0
,,,,,,,,,,
,,,,,,,,,,
,,,,,,,,,,
,,,,,,,,,,
,,,,,,,,,,
,,,,19745.0,,,,,1620.0,11134.0
,,,,,,,,,,
,,,,,,,,,,
,,,,,,1580.0,,,1110.0,
,,,,,,,,,,
,,,,,,,,,,-9769.0
,,,,,,,,,,
,,,,,,,,,,
,,,,,,,,,,
3635000.0,,6.0,5490.0,19897.0,5490.0,,132665.0,81926.0,2580.0,
,,,,,,,,,,6844.0
,,,,,,,,,,
,,,,,,,,,,6046.0
,,,,,,,,,,
,,,,,,,,,,-3973.0
,,,,,,,,,,
,,,,,,,,,,
,,,4370.0,422967.0,,1790.0,,,1110.0,
,1.0,,,,,,,,,
,,,,,,,,,,
,,,,,,,,,,
,,,,,,,,,,
,,,,,,,,,,
,,,,,,,,,,
,,,,,,,,,,
,,,,,,,,,,5400.0
,,,,,,,,,,
,,,,29252.0,,,,,,-15748.0
,,,,,,,,,,6000.0
,,,,,,,,,,
,,,,,,,,,,
,,,,,,,,,,
,,,,,,,,,,2490.0
,,,,50965.0,,,96028.0,,,10858.0
,,,,,,,,,,
,,,,,,,,,,
,,,,,,,,,,
,,,,,,,,,,
,,,,,,,,,,
,,,,54450.0,,,,,,-6098.0
,,,,,,,,,,
,,,,,,,,,,3030.0
,,,,216057.0,,,,,,
,,,,,,,,,,
,,,,,,,,,,
,,,,,,,,,,
,,,,,,,,,,4676.0
,,,,,,,,,,
,,,,,,,,,,
,,,,,,,,,,
,,,,,,,,,,
,,,,,,,,,,
,,,,,,,,,,10800.0
,,,,45302.0,,,,,,-4356.0
,,,,,,,,,,
,,,,,,,,52787.0,,
,,,,,,,,,,
1185000.0,,,,40946.0,,,,,,
,,,,,,,,,,
,,,,,,,,52787.0,,
,,,,47044.0,,,,,,18040.0
,,,,19800.0,,,,,,10081.0
,,,,,,,,,,6988.0
,,,,,,,,,,
,,,,,,,,,,
,,,,,,,,,,
,,,,,,,,,,5519.0
,,,,,,,,,,-3295.0
,,,,,,,,,,-3905.0
,6.0,,,,,,,,,
,,,,,,,,,,-2846.0
,,,,,,,,,,-2846.0
,,,,,,,,,,
,,,,46173.0,,,,,,3949.0
,,,,,,,,52787.0,,
,,,,,,,,,,
2000000.0,,4.25,6490.0,,3940.0,2550.0,,53799.0,3200.0,-3218.0
,,,,,,,,,,
,,,,33224.0,,,,,,11155.0
,,,,,,,,,,
,,,,,,,,,,-2817.0
,,,,21344.0,,,,,1310.0,
,,,,,,,,,,
,,,,,,,,,,-2400.0
,,,,,,,,,,
,,,,,,,,,,
,1.0,,,,,,,,,
,,,4460.0,,4460.0,,,,,
,,,,,,,,,,
,,,,,,,,,,
,,,,,,,,,,
,,,,,,,,,,
1150000.0,,3.75,5300.0,37034.0,5300.0,,,,1570.0,
,,,,,,,,,,-3774.0
,,,,,,,,,,
,,,,213008.0,,,,,,155509.0
,,,,,,,,,,
2720000.0,,,,,3990.0,,132665.0,81926.0,,
,,,,,,,,,,
,,,,,,,,,,
,,,,,,,,,,
,,,,19250.0,,,,,,
,,,,,,,,,1370.0,
,,,,,,,,,,
,,,,,,,,,,
,,,,,,,,,,3840.0
,,,,,,,,,,
,,,,,,,,,,
,,,,,,,,,,
,,,,,,,,,,
,,,,,,,,,,
,,,,,,,,,,7410.0
,,,,,,,,,,
,,,,26127.0,,,,,,
,,,,103672.0,,1600.0,,,,87532.0
,10.0,,,,,,,,1110.0,
1225000.0,,,,,,,,,,
,,,,,,,,,,
,,,,,,,,,,
,,,,,,,,,,-3148.0
,,,,,,,,,,
,,,4260.0,,4260.0,,,,,
,,,,,,,,,,
,6.0,,4440.0,,,2220.0,,53799.0,1780.0,6656.0
,,,,,,,,,,2560.0
,,,,,,,,,,
,,,,,,,,,,
,,,,,,,,,,
,,,,,,,,,,
,,,,,,,,,,
,,,,,,,,,,
1550000.0,,,,,,,,,,
,,,,,,,,,,
1800000.0,,,,,,,,52787.0,,
,1.0,,,,,,,,,
,,,,90796.0,,,,,,35773.0
,,,,,,,,,,
1518630.0,,4.25,,,,,,,1940.0,
,,,,219542.0,,,,,,
,,,,,,,,,,
,,,,,,,,,,5287.0
,,,,,,,,,,
,,,,,,,,,,
,,,,,,,,,,
,,,,,,,,,,
,,,,,,,,,,
,,,,,,,,,,
,,,,,,,96028.0,,,4306.0
,,,,,,,,,,
,,,,,,,,,,
,,,,,,,,,,
,,,,,,,,,,
,,,,,,,,,,
,,,,,,,,,,
,,,,,,,,,,
,,,,,,,,,,
,,,,,,,,,,
,,,,,,,,52787.0,,
1430800.0,,,,,,,,,,
,,,,,,,,,,
,,,,,,,,,,
,,,,,,,,,,
,,,,,,,,,,
,8.0,,,,,,,,2460.0,7818.0
,,,,,,,,,,
,,,,,,,,,,
,,,,,,,,,,
,,,,,,,,,,
,,,,,,,,,,
,,,,,,,,,,
,,,,,,,,,,
,,,,,,,,,,2866.0
,,,,,,,,,,
,,,,,,,,,,
,,,,,,,,,,
,,,,98445.0,,,,,,64245.0
,,,,37430.0,,,,,,
,,,,,,,,,,
,,,,,,,,,,
,,,,,,,,,,
,,,,,,,,,,
,,,,,,,,,,
,,,,,,,,,,
,,,,,,,,,,
2160000.0,,,,,,,,,-1040.0,-2125.0
,,,,38830.0,3850.0,,,,,24780.0
,,,,22040.0,,,,,,14093.0
,,,,20000.0,,,,,,10003.0
,7.0,4.25,,,,,,,1660.0,
,,,,,,,,,,
,,,,,,,,,,2376.0
,,,,,,,,,,
,,,,30200.0,,,,,,20481.0
,,,,,,,,,,
,,,,,,,,,,-16335.0
1550000.0,,,4460.0,26027.0,4460.0,,,,,
,,,,,,,,,,
,,,,,,,,,,
,,,,,,,,,,
,,,,32647.0,,,96028.0,,,
,,,,,,,,,1170.0,
,,,,,,,,,,
,,,,,,,,,,
,,,,,,,,,,
,,,,,,,,,,3482.0
,,,,,,,,,,
,,,,,,,,,,
,,,,,,,,,,
,,,,,,,,,,
,,,,,,,,,,
,,,,,,,,,,
,,,,,,,,,,
1950000.0,,,,,4065.0,,132665.0,81926.0,,
,,,,22215.0,,,,,,15682.0
,,,,,,,,,,
,,,,,,,,,,
,,,,,,,,,,
,,,,,,,,,,2780.0
1400000.0,,,,32700.0,,1950.0,,,,10623.0
,,,,,,,,,,3854.0
,,,,,,,,,,
,,,,,,,,,,-5586.0
,,,,,,,,,,
,,,,,,,,,,-2996.0
,,,,52272.0,,,,,,11772.0
,,,,,,,,,,5782.0
,,,,38032.0,,,,,,
,,,,,,,,,,3169.0
,,,,,,,,,,
,,,,,,,,,,
,,,,,,,,,,
,,,,,,,,,,
,,,,,,,,,,
,,,,,,,,,,-3849.0
,,,,,,,,,,
,,,,,,,,,,
,,,,,,,,,,-2086.0
,,,,,,,,,,
,,,,,,,,,,
,,,,,,,,,,
,,,,,,,,,,
,,,,,,,,,,
,,,,,,1730.0,,,,-2118.0
,,,,,,,,,,
,,,,,,,,,1310.0,
,,,,,,,,,,
,,,,,,,,,,-3996.0
,,,,,,,,,,
,,,,292723.0,,,,,1640.0,223027.0
,,,,,,,,,,
,,,,,,1480.0,,,,3314.0
,,,,,,,96028.0,,1350.0,5757.0
,,,,,,,,,,
,,,,,,,,,,
,,,,,,,,,,
,,,,,,,,,,
,,,,,,,,,1270.0,
,,,,,,,,,,
,,,,,,,,,,
,,,,,,,,,,
,,,,,,,96028.0,,,
,,,,,,,,,,
,,,,,,,,,,
,,,,,,,,,,
,,4.5,,35889.0,,,,,,
,,,,,,,,,,
,,,,,,,,,,
,,,,,,,,,,-2500.0
,,,,26650.0,,,,,,16771.0
,,,,,,,,,,2914.0
,,,,,,,,,,
,,,,,,,,,,
,,,,,,,,,,2500.0
,,,,,,,,,,
,,,,,,,,,,
,,,,,,,96028.0,,,
,,,,,,,,,,
,,,,,,,,,,
,1.0,,,,,,,,,
,,,,,,,,,,
,,,,,,,96028.0,,,
,,,,,,,,,,
,,,,,,,,,,
,,,,,,,,,,
,,,,,,,,,,
,,,,,,,,,,
,,,,,,,,,1750.0,
,,,,,,,,,-1390.0,
,,,,88426.0,,,,,,25700.0
,,,,,,,,,,
,,,,,,,,,,-8923.0
,,,,,,,,,,
,,,,20790.0,,,,,,11178.0
,,,,,,,,,,
1450000.0,,,,,,,,,1210.0,
,6.0,,,68825.0,3830.0,,,,1420.0,
,,,,,,,,,1410.0,
,,,,,,,,,,
,,,,,,,,,,
,,,,,,,,,-1100.0,
,,,,,,,,,,
,,,,,,,,,,
,,,,,,,,,,
,,,,,,,,,,
,,,,22649.0,,,,,,16530.0
,,,,,,,,,,
,,,,,,,,,,
1900000.0,,,5080.0,27755.0,5080.0,,,,,5429.0
,,,,,,,,,,
,,,,92721.0,,,,,,84625.0
,,,,,,,,,,
,,,,38322.0,,,96028.0,,,2396.0
,,,,,,,,,,
,0.0,0.0,,20875.0,,,,,-1330.0,
,,,,,,,,,,
,,,,24004.0,,,,,-1270.0,
,,,,20369.0,,,,,,7442.0
,,,,,,,,,,2604.0
,,,,,,,,,,
,,,,,,,,,,
,,,,,,,,,,
,,,,,,,,,,
,6.0,4.5,4520.0,40164.0,,,,,1650.0,27096.0
,,,,251341.0,,,,,,142441.0
,,,,23507.0,,,,,,
,,,,,,,,,,
,,,,,,,,,,3660.0
1500000.0,,,,,,,,,2160.0,
,,,,,,,,,,
1225000.0,,,,,,,,,-1080.0,
,,,,,,,,,,
,,,,,,,,,,
1388000.0,,,,,,,,,,
,,,,,,,,,,
,,,,,,,,,,
,,,,,,,,,,
,,,,,,,,,,
,,,,,,,,,,4398.0
,,,,,,,,,,
,,,,,,,,,,
,,,,,,,,,1500.0,
,,,,,,,,,,
,,,,87120.0,,,,,-1190.0,-96041.0
,,,,,,,,,,
,,,,,,,,,,
2395000.0,,,,19798.0,3800.0,,,,,
,,,,,,,,,,
,,,,34500.0,,,,,,24765.0
,,,,,,,,,,
,,,,,,,,,,
,,,,,,,,,,
,,,,63162.0,,,,,,
,,,,,,,,,,
,,,,,,,96028.0,,,
,,,,,,,,,,
,,,,,,,,,,
,,,,,,,,,,
,,,,,,,,,,
,,,,,,,,,,
,,,,,,,,,,
,,,,,,,,,,-2550.0
,,,,,,,,,,
,,,,,,,,,,
,,,,,,,,,,
,,,,,,,,,,
,,,,,,,,,,4040.0
,,,,,,,,,,
,,,,,,,,,,
,,,,,,,,,,
,,,,,,1450.0,,,,
,,,,,,,,,,
,,,,,,,,,,
,,,,,,,,,,
,,,,,,,,,,-2547.0
,,,,,,,,,,
,,,,,,,,,,
,,,,,,,,,,
,,,,,,,,,,
,,,,,,,,,,
,,,,,,,,,,
,,,,,,,,,,
,,,,,,,,,,
,,,,,,,,,,
,,,,,,,,,,
,,,,,,,,,,
,,,,,,,,,,
,,,,,,,,,,-2114.0
,,,,,,,,,,3392.0
,,,,26895.0,3820.0,,,,,
,,,,,,,,,,
1980000.0,,4.0,4360.0,,4360.0,,,,2180.0,
,,,,,,,,,,
1280000.0,,,4660.0,,4660.0,,,,,-7515.0
,,,,,,,,,,
,,,,,,,,,,
,,,,,,,,,,
,,,,,,,,,,
,,,,,,,,,,
,,,,,,,,,,
,,,,,,,,,,
,1.0,,,,,,,,,
,,,,,,,,,,
,,,,,,,,,,-2809.0
,,,,,,,,,,
,,,,159865.0,,,,,,143648.0
,,,,,,,,,,
,,,,,,,,,,
,,,,,,,,,,
,,,,,,,,,,
,,,,,,,,,,
,,,,,,,,,,
,,,,,,,,,,
,,,,,,,,,,
,,,,,,,,,,
,,,,,,,,,,
,,,4910.0,43560.0,4000.0,,,,1370.0,31272.0
,,,,,,,,,,
,,,,,,,,,,
,,,,,,,,,,
,,,,,,,,,,3000.0
,,,,,,,,,,
,,,,,,,,,,
,,,,,,,,,,
1356920.0,,,4270.0,,,,,,1170.0,
,,,,19672.0,,,,,,11832.0
1360000.0,,,5430.0,108900.0,5430.0,,96028.0,,2260.0,
,,,,,,,,,,
,,,,125452.0,,,,,,
,,,,,,,,,,
,6.0,,,,,,,,,
,,,,,,,,,,
,,,,,,,,,,
,,,,,,,,,,-3552.0
,,,,,,,,,,
,,,,,,,,,,
,,,,,,,,,,
,,,,,,,,,,
,,,,,,,,,,5318.0
,,,,,,,,,,
,,,,,,,,,,
,,,,,,,,,,4561.0
,,,,,,,,,,
,,,,,,,,,,
,,,,,,,,,,
,,,,,,,,,,
,,,,,,,,,,
,,,,,,,,,,
,,,,,,,,52787.0,-1090.0,
,,,,,,,,,,
,,,,,,,,,,-6434.0
,,,,,,,,,,4600.0
,,,,,,,,,,2500.0
,,,,,,,96028.0,,,
,,,,,,,,,,
,,,,,,,,,,-13294.0
,,,,218506.0,3750.0,,,,1210.0,179093.0
,,,,,,,,,,
,,,,,,,,,,
,,,,,,,,,,
,,,,,,,,,,
,,,,,,,,,,
1410000.0,,,,,,,,,,-2978.0
,,,,,,,,,,
,,,,,,,96028.0,,,
,,,,,,,,,,
,,,,,,,,,,
,,,,,,,,,,-2500.0
,,,,,,,,,,
,,,,,,,,,1630.0,
,,,,231303.0,,,,,,137649.0
,,,,,,,,,,
,,,,,,,,52787.0,,
,,,,,,,,,,
,,,,,,,,,,
1200000.0,,,,19842.0,,,,,,
,,,,35306.0,,,,,,
,,,,23512.0,,,,,,3899.0
,,,,,,,,,,
,,,,35415.0,,,,,-1310.0,23634.0
,,,,,,,,,,
,,,,24527.0,,,,,,
,,,,,,,,,1950.0,
,,,,,,,,,,
1150000.0,,,,,,,,,,
,,,,,,,,,,
,,,,,,,,,,
,,,,,,,,,1750.0,
,,,4600.0,,,1420.0,,,1390.0,
,,,,,,,96028.0,,,
,,,,,,,,,,
,,,,,,,,,,
,,,,,,,,,,
,,,,,,,,,,
,,,,,,,,,,
,,,,,,,,,,
,,,,,,,,,,
,,,,,,,,,,
,,,,,,,,,,
,,,,,,,,,,
,,,,,,,,,,
,,,,31550.0,,,,,,13098.0
,,,,,,,,,,-3275.0
,,,,,,,,,,
,,,,,,,,,,
,,,,,,,,,,
,,,,,,,,,,
,,,,,,,,,,
,,,,,,,,,,
,,4.0,,,4180.0,,,,,
,,,,,,,,,,
1264000.0,,3.75,,,,,,,1680.0,
,,,,,,,,,,
,,,,,,,,,,
,,,,,,,,,,
,,,,,,,,,,
,,,,,,,,,,
,,,,,,,,,,
,6.0,5.0,,,,,,,1628.0,-16520.0
,,,,,,,,,,
,,,,,,,,,,
,,,,,,,,,,
,,,,,,,,,,
,,,,,,,,,,
,,,,,,,,,,
,,,,,,,,,,
,,,,,,,,,,
,,,,,,,,,,
,,,,,,,,,,
1450000.0,,,,,,,,,,
,,,,,,,,,,
,,,,,,,,,,
,,,4890.0,,,,,,,
,,,,,,,,,,2848.0
,,,,,,,,,,-3225.0
,,,,,,,,,,
,,,,,,,,,,
,,,,,,,,,,
,,,,,,,,,,
,,,,,,,,,,
,,,,,,,,,,
,,,,,,,,,,
,,,,144619.0,,,,,,95832.0
1850000.0,,,,,4160.0,,,,2320.0,
,,,,,,,,,1266.0,
,,3.75,,,,1580.0,,,,
2205000.0,,,,,,,,,,-2162.0
,,,,,,,,,,
,6.0,3.75,,,,,,,,4193.0
,,,,,,,,,,
,,,,,,,,,,
,,,,,,,,,,
,,,,,,,,,,
,,,,,,,,,,
,,,,,,,,,,
,,,,,,,,,,
,,,,,,,,,,
,,,,,,,,,,
,,,,,,,,,,
,,,,,,,,,,-6887.0
,,,,,,,,,,
,,,,,,,,,,
,,,,,,,,,,
,,,,,,,,,,
,,,,,,,,,,
,,,,,,,,,,
,,3.75,,,,,,,,
,,,,,,,,,,
,,,,,,,,52787.0,,
,,,,,,,,,1260.0,
1450000.0,,,,,4170.0,,,,2240.0,-4545.0
,6.0,4.25,4310.0,,,,,,2210.0,
,,,,,,,,,,
,,,,,,,,,,
,,,,,,,,,,
,,,,,,,,,,
,,,,,,,,,,
,,,,,,,,,,
,,,,,,,,,,
,,,,,,,,,,
,,,,,,,,,,
,,,,,,,,,,
,,,,,,,,,,
,,,,,,,,,,2429.0
,,,,,,,,,1290.0,-2875.0
,,,,,,,,,,
,,,,,,,,,,
1375000.0,,3.75,,,,,,,1550.0,
,,,,,,,,,,
,,,,,,,,,,
,,,,,,,,,,
,,,,,,,,,1590.0,
,,,,,,,,,,
,,4.0,,,,,,,,
,,,,,,,,,,
,,,,,,,,,,
,,,,,,,,,,
,,,,,,,,,,
1680000.0,,,,,,,,,,
,,,,,,,,,,
,,,,,,,,,,
,,,,,,,,,,
,,,,,,,,,,
,,,,,,,,,,
,,,,,,,,,,-3489.0
,,3.75,,,4120.0,,,,,
,,,,,,,,,,
,,,,,,,,,,
,,,,,,,,,,
,,,,,,,,,,
,,,,,,,,,1590.0,
,,,,,,,,,,
,,,,,,,,,,
,,4.5,4630.0,,,1420.0,,,,
,,,,,,,,,,
,,,,,,,,,,
,,,,,,,,,,
,,,,,,,,,,
,,,,,,,,,1160.0,-3784.0
,,,,,,,,,,
2250000.0,,,,,,,,,,
1205000.0,,,,,,,,,1490.0,
,,,,,,,,,,
,,,,,,,,,,
,,,,,,,,,,
,,,,,,,,,,
1583000.0,,4.0,5610.0,,4750.0,,,,,
,,,,,,,,,,
,,,,,,,,,,
,,,,,,,,,,
,,,,,,,,,,
,,,,,,,,,,
,,4.0,,,,,,,,
,,,,,,,,,,
,,,,,,,,,,
,,,,,,,,,,
,,,,,,,,,,
,,,,,,,,,,
,,,,,,,,,,
2641100.0,,4.25,4660.0,,4660.0,,,,1320.0,
,,,,,,,,,,
,,,,,,,,,,
,,,,,,,,,,
,,,,,,,,,,
,,,,,,,,,,
,,,,,,,,,,
,,,,,,,,,,
,,,,,,,,,,
,,,,,,,,,,
,,,,,,,96028.0,,,
,,,,,,,,,,
,,,,,,,,,1630.0,
,,4.25,,,,,,,1170.0,
,,,,,,,,,,-2418.0
,,,,,,,,,,
,6.0,4.5,,,,,,,2240.0,
,,,,,,,,,,
,,,,,,,,,,
,,,,,,,,,,
,,,,,,,,,,
,,,,,,,,,,
,,,,,,,,,,
,,,,,,,,,,
,,,,,,,,,,
,,,,,,,,,,
,,,,,,,,,,
,,,,,,,,,,
,,,,,,,,,,
,,,,,,,,,,
,,,,,,,,,,
,,,,,,,,,,
,,,,,,,,,,
,,,,,,,,,,
,,4.0,,,3970.0,,,,,
,,,,,,,,,,
,,,,,,,,,,
1532500.0,,4.5,4270.0,,,,,,,-2555.0
,,,,,,,,,,
,,,,,,,,,,
,,,,,,,,,,
,,,,,,,,,,
,,,,,,,,,,-6342.0
,,,,,,,,,,
,,,,,,,,,,
,,,,,,,,,,
2320000.0,,,5050.0,,,1440.0,,,2620.0,
,,,,,,,,,,
,,3.75,5330.0,,,1760.0,,,,
,,,,,,,,,,
,,,,,,,,,,
,,,,,,,,,1190.0,
,,,,,,,,,,
,,,,,,,,,,
,,,,,,,,,,
,,,,,,,,,,
,,,,,,,,,,
,,,,,,,,,,
,,,,,,,96028.0,,,
,,,,,,,,,,
1255780.0,,4.0,,,4180.0,,,,2380.0,5990.0
,,,,,,,,,,
,,,,,,,,,,
,,,,,,,,,,
,,,,,,,,,,
,,,,,,,,,,
,,,,,,,,,,
,,,,,,,,,,
,,,,,,,,,,
,,,,,,,,,,
,,,,,,,,,,
1710000.0,,4.5,4590.0,,4590.0,,,,1560.0,5199.0
,,,,,,,,,,
,,,,,,,,,,
,,,,,,,,,,
,,,,,,,,,,
,,,,,,,,,,
,,,,,,,,,,
,,,,,,,,,,
,,,4800.0,,4800.0,,,,,
,,,,,,,,,,
2700000.0,,4.0,7850.0,89651.0,7850.0,,,,1640.0,-6181.0
,,,,,,,,,,
,,,,,,,,,,
,,,,,,,,,,
,,,,,,,,,,
,,,,,,,,,,
,,,,,,,,,,
,,,,,,,,,1260.0,
,,,,,,,,,,
,,,,,,,,,,
,,,,,,,,,,
,,,,,,,96028.0,,,
,,,,,,,,,,
,,,,,,,,,,
,,,,,,,,,,
,,,,,,,,,,
,,,,,,,,,,
,,,,,,,,,,
,,4.5,4280.0,,4280.0,,,,1290.0,-2602.0
,,,,,,,,,,
,,,,,,,,,,
,,4.0,4420.0,,,,,,,
,,,,,,,,,,
,,,,,,,,,,
,,,,,,,,,,
,,,,,,,,,,
,,,,,,,,,,
,1.0,,,,,,,,,-2288.0
,,,4490.0,,,,,,,
,,,,,,,,,,
,,,,,,,96028.0,,,
,,,,,,,,,,
,,,,,,,,,,
,,,,,,,,,,
,,,,,,,,,,
,,,,107157.0,,,,,-1640.0,
,,,,415126.0,,,,,,361112.0
1330000.0,,,,,,,,53799.0,,
,,,,,,,,,,
,,,,,,,,,,
,,,,,,,,,1540.0,
,,,,,,,,,,
,,,,,,,,,,
,,,,,,,,,,
,,,,,,,,,,
,,,,,,,,,,-4646.0
,,,,,,,,,,-2326.0
,,,,,,,,,,
,,,,,,,,,,
,,,,,4000.0,,,,,2634.0
1260000.0,,,,,,,,,,
,,,,,,,,,,
,,,,,,,,,,
,,,,,,,,,,
1262000.0,,,,,,,,,,
,,,,,,,,,,
,,,,,,,,,,
,,,,,,,,,,
,,,,,,,,,,
,,,,,,,,,,
,,,,,,,,,,
,,,,,,,,,,
,,,,,,,,,,
,,,,,,,,,,
,,,,,,,,,,
,,,,,,,,,,
,,,,,,,,,,
,,,,,,,,,,
,,,,,,,,,,
,,,,,,,,,,-2660.0
1595000.0,,4.25,4645.0,,3855.0,,,52787.0,2495.0,
,,,,,,,,,,
,,,,95950.0,,,,,,60215.0
,,,,,,,,,,
,,,,,,,,,,
,,,,,,,,,,
,,,,,,,,,,
,,,,,,,,,,
,,,,,,,,,,
,,,,,,,,,,
,,,,,,,,,,
,,,,,,,,,,
,,,,,,,,,,-3280.0
,,,,,,,,,,
,,,,,,,,,,
,,,,,,,,,,
,,,,51836.0,,,,,,-2614.0
,,,,,,,,,1520.0,
,,,,,,,,,,
,,,,,,,,,,
,,,,,,,,,,
,,,,,,,,,,
,,,,,,,96028.0,,,
,,,,,,,,,,3687.0
,,,,,,,,,,
,,,,,,,,,,
,,,,,,,,,,-3864.0
,,,,,,,,,,
1563100.0,,,,,,,,,1900.0,
,,,,,,,,,,
,,,,,,,,52787.0,,
,,,,,,,,,,
,,,,,,,,,,-7888.0
1695000.0,,4.75,,,,,,,2030.0,
,,,,,,,,,,
,,,,,,,,,,-2699.0
,,,,,,,,,,
,,,,,,,,,,
,,,,,,,,,,
,,,,,,,,,,
,,,,,,,,,,
,,,,,,,,,,
,,,,,,,,,,
,,,,,,,,,,4497.0
,,,,,,,,,,
1266520.0,,,,,,,,,,
,,,,,,,,,,
,,,,,,,,,,
,,,,,,,,,,
1180000.0,,,,74052.0,3750.0,,96028.0,,-1170.0,
,,,,,,,,,,
,,,,,,,,,,
,,,,64626.0,,,,,,
1210000.0,,,,,,,,,,2651.0
,,,,,,,,52787.0,,
,,,,,,,,,,-3422.0
1898000.0,,,,,,,,,,-33877.0
,,,,,,,,,,
1465000.0,,,,,,,,,,
,,3.75,4570.0,,4570.0,,,,2530.0,2634.0
,,,,,,,,,1310.0,
,,,,,,,,,,
,,,,,,,,,,
,,,,,,,,,,
,,,,,,,,,,
,,,,,,,,,,
,,,,,,,,,,
,,,,,,,,,,-4943.0
,,,,,,,,,,
,,,,,,,,,,
,,,,,,,,,,
,,,,,,,,,,
,,,,,,,,,,
,,,,,,,,,,
,,,,,,,,,,
,,,,,,,,,,
,,,,,,,,,1980.0,
1400000.0,,,4700.0,,,2180.0,,,2460.0,
,,,,,,,,,,
,,,,,,,96028.0,,,4374.0
,,,,,,,,52787.0,,
,,,,,,,,,,
2700000.0,,4.75,5305.0,,3745.0,1560.0,,,2345.0,
,,,,,,,,,,
,,,,,,,,,,-3552.0
,,,,,,,,,,
,,,,,,,,,,
,,,,,,,,,,
,,,,,,,,,,
,1.0,,,,,,,,,-2704.0
,,,,,,,,,,
,,,4320.0,,,,,,,
,,,,,,,96028.0,,,
,,,,,,,,,,
,,,,,,,,,,
,,,,,,,,,,
,,,,,,,,,,
,,,,,3900.0,,,,,-3877.0
,,,,,,,,,,
,,,,,,,,,,
,,,,,,,,,,
,,,,,,,,,,
,,,,,,,,,,
,,,,,,,,,,
,,,,,,,,,,
,,,,,,,,,,
,,,,,,,,,,
,,,,,,,,,,
,,,,,,,,,,
,,,,28213.0,,,,,1370.0,-28415.0
,,,,,,,,,-1830.0,-5434.0
1280000.0,,,,,,,,,1670.0,
,,,,,,,,,,
,,,,,,,,,,
,,,,,,,,,1480.0,
,,4.0,,,,,,,,
,,,,,,,,,,
,,,,,,,,,,
,,,,,,,,,,
,,,,,,,,,,
,,,,,,,,,,
,,,,,,,,,,3076.0
,,,,,,,,,1125.0,-18562.0
,,,,,,,,,,-4252.0
,,,,,,,,,,
,,,,,,,,,,
,,,,,,,,,,
,,,,,,,,,,
,,,,,,,,,,
,,,,,,,,,,-3670.0
,,,,,,,,,,
,,,,,,,,,,
,,,,,,,,,,-3134.0
,,,,,,,,,,
,,,,,,,,,,
,,,,,,,,,,
,,,,,,,,,,
,,,,,,,,,,
,,,,,,,,,,
,,,,,,,,,,
,,,,,,,,,,
1238000.0,,,4670.0,,3820.0,,,,,
,,,,,,,,,,
,,,,,,,,,,
,,4.0,,,,,,,,
,,,,,,,,,,
,,,,,,,,,,
,,,,,,,,,,
,,,,,,,,,,
,,,,,,,,,,
,,,,,,,,,,
,,,,,,,,,,
,,,,,,,,,1130.0,
,,,,,,,,,,
,,,,,,,,,,
,,,,,,,,,,-6960.0
,,,,,,,,,,
,,,,,4220.0,,,,,
,,,,,,,,,,
,,3.75,,,,,,,,
,,,,,,,,,,
,,,,,,,,,,
,,,,,,,,,,
,,,,,,,,,,
1750000.0,,4.5,4650.0,,,,,,2940.0,
,,,,,,,,,,
,,,,,,,,,1140.0,
,,,,,,,,,,
2250000.0,,5.25,,,,,132665.0,81926.0,,-8118.0
,,,,,,,,,,-2079.0
,,,,,,,,,1390.0,-3281.0
,,,,,,,,,,-4650.0
,,,,,,,,,,
,,,,,,,,,1250.0,-3148.0
,,,,,,,,,,
,,,,,,,,,,
,,,,,,1720.0,,,,
,,,,,,,,,,
,,,,,,,,,,
,,,,,,,,,,
,,,,,,,,,,5375.0
,,,,,,,,,,
,,,,,,,,,,
,,,,,,,,,,-5045.0
,,,,,,,,,,
,,,,,,,96028.0,,,
,,,,,,,,,,
,,,,,,,,,,
,,,,,,,,,,
,,,,,,,,,,
,,,,,,,,,,
,,,,,,,,,,
,,,,,,,,,,-4652.0
,,,,,,,,,1320.0,
,,,,,,,,,,-2500.0
,,,,,,,,,,
,,,,,,,,,,
,,,,,,,,,2420.0,
,,,,,,,,,,
,,,,,,,,,,
,,,,,,,,,,
,,,,,,,,,,
,,,,,,,,,,
,,,,,,,,,,
,,,,,,,,,,
,,,,,,,,,,
,,,,,,,,,,
,,,,,,,,,-1763.0,
1237500.0,,4.5,5120.0,41327.0,,1830.0,96028.0,,1760.0,-41437.0
,,,,,,,,,,
,,,,,,,,,,
,,,,,,,,,,
,,,,,,,,,,
,,,,207781.0,,,,,,-10890.0
,,,,,,,,,,-2470.0
,,,,,,,,,1180.0,
1575000.0,,,,,,,,53799.0,1250.0,
,,,,,,,,,,
,,,,,,,,,,
,,,,,,,,,,
,,,,,,,,,,-4176.0
,,,,,,,,,,
,,,,,,,,,,
,,,,,,,,,,
1481000.0,,,5220.0,,,1670.0,,,2110.0,
,,,,,,,,,,
2945000.0,,4.5,4340.0,,4340.0,,,,2570.0,
,,,,,,,,,,
,,,,,,,,,,
,,,,,,,,,,2364.0
,,,,,,,,,,
,,,,,,,,,,
,,,,,,,,,,
,,,,,4130.0,,,,,
,,,,,,,,,,
,,,,,,,,,,
,,,,,,,,,,
,,,,,,,,,1540.0,
,,3.75,,,3860.0,,,,,
,,,,,,,,,,
1750000.0,,,,,3845.0,,,,2135.0,
,,,,,,,,,,
,,,,64441.0,,,,,,
,,,,,,,,,,-6590.0
,,,,,,,,,,
,,,,,,,,,,3179.0
1350000.0,,3.75,,61419.0,4100.0,,,,2090.0,29057.0
,,,,,,,,,,
,,,,,,,,,,
,,,,,,,,,,
,,3.75,,,,,,,,
,,,,,,,,,,
,,,,,,,,,,
,,,,,,,,,,
,,,,,,,,,,
,,,,,,,,,,
1312000.0,,,,,,,,,2370.0,
,,,,,,,,,,
,,,,,,,,,,
,,,,,,,,,,
,,,,,,,,,,
,,,,,3800.0,,,,,
,,,,,,,,,,
,,,,,,,,,,
,,,,,,,,,,
,,,,,,,,,,
,,,,,,,,,,
,,,,,,,,,,
,,,,,,,,,,
,,4.0,,,,,,,,
,,,,,,,96028.0,,,
,,,,,,,,,,
,,,,,,,96028.0,,,
,,,,,,,,,,
,,,,,,,,,,
,,,,213073.0,,,,,1530.0,153832.0
,,,,,,,,,,
,,,,,,,96028.0,,,
,,,,,,,,,,
,,,,,,,,,,
,,,,,,,,,,
,,,,,,,,,,-2706.0
,,,,,,,,,,
,,,,,,,,,,-2925.0
,,,,,,,,,,
,,,,,,,,,,
,,,,,,,,,,-2672.0
,,,,,,,,,,
,,,,,,,,,,7688.0
,,,,,,,,,,
,,,,,,,,,,
,,,,,,,,,,
,,,,,,,,,,7444.0
,,,,,,,,,,
,,,,,,,,,,
,,,,,,,,,,
1789950.0,,3.75,4360.0,,,,,,1680.0,
,,,,,,,,,,-9717.0
,,,,,,,,,,-2453.0
,,,,,,,,,,
,,,,,,,,,,
,,,,,,,,,,
,,3.75,,,,,,,,
,,,,,,,,,,
,,,,,,,,,,
2150000.0,,5.5,5060.0,,5060.0,,,,2050.0,
,,,,,,,,,1540.0,
,,,,,,,,52787.0,,
,,,,,,,,,,
,,,,,,,,,,
,,,,,,,,,,
,,,,,4140.0,,,,,
,,,,,,,,,,-2998.0
,,,,,,,,,,
,,,,,,,,,,
,,,,,,,,,,
1333000.0,,4.5,,,,,,52787.0,,-2658.0
,,,,,,,,,1480.0,
,,,,,,,,,,-2421.0
2225000.0,,4.25,4700.0,,3910.0,,,,2330.0,3120.0
,,,,,,,,,,
,,,,,,,,,,
,,,,,,,,,,
,,4.5,,,4000.0,,,,,
1300000.0,,,,,,,,,,
,,,,,,,,,,
,,,,,,,,,,
,,,,,,,,,,
,,,,,,,,,,
1302000.0,,,,,,,,,1490.0,
,,,,,,,,,,
,,,,,,,,,-1720.0,-4220.0
,,,,,,,,,,
,,,,,,,,,,
,,,,,,,,,,
,,,,,,,,,,-8895.0
,,,,,,,,,1560.0,
,,,,,,,,,,
,,,,,,,,,,
,,4.5,4920.0,270236.0,3820.0,,,,,9312.0
,,,,,,,,,,
,,,,,,,,,,
,,,,,,,96028.0,,,
,,,,,,,,,,
,,,,,,,,,,
,,,,,,,,,,
,,,,,,,,,,
1206690.0,,4.25,,,4150.0,,,,,-15505.0
,,,,,,,,,,-2529.0
,,,,,,,,,,
,,,,,,,,,,
,,,,,,,,,,
,,,,,,,96028.0,,,
,,,,,,,,,,
,,,,,,,,,,
,,,,,,,,,,
,,,,,,,,,,
,,,,,,,,,,
,,,,,,,,,,
,,,,,,,,,,
,,,,,,,,,,-6054.0
,,,,,,,,,,
,,,,,3960.0,,,,,-3523.0
,,,,,,,,,,
,,,,,,,,,,-5893.0
,,,,,,,,,,
,,,,,,,,,,
3204000.0,,4.0,4810.0,,4810.0,,,,,
,,4.0,5635.0,,4360.0,,,,1909.0,
,,,,,,,,,,
,,,,,,,,,,
,,,,,,,,,,
,,,,,,,,,,
,,,,,,,,,,
,,,,,,,,,,
,,,,,,,,,,
,,,,,,,,,-1140.0,
,,,,,,,,,,
,,,,,,,,,,
,,,,,,,,,,
,,,,,,,,,,
,,,,,,,,,,
,,,,,,,,,,
,,,,,,,,,,
,,,,,,,,,,
,,,,,,,,,,
,,,,,,,,,,
,,,,,,,,,,
,,,,,,,,,,
,,,,,,,,,,
,,,,,,,,,,
,,,,,,,,,,
,,,,,,,96028.0,,,
,,,,,,,,,,
1240000.0,,4.0,4410.0,,4410.0,,,,1690.0,2926.0
,,,,,,,,,,
,,,,,,,,,,3202.0
3000000.0,,,4410.0,,,,,,,5122.0
2350000.0,6.0,4.25,5550.0,,4270.0,,,,2070.0,
,,,,,,,,,,
,,,,,,,,,,
,,,,,,,,,,
,,,,,,,,,,
,,,,,,,,,,
,,,,,,,,,,
,,,,,,,,,,
,,,,,,,,,,
,,,,,,,,,,-3739.0
,,,,,,,,,,
,,,,,,,,,,-4789.0
,,,,,,,,,,
,,,,,,,,,,
1360000.0,,,,,3970.0,,,,,
,,,,,,,,,,
1598000.0,,3.75,4270.0,,,,,,1860.0,
,,,,,,,,,,
1205000.0,,,,,,,,,1120.0,
1385000.0,,,,,4010.0,,,,,
,,,,30250.0,,,,,,13900.0
,,,,,,,,,,
,,,,,,,,,,
,,,,,,,,,,
,,,,,,,,,,-2358.0
,,,,,,,,,,-3075.0
,,,,,,,,,,
,,,,,,,,,,
,,,,,,,,,,
,,,,23786.0,,,,,1830.0,
,,,,,,,,,,
,,,,,,,,,,
,,,,,,,,,,
,,,,,,,,,,
,,,,,,,,,,-6664.0
,,,,,,,,,,
,,,,,,,,,,
,,,,,,,,,,
,,,,,,,,,,
,,,,,,,,,,
,,,,,,,,,,
,,,,,,,,,,
,,,,,,,,,,
1800000.0,,,,,,,,52787.0,,
1205000.0,,,,,,1500.0,,,2130.0,3774.0
,,,,,,,,,,
,,,,,,,,,,-2503.0
,,,,,,,,,,
,,,,,,,,,,
,,,,,,,,,,
,,,,,,,,,,
,,,,,,,,,,
,,,,,,,,,,
,,,,,,,,,,
,,,,,,,,,,
,,4.25,4420.0,,,,,,,
,,,,,,,,,,
,,,,,,,,,,
,,,,,,,,,,
,,,,,,,,,,
,,,,249126.0,,,,,,24356.0
,,,,,,,,,,
,,,,,,,,,,
,,,,,,,,,,
,,,,,,,,,,
,,,,,,,,,,
,,,,,,,,,,-3229.0
,6.0,,,,,,,,,
,,,,,,,,,,
,,,,,,,,,,
,,4.25,,42755.0,,,,,1380.0,30005.0
,,,,,,,,,,
,,,,,,,,,,
,,,,,,,,,,-12659.0
,,,,,,,,,,
,,,,,,,,,,
,,,,,,,,,,
,,,,,,,,,,
,,,,,,,,,,-2960.0
,,,,,,,,,,-8867.0
,,,,,,,,,,
,,,,,4150.0,,,,,
,,,,,,,,,,
,,,,,,,,,,
,,,,,,,,,,
,,,,,,,96028.0,,,
,,,,,,,,,,
,,,,,,,,,,
,,,,,,,,,1200.0,-9269.0
,,,,,,,,,,
,,,,,,,,,,
,,,,,,,,,,
,,,,,,,,,,
,,,,,,,,,,
,,,,,,,,,,
,,3.75,,503989.0,4030.0,,,,1920.0,432115.0
1285000.0,,,,,,,,52787.0,1680.0,
,,,,,,,,,,
,,,,,,,,,,
,,3.75,4690.0,207141.0,4030.0,,,,1800.0,6614.0
,,,,43560.0,,,,,,3015.0
,,,,,,,,,,
,,,,,,,,,1530.0,
,,,,,,,,,,
,,,,,,,,,,
,,,,,,,,,,
,,,,,,,,,,
,,,,,,,,52787.0,,
1138990.0,,,4280.0,,4280.0,,,,,
,,,,,,,,,,
,,,,,,,,,,
,,,,,,,,,,
,,,,,,,,,,
,,,,,,,,,,
,,,,,,,,,,
2998000.0,,4.0,6670.0,,4960.0,1710.0,,,1870.0,
,,,,,,,,,,
,,,,,,,,,,
,,,,,,,,,,4073.0
,,,,,,,,,,
,,,,,,,,,,
,,,,,,,,,,
,,,,,,,,,,
,,,,,,,,,,
,,,,,,,96028.0,,,
,,,,,,,,,,
1600000.0,,5.5,6530.0,871200.0,6530.0,,,,5250.0,13068.0
,,,,,,,,,,
,,,,,,,,,,
,,,,26772.0,,,,,,12281.0
,,,,,,,,,,-4042.0
,,,,,,,,,,
1267500.0,,,4640.0,,4640.0,,,,,
,,,,,,,,,,
3345000.0,,3.75,5350.0,,,2310.0,,,1610.0,
,,,,,,,,,,
,,,,,,,,,,
,,,,,,,,,,
,,,,,,,,,,
,,,,,,,,,,
,,,,,,,,,,
,,,,,,,,,,
,,,,,3860.0,,,,,
,,,,,,,,,,-2710.0
,,,,,,,,,,
1800000.0,,,6370.0,205603.0,6370.0,,,,4880.0,172023.0
,,,,,,,,,1244.0,-2637.0
,,,,,,,,,,
,,,,,,,,,,
,,,,,,,,,,
,,,,,,,,,,
,,,,,,,,,,
,,,,,,,,,,
,,,,,,,,,,
,,,,,,,,,,
,,,,,,,,,,
,,,,,,,,,,
,,,,,,,,,,
,,,,,,,,,,
,,,,,,,,,,
,,,,,,,,,,
,,,,,,,,,,
1289990.0,,4.0,4360.0,,4360.0,,,,,
,,,,,3990.0,,96028.0,,,
,,,,,,,,,,
,,,,,,,,,,
,,,,,,,,,,
,,,,,,,,,1240.0,
,,,,,,,,,,
,,,,,,,,,,
,,,,,,,,,,
,,,,,,,,,,
,,,,,,,,,,
,,,,285318.0,3980.0,,,,1880.0,179903.0
1699990.0,,3.75,,,,,,,1760.0,
,,,,,,,,,,
,,,,,,,,,,
,,,,,,,,,,
,,,,,,,,,,
,,,,,,,,,,-2689.0
,,,,,,,96028.0,,,
,,,,,,,,,,
,,,,,,,,,,
,,,,,,,,,,-3000.0
,,,,,,,,,,
,,,,,,,,52787.0,,
,,,,,,,,,,
,,,,,,,,,,
,,,,,,,,,,
,,,,,,,,,,
,,,,,,,,,,-2081.0
,,,,,,,,,,
1500000.0,6.0,,,,,,,,1610.0,
,,,,,,,,,,
,,3.75,,,,,,,,
,,,,,,,,,,
,,,,,,,,,,
,,,,,,,,,,
,,,,,,,,,,
,,,,,,,,,,
,,,,,,,,,,
1898000.0,,4.5,,,4020.0,,,,2060.0,
,,,,,,,,,,
,,,,,,,,,,
,,,,,,,,,,
,,,,,,,,,,
,,,,,,,,,,
,,,,,,,,,,
,,4.5,,,,,,,,-3321.0
2950000.0,,4.25,4470.0,,,,,,1900.0,
,,,,,,,,,,
,,,,,,,,,,
,,,,39553.0,,,,,,30506.0
,,,,,,,,,,
,,,,,,,,,,
,,,,,,,,,,
,,,,,,,,,,
,,,,,,,,,,
,,,,,,,,,,
,,,,,,,,,,
,,,,,,,,,,
,,,,,,,,,,
,,,,47480.0,,,,,,2614.0
,,,,,,,,,,
,,,,,,,,,,
,,,,,,,,,,-3671.0
,,,,,,,,,,
,,,,,,,,,,
,,,,,,,,,,
,,,,,,,,,,
,,,,,,,,,,
,,,,,,,,,,
,,,,,,,,,,
,,,,,,,,,,
,,,,,,,,,,-3194.0
,,,,,,,,,,4289.0
,,,,,,,,,,
1240420.0,,,5790.0,,4430.0,,,,,
,,,,,,,,,,
,,,,,,,,,,
,,,,,,,,,,
,,,,,,,,,,
,,,,,,,,,,
1299890.0,,4.0,,,3870.0,,,,,
,,,,,,,,,,
,,,,,,,,,,
,,,,,,,,,,
,,,,,,,,,,
,,,,,,,,,,-2319.0
,,,,,,,96028.0,,,
,,,,,,,,,,
,,,,,,,,,,
1180000.0,6.0,6.5,6260.0,,4840.0,1420.0,,,3550.0,
,,,,,,,,,,
,,,,,,,,,,
,,,,,,,,,,
,,,,,,,,,,
,,,,,,,,,,
,,,,,,,,,,
,,,,,,,,,,
,,,,,,,,,,-2390.0
,,,,,,,,,,
,,,,,,,,,-1830.0,-4384.0
,,,,,,,,,,
,,,,,,,,,2030.0,
,,,,,,,,,,
,,,,,4150.0,,,,,
1200000.0,,,,,,,,,2710.0,
,,,,,,,,,,
,,,,,,,,,,-3217.0
,,,,,,,,,,-23152.0
,,,,,,,,,,-2420.0
,,,,,,,,,,
,,,,,,,,,,
,,,,,,,,,,
,,,,,,,96028.0,,,
,,,,,,,,,,
,,,,,,,,,,-2649.0
,,,,,,,,,,
,,,,,,,,,,
,,,,,,,,,,
,,4.5,4600.0,,,,,,,
,,,,,,,,,,
,,,,,,,,,,
,,,,,,,,,,
,,,,,,,,,,
,,,,,,,,,,
,,,,,,,,,,
,,,,,,,,,,
,,,,,,,,,,
,,,,,,,,,,
,,,,,,,,,,
,,,,,,,,52787.0,,
,,,,,,,96028.0,,,
,,,,,,,,,1250.0,
,,,,,,,,,,
,,,,,,,,,,
1510000.0,,,4390.0,,4390.0,,,53799.0,2230.0,
,,,,,,,,,,
,,3.75,,,3880.0,,,,,3867.0
,,,,,,,,,,
,,,,,,,,,,
,,,,,,,,,,
,,,,,,,,,,
,,,,,,,,,,
,,,,,,,,,,-3693.0
,,,,,,,,,,
,,3.75,,,,,,,,-3542.0
,,,,,,,,,,
,,,,,,,,,,
,,,,,,,,,,
,,,,,,,,,,
,,,,,,,,,,
,,,,,,,,,,
,,,,,,,96028.0,,,
,,,,,,,,,,
,,,,,,,,,,
,,,,,,,,,,
,,,,,,,,,,
,,,,,,,,,,
,,,,,3828.0,,,,1708.0,
,,,,,,,,,,
,,,,,,,,,,2778.0
,,,,,,,,,-1300.0,-2312.0
,,,,,,,,,,
,,,,,,,,,,
,,,,,,,,,1400.0,
,,,,,,,,,,
,,,,,,,,,,
,6.0,4.0,,,,,,,,
,,,,,,,,,,
,,,,,,,,,,
,,,,,,,,,,
,,,,,,,,,,
,,,,,,,,,,
,,,,,,,,,,
,,,,,,,,,,
,,,,,,,,,,
2321000.0,,4.75,5780.0,,4260.0,1520.0,,53799.0,2320.0,6149.0
,,,,,,,,,,
,,,,,,,,,,
,,,,,,,,,,-2814.0
,,,,,,,,,,
,,,,,,,,,,
,,,,,,,,,,
,,,,,,,,,,
,,,,,,,,,,
,,,,,,,,,,-2620.0
,,,,,,,,,,
,,,,,,,,,,
,,,,,,,,,,
,,,,,,,,,,
,,,,,,,,,,
,,,,,,,,,,
,,,,,,,,,,
,,3.75,,,,,,,,
,,,,,,,,,,
,,,,,,,,,,
,,,,,,,,,1750.0,
,,,,46173.0,4140.0,,,,2080.0,3070.0
,,,,,,,,,,
,,,,,,,96028.0,,,
,,,,,,,96028.0,,,
,,,,,,,,,,
,,,,,,,,,,
,,,,,,,,,,
,,,,,,,,,,
,,,,,,,,,,
,,,,,,,,,,-3572.0
,,,,,,,,,2030.0,-8234.0
,,,,,,,,,,
,,,,,,,,,,3713.0
,,,,,,,,,,
,,,,,,,,,,
,,,,,,,,,,-3018.0
,,,,,,,,,,-3139.0
,,,,,,,,,,
1480000.0,,,,,,1420.0,,,,
,,,,,,,,,,
,,,,,,,,,,
,,,,,,,,,,
,,,,,,,,,,
,,,,,,,,,,
,,,,,,,,,,
,,,,,,,,,1110.0,
,,,,,,,,,,
,,,,,,,,,,2690.0
,,,,,,,,,,
,,,,,,,,,,
,,,,,,,,,,
,,,,,,,,,,3116.0
,,,,,,,,,,
,,,,,,,,,,
,,,,,,,,,,
,,,,,,,,,,-2500.0
,,,,,,,,,,
,,,,,,,,,,-2254.0
,,,,,,,,,,
,,,,,,,,,,
,,,,,,,,,,
,,,,,,,,,,
,,,,161607.0,,,,,,-46174.0
,,,,,,,,,,
1130000.0,,,,,,,,,,-2229.0
,,,,,,,,,,
,,,,,,,,,,
,,,,,,,,,,-22934.0
,,,,,,,,,,
,,,,,,,,,,
,,,,,,,,,,
,,,,,,,,,,
,,,,,,,,,,
1135000.0,,3.75,4700.0,,,1770.0,,,1520.0,
,,,,,,,,,,
,,,,,,,,,,-2423.0
,,,,,,,,,,
,,,,,,,,,,
,,,,,,,,,,
,,,,,,,,,,-2304.0
,,,,,,,,,,
,,,,,,,,,,
,,,,,,,,,,-2823.0
,,,,,,,,,,
,,,,,,,,,,
,,,,,,,,,,
,,,,,,,,,2220.0,
,,,,,,,,,,
,,,,,,,,,,
,,,,31450.0,,,,,,-41295.0
,,,,,,,,,1660.0,
,,,,,,,,,,
,,,,,,,,,,
,,,,,,,,,,
,,,,,,,,,,
,,,4410.0,,,,,,,
,,,,,,,,,,
,,,4490.0,,,,,,,
,,,,,,,,,,
,,,,32400.0,,,,,,23248.0
,,,4750.0,,,,,,2590.0,-6262.0
,,,,,,,,,,
2300000.0,,4.0,4360.0,,3940.0,,,,1690.0,
,,,,27251.0,,,,,1300.0,
,,,,,,,,,,
,,,,,,,,,,-8870.0
,,,,,,,,,,
,,,,,,,,,,
,,,,,,,,,,-7071.0
,,,,,,,,,,
,,,,,,,,,,
,,,,,,,,,,
,,,,,,,,,,
,,,,,,,,,,
,,,,,,,,,,
,,,,,,,,,,
,,,,,,,,,,
,,,,,,,,,,
,,,,,,,,,,
,,,,,,,96028.0,,,
,,,,,,,,,,
,,,,,,,,,,
,,,,,,,,,,
,,,,,,,,,,
,,,,,,,,,,
,,,,,,,,,,
,,,,,,,,,,
,,,,,,,,52787.0,,
,,,,,,,,,,
,,,,,,,,,1420.0,
,,,,,,,,,,
,,,,,,,,,,
,,,,,,,,,,
,,,,,,,,,,
,,,,,,,,,,
,,,,,,,,,,
,,,,,,,96028.0,,,
,,,,,,,,,,
,,,,,,,,,,
,,,,,,,,,,
,,,,,,,,,,
,,,,,,,,,,
,,,,,,,,,,
,,,,,,,,,,
,,4.0,,,,,,,,7201.0
,,,,,,,,,,
,,,,374616.0,,,,,,153962.0
,,,,,,,,,,
1325000.0,,,,,,,,,,
,,,,,,,,,,
,,,,,,,,,,
,,,,,,,,,,
,,,,,,,,,,
1250000.0,,,,,,,,,,
,,,,,,,,,,
,,,,,,,,,,
,,,,,,,,,,
,,,,,,,,,,
1485000.0,,,,,,,,,,
1600000.0,,3.75,,,,,,53799.0,1810.0,
,,,,,,,,,,
,,,,,,,,,1820.0,
,,,,,,,,,,
1900000.0,,,,,,,,,,3148.0
,,,,,,,,,,3189.0
1750000.0,,,5790.0,,4430.0,,,,,
,,,,,,,,,,
,,,,,,,,,,
,,,,,,,,,,
,,,,,,,,,,
,,,,,,,,,,
,,,,,,,,,,
,,,,,,,,,,
1275000.0,6.0,5.25,6160.0,27490.0,4040.0,2120.0,,,1935.0,18390.0
,,,,,,,,,,
,,,,,,,,,,
1258000.0,,,4360.0,,,,,,,
,,,,,,,,,,
,,,,60086.0,,,,,,8365.0
,,,,,,,,,,
,,,,,,,,,,
,,,,,,,,,,
,,,,,,,,,,
,,,,,,,,,,
,,,,,,,,,,
,,,,,,,,,,
,,,,,,,,,,
,,,,,,,,,1930.0,
,1.0,,,,,,,,,
,,,,,,,,,,
,,,,,,,,,,
,,,,,,,,,1300.0,-4049.0
,,,,,,,,,,
,,,,,,,,,,-3530.0
,,,,,,,,,,
,,,,,,,,,,
,,,,43832.0,,,96028.0,,,-76854.0
,,,,,,,,,,
,,,,,,,,,,
1275000.0,,,,,,,,,,
,,,,,,,,,1460.0,
,,,,,,,,,,
,,,,,,,,,,
,,,,,,,,,,-9015.0
,,,,,,,,,,
,,,,,,,,,,
,,,,,,,,,,
,,,4490.0,,,,,,,
,6.0,,,,,,,,,
,,,,77832.0,4130.0,,,,,-9644.0
,,,,,,,,,,
,,,,,,,,,,
,,,,,,,,,,
,,,,,,,,,,
,,,,,,,,,,
,,,,,,,,,,
,,,,,,,,,,
,,,,,,,,,,
,,,,,,,,,,
,,,,,,,,,,
,,,,,,,,,,
,,,,,,,,,,
,,,,,,,,,1140.0,-4340.0
,,,,,,,,,,
,,,,,,,,,,
,,,,,,,,,,
,,,,,,,,,,
,,,5370.0,69848.0,,1870.0,,,,-24555.0
,,,,,,,,,,
,,,,,,,,,1300.0,
,,,,,,,,,,
,,,,,,,,,,
1940000.0,,,,,4230.0,,,,1230.0,4164.0
,,,,,,,96028.0,,,
,,,,,,,,,,
,,,,,,,,,,-5152.0
,,,,,,,,,,
,,,,,,,,,,
,,,,,,,,,,
,,,,,,,,,-1390.0,-3237.0
,,,,,,,,,,
,,,,,,,,,,-14988.0
,,,,,,,,,,
,,,,22653.0,,,,,,
,,,,,,,,,,
,,,,,,,,,,
,,,,,,,,,,
,,,,,,,,,,
,,,,,,,,,,
,,,,,,,,,,
,,,,,,,,,,
,,,,,,,,,,
,,,,,,,,,,
,,,,,,,,,,
,,,,,,,,,,
1830000.0,,4.25,4500.0,215186.0,,1870.0,,,1470.0,189739.0
1175000.0,,,,,,1540.0,,,,
,,,,,,,,,,
1149000.0,,,5940.0,,4950.0,,,,1700.0,
,,,,,,,,,,
,,,,,,,,,,
,,,,,,,,,,
,,,,,,,,,,
,,,,,,,,,,
,,,,,,,,,,
,,,,,,,,,,
,,,,,,,,,,
,,,,,,,,,,
1550000.0,,,,,,,,,1630.0,
,,,,,,,,,2240.0,
,,,,,,,,,,
,,,,,,,,,,
,,,,,,,,,,
,,,,,,,,,,
1300000.0,,,,,,,,52787.0,,
,,,,,,,,,2010.0,
,,,,,,,,,,
,,,,,,,,,,
,,,,,,,,,,
,,,,,,,,,2000.0,
,,,,,,,,,,
,,,,,,,,,,
,,,,,,,,,,
,,,,,,,,,,-2286.0
,,,,,,,,,,
,,,,,,,,,,
,,,,,,,,,,
,,,,,,,,,,
,,,,,,,,,,
,,,,,,,,,,
,,,,,,,,,,
,,,,,,,,,,
,,,,,,,,,,
,,,,,,,,,,
,,,,,,,,,,
,,,,,,,,,,
,,,,,,,96028.0,,,
,,,,,,,,,,
,,,,,,,,,,
,,,,,,,,,,
,,,,,,,,,,
,,4.5,,,,,,,,
,,,,,,,,,,
,,,,,,,,,,
,,,,,,,,,,
,,,,,,,,,,
,,,,,,,,,,
,,,,,,,,,,3528.0
1242000.0,,,4700.0,,,2040.0,,,,
,,,,275033.0,,,,,,258693.0
,,,,,,,,,,
,,,,,,,,,,
,,,,,,,,,,-2250.0
,,,,,,,,,,-7516.0
,,,,,,,,,,
,,,,,,,,,,-2377.0
,,,,,3940.0,,,,1925.0,
,,,4450.0,,,,,,,
,,,,,,,,,,
,6.0,5.0,,,,,,,,-62338.0
,,,,,,,,,,
,,,,,,,,,,
,,,,,,,,,,
,,,,,,,,,,
,,,,,,,,,,
,,,,,,,,,,
,,,,,,,,,,
,,,,,,,,,,
,,,,,,,,,,
,,,,,,,,,,
,,,,,,,,,,
1270000.0,,,5520.0,,,1950.0,,,1750.0,
,,,,,,,,,,-9808.0
,,,,,,,,,,
,,,,,,,,,,
,,,,,,,,,,
,,,,,,,,,,
,,,,,,,,,,
,,,,,,,,,,
,,,,,,,,,,
,,,,,,,,,,
,,,,,,,,,,
,,,,,,,,,,
,,,,,,,,,,
,,,,,,,,,,
,,,,,,,,,,
,,,,,,,,,,
,,,,,,,,,,
,,,,,,,,,,
,,,,,,,,,,
,,,,,,,,,,
,,,,,,,,,,
,,,,,,,,,,
,,,,,,,,,,
,,,,,,,,,,
,,,,,,,,,,
,,,,,,,,,,
,,,,,,,,,,
,,,,,,,,,,
,,,4495.0,,,,,,,
,,,,,,,,,,
,,,,,,,,,,
,,,,,,,,,,
,,,,,,,,,,
,,,,,,,,,,
,,,,,,,,,1780.0,
,,,,,,,96028.0,,,
,,,,,,,,,,
,,,4240.0,,4240.0,,96028.0,,,
,,,,,,,,,1270.0,
,,4.0,,,,,,,,
,,,,,,,,,,
,,,,,,,,,,
,,,,,,,,,,
,,,,,,,,,,
2900000.0,,4.0,5190.0,,5190.0,,132665.0,81926.0,1350.0,-4650.0
,,,,,,,,,,3582.0
,,,,,,,,,,-3589.0
,1.0,,,,,,,,,-3084.0
,,,,,,,,,,
,,,,,,,,,,
,,,,,,,,,,
,,,,,,,,,,
,,,,,,,,,,
,,,,,3906.0,,,,1233.0,3174.0
,,6.0,7120.0,40806.0,5480.0,1640.0,,,3680.0,3947.0
,,,,,,,,,,
,,,,,,,,,,
,,,,,,,,,,-8936.0
,,,,,4073.0,,,,2293.0,7709.0
,,,,,,,,,,
,,,,,,,,,,
,,,,,3830.0,,,,,
,,,,,,,,,,
,,,,,,,,,,
,,,,,,,,,,
,,,,,,,,,,
,,,,,,,,,,
,,,,,,,,,,
,,,,,,,,,,2356.0
,,,,,,,,,,
,,,,,,,,,,
,,,,,,,,,,
,,,,,,,,,,
,,,,,,,,,,
,,,,,,,,,,
,,,,,,,,,,
,,,,,,,,,,
,,,,,,,,,,
,,,,,,,,,,
,,,,,,,,,,
,,,,,,,,,,
,,,,,,,,,,
,,,,,,,,,,
,,,,,,,,,,
,,,,,,,,,,
,,,,,,,,,,
,,,,,,,,,,
,,,,,,,,,,
,,,,,,,,,,
,6.0,,,,,,,,1360.0,
,,,,,,,,,,
,,,,,,,,,,
,,,,,,,,,,5868.0
,,,,,,,,,,-2864.0
,,,,151588.0,,,,,,-57064.0
,,,,,,,,,,3469.0
,,,,,,,,,,
,,,,,,,,,,
,,,,,,,,,,
,,,,,,,,,,
,,,,,,,,,,
,,,,,,,96028.0,,,
,,,,,,,,52787.0,,
,,,,,,,,,,
,,,,,,,,,,
,,,,,,,,,-1630.0,-4841.0
,,,,,,,,,,-2171.0
,,,,,,,,,,
,,,,,,,,,,
1274950.0,,,,,3820.0,,,,1490.0,-3150.0
,,,,,,,,,,-4361.0
,,,,,,,,,,
,,,,,,,,,,
,,,,,,,,,,
,,,,,,,,,,
,,,,,,,,,,
,,,,,,,,,,
,,,,,,,,,,
1139990.0,,,,,,,,,1230.0,-16053.0
,,,,,,,,,,
,,,,,,,,,,
,,,,,,,,,,
,,,,,,,,,,
,,,,,,,,,,
,,,,,3860.0,,,,,
,,,,,,,,,,
,,,,,,,,,,
,,,,,,,,,,7599.0
,,,,,,,,,,
,,,,,,,,,,
,,,,,,,,,,
,,,,,,,,,,
,,,,,,,,,,
,,,,,,,,,,
,,,,,,,,,,
,,,,,,,,,,-2995.0
,,,,,,,,,,
,,,,,,,,,,
,,,,,,,,,,
,,,,,,,,,,
,,,,,,,,,,
,,,,,,,,,,
,,,,,,,,,,
,,,,,,,,,,-5000.0
,,,,,,,,,,
1880000.0,,,4390.0,,,,,,1650.0,
,,,,,,,,,,
,,,,,,,,,1110.0,
,,,,,,,,,,
,,,,,,,,,,
,,,,,,,,,,
,,,,,,,,,,
1800000.0,,5.0,4490.0,,3930.0,,,,2000.0,
,,4.0,,,4100.0,,96028.0,,,
1399950.0,,,,,3870.0,,,,,
,,,,,,,,,,-2681.0
,,,,,,,,,,
,,,,,,,,,,
,,,,,,,,,,
,,,,,,,,,,
,,,,,,,,,,
,,,,,,,,,,
,,4.0,,,,,,,,
,,,,,,,,,,
,,,,,,,,,,
,,,,,,,,,,
,,,,,,,,,,
,,,,,,,,,,-2703.0
,,,,,,,,,,
,,,,,,,,,,
1839900.0,,,,,4140.0,,,53799.0,1990.0,
,,,,,,,,,,
,,,,,,,,,,
,,,,,,,,,,
,,,,,,,,,,
,,,,,,,,,,
,,,,,,,96028.0,,,
,,,,,,,,,,-2336.0
,,,,,,,,,,
,,,,,,,,,,
,,,,,,,,,,
,,,,,,,,,,
,,,,,,,,,,
,,,,25020.0,,,,,,-7354.0
,,,,,,,,,,
,,,,,,,,,,
,,,,,,,,,,
,,,,,,,,,,-2205.0
,,,,,,,,,,
,,,,,,,,,,
,6.0,4.5,,,,,,,1350.0,
,,,,,,,,,,
,,,,,,,,,,
,,,,,,,,,,
,,,,,,,,,,
,,,,,,,,,,
,,,,,,,,,,
,,,,,,,,,,
,,,,,,,,,,
,,,,,,,,,,
,,3.75,,,,,,,,
,,,,,,,,,,2592.0
,,,,,,,,,,-2513.0
,,,,,,,,,,
,,,,,,,,,,
2230000.0,,,,,,,,,,
,,,,,,,,,,-4272.0
,,,,,,,,,,
,,,,,,,,,,
,,,,,,,,,,-2875.0
,,,,,,,,,,
,,,,,,,,,2010.0,
,,,4370.0,,4370.0,,,,,2790.0
,,,,,,,,,,
,,,,,,,,,,
,,,,,,,,,,-18336.0
,,,,,,,,,,
,,,,,,,,,,
,,,,,,,,,,
,,,,,,,,,,
,,,,,,,,,,
,,,,,,,,,,
,,,,,,,,,,-4078.0
,,,,,,,,,,
,,,,,,,,,,
,,,,,,,,,,
,,,,,,,,,,
,,,,,,,,,,
,,,,,,,,,,-3939.0
,,,,,,,,,,
,1.0,,,,,,,,,
,,,,,,,,,,
,,,,,,,,,,
,,,,,,,,,,
,,,,,,,,,,
,,,,,,,,,,-6598.0
,,,,,,,,,,
,,,,,,,,,1244.0,-12659.0
,,,,,,,,,,
,,,,,,,,,1180.0,
,,,,,,,,,,
,,,,,,,,,,
,,,,,,,,,,
,,,,,,,,,,
,1.0,,,,,,,,-1620.0,
,,,,,,,,,,-2142.0
,,,,,,,,,,
,,,,,,,,,1730.0,-4093.0
,,,,,,,,,,
,,,,,,,,,,
,,,,,,,,,,
,,,,,,,,,,
,,,,21477.0,,,,,,
,,,,,,,,,,
,,,,,,,,,,
,,,,,,,,,,-2406.0
,,,,,,,,,,
,,,,,,,,,,
,,,,,,,,,,
,,,,,,,,,,
,,,,,,,,,,
,,,,,,,,,,
1240000.0,,,5430.0,,4010.0,1420.0,,,,
,,,,,,,,,,
,,,,,,,,,,
,,,,,,,,,,
,,,,,,,,,,
,,,,21195.0,,,,,,4685.0
,,,,,,,,,,
,,,,,,,,,,
,,,,,,,,,,
,,,,,,,,,,
,,,,,,,,,,
,,,,,,,,,,
,,,,,,,,,,
,,,,,,,,,,
,,,,,,,,,,
,,,,,,,,,,
,,,,,,,,,,
,,,,,,,,,,
,,,,,,,,,,7266.0
,,,,,,,,,,
,,,,,,,,,,
,,,,,,,,,,
,,,,,,,,,,
,,,,,,,,,,-3455.0
,,,,,,,96028.0,,,
,,4.75,,,4150.0,,,,,
,,,,,,,,,,
,,,,,,,,,,
,,,,,,,,,,
,,,,54014.0,,,,,,-57260.0
,,,,,,,,,,
,,,,,,,,,,
,,,,,,,,,,
,,,,,,,,,,
,,,,,,,,,,
,,,,,,,,,,
,,,,,,,,,,
,,,,,,,,,,
,,,,,,,,,,-2331.0
,,,,,,,,,,
,,,,,,,,,,
,,,,,,,,,,
,,,,,,,,,,
,,,,,,,,,,
,,,,,,,,,,4248.0
,,,,,,,,,,
,,,,,,,,52787.0,,
,,,,,,,,,,
,,,,,,,,,,
,,,,,,,,,,
,,,,,,,,,,
,,,,,,,,,,
2351960.0,,4.25,5010.0,19412.0,4000.0,,,53799.0,1190.0,2348.0
,,,,,,,,,,
,,,,,,,,,,
,,,,,,,,,,
,,,,,,,,,,
,,,,,,,,,,2642.0
1698000.0,,,,,3950.0,,,52787.0,1910.0,
,,,,,,,,,,
,,,,,,,,,,
,,,,,,,,,,-4010.0
,,,,,,,,,1180.0,3902.0
1350000.0,,,4680.0,,,1640.0,,,1440.0,
,,,,,,,,,,
1500000.0,,,,,,,,,1750.0,
,,,,,,,,,,
,,,,384634.0,,,,,,91989.0
,1.0,,,,,,,,,
,,,,,,,,,,
,,,,,,,,,,
,,,,,,,,,,
,,,,,,,,,1110.0,
,,,,,,,,,,
,1.0,,,,,,,,,-3100.0
1999950.0,,,5640.0,35006.0,4900.0,,,,,
,,,,,,,,,,
,,,,,,,,,,
,,,,,,,,,,
,,,,,,,,,,
,,,,,,,,,,-2129.0
,,,,,,,,,,-4412.0
,,,,,,,,,,
,,,,,,,,,,
,,,,,,,,,,
,,,,47480.0,,,,,,
1488000.0,,6.0,6880.0,279968.0,4070.0,2810.0,,,2190.0,23165.0
,,,,,,,,,,
,,,,,,,,,,
,,,,,,,,,,
,,,,,,,,,,
,,,,,,,,,,
,,,,,,,,,,
,,,,276170.0,,,,,,58370.0
,,,,,,,,,,
,,,,,,,,,,
,,,,,,,,,1430.0,-2199.0
,,,,,,,,,,
,,,,,,,,,,
,,,,,,,,,1340.0,
,,,,,,,,,,
,,,,,,,,,,
,,,,,,,,,,
,,,,104979.0,,,,,1760.0,-4792.0
,,,,,,,,,,
,,,,,,,,,,
,,,,,,,,,,
,,,,,,,,,,
,,,,,,,,,,
,,,,,,,,,,
2065000.0,,3.75,4350.0,,4350.0,,,,2160.0,
,,,,,,,,,,
,,,,,,,,,,
,,,,,,,,,,
,,,4460.0,,,,,,1970.0,
,,,,,,,,,,
,,,,,,,,,1920.0,
1174660.0,6.0,,4310.0,,,,,,,-2457.0
,,,,,,,,,,
,,,,,,,,,,
,,,,,,,,,,
,,,,,,,,,,
,,,,,,,,,,
,,,,,,,,,,
,,,,,,,,,,
1765000.0,,,,,3980.0,,,,1530.0,
,,,,,,,,,,
,,,,,,,,,,-3789.0
,,,,66250.0,,,,,,6904.0
,,,,,,,,,,
,,,,,,,,,,
,,,,,,,,,,
,,,,,,,,,,
,,,,,,,,,,
,,,,,,,,,,
,,,,,,,,,,
,,,,,,,,,,
,,,,,,,,,,
,,,,,,,,,,
,,,,,,,,,,
,,,,,,,,,,-2500.0
,,,,,,,,,,
,,,,,,,,,,
,,,,,,,,,,
,,,,,,,,,,
,,,,,,,,,,
,,,,,,,,,,
,,,,,,,,,,
,,,,,,,,,,
,,,,,,,,,,
,,,,,,,,,,-2205.0
,,,,,,,,,,-3208.0
,,,,,,,,,,
,,,,,,,,,,
,,,,,,,,,,-2414.0
,,,,,,,,,,
,,,,,,,,,1320.0,
,,,,,,,,,,
,,,,,,,,,,
,,,,,,,,,,
,,,,,,,,,,
,,,,,,,,,,
,,,,,,,,,,
,,,,,,,,,,
,,,,,,,,,,
,,,,,,,,,,
,,,,,4100.0,,,,,
,,,,,,,,,,
,,,,,,,,,,
,,,,,,,,,,
,,,,,,,,,,
,,,,,,,,,,
,,,,,,,,,,
,,,,159430.0,,,,,1600.0,-232610.0
,,,,,,,,,,
,,,,,,,,,,
,,,,,,,,,,
,,,,,,,,,,
,,,,,,,,,,
,,,,,,,,,,
,,,,,,,,,,
,,,,,,,,,,
,,,,,,,,,,
,,,,,3950.0,,,,,
,,,,,,,96028.0,,,
,1.0,,,,,,,,,
,,,,,,,,,,
,,,,,,,,,,
,,,,,,,,,,
,,,,,,,,,,
,,,,,,,,,,
,,,,,,,,,,
,,,,,,,,,,
,,,,,,,,,,
,,,,,,,,,,-4171.0
,,,,,,,,,,
,,,,,,,,,,
,,,,,,,,,,
,,,,,,,,,,
,,,,,,,,,,
,,,,,,,,,,
,,,,,,,,,,
,,,,,3770.0,,,,2250.0,
,,,,,,,,,,3804.0
,,,,,,,,,,
,,,,,,,,,,
,,,,,,,,,,
,,,,,,,,,1110.0,5699.0
,,,,,,,,,,
1987500.0,,,5230.0,,4450.0,,,,2920.0,
,,,,,,,,,,-2831.0
,,3.75,,,,,,,,2649.0
,,,,24750.0,,,,,-1780.0,-4050.0
,,,,,,,,,,
,,,,,,,,,,
1750000.0,,,,,,,,,,-3850.0
,,,,,,,,,,
,,,,,,,,,,
,,,,,,,,,,
,,,,,,,,,1630.0,
,,,,,,,,,,
,,,,,,,,,,3264.0
,,,,,,,,,,
,,,,,,,,,,-2412.0
,,,,,,,,,,
,,,,,,,,,,
,,3.75,,22000.0,3890.0,,,,2280.0,
1720000.0,,4.0,4590.0,35046.0,4590.0,,,,1240.0,
1459000.0,,4.0,4620.0,130208.0,4620.0,,,,,
,,,,,,,,,,
,,,,,,,,,,
,,,,,,,,,,
,,,,,,,,,,
,,,,,,,,,,
,,,,,,,,,,-3746.0
,,,,,,,,,1240.0,
,,4.5,,62726.0,,,96028.0,,1220.0,16117.0
,,,,,,,,,,
,,,,,,,,,,
,,,,,,,,,,
,,,,,,,,,,
,,,,,,,,,,
,,,,,,,,,,
1150000.0,,4.25,,,4010.0,,,,,
,,,,,,,,,,
,,,,,,,,,,
,,,,,,,96028.0,,,
1555000.0,,,4360.0,,,,,,2440.0,
2238890.0,,6.5,7270.0,130017.0,6420.0,,,,5470.0,85127.0
,,,,,,,,,,
,,,,,,,,,,
,,,,,,,,,,
,,,,,,,,,,-2758.0
,,,,,,,,,,
,,,,,,,,,,
,,,,,,,,,,
1865000.0,,3.75,,,,,132665.0,81926.0,1130.0,-3353.0
,,,,,,,,,,
,,,,,,,,,,
,,,,,,,,,,
,,,,,,,,,,
,1.0,,,,,,,,,
1408760.0,,4.0,4920.0,50621.0,4280.0,,96028.0,,,-23431.0
1378000.0,,,5150.0,,,1450.0,,,2210.0,
,6.0,,,,,,,,,
,,,,,,,,,,
,,,,,,,,,,
1450000.0,,,4300.0,108865.0,4300.0,,,,,
,,,,,,,,,,
,,,,,,,,,,
,,,,,,,,,,-3419.0
,,,,,,,,,1170.0,-2200.0
3000000.0,,3.75,5090.0,,4180.0,,,,2060.0,
,,,,,,,,,,
1325000.0,,4.0,4420.0,,4420.0,,,,,-33921.0
,,,,,,,,,,
,,,,,,,,,,
,,,,,,,,,,
,,,,,,,,,,
,,,,,,,,,,
,,,,,,,,,,
,,,,,,,,,,
1881580.0,,,4410.0,,,1490.0,,,-1380.0,
,,,,,,,,,,-4327.0
,,,,,,,,,1260.0,
,,,,,,,,,,
,,,,,,,,,,
,,,,,,,,,,
,,,,,,,,,,3027.0
,,,,,,,,,,
,,,,184231.0,,,,,-1490.0,33150.0
,,,,,,,,,,-5034.0
,,,,,,,,,,
1375000.0,,4.5,4350.0,,4350.0,,,,,6197.0
,1.0,,,,,,,52787.0,,
,,,,,,,,,,
,,,,,,,,,,
,,,,,,,,,,-4284.0
,,,,,,,,,,
,,,,,,,,,,
,,,,,,,,,,
,,,,,,,,,,
,,,,,,,,,,
,,4.0,4500.0,,4500.0,,,,1660.0,
,,,,,,,,,,
,,,,,,,,,,
,,,,,,,,,,
,,,,,,,,,,
,,,,,,,,,,
,,,,,,,,,,
1700000.0,,,,,,,,,1640.0,
,,,,,,,,,,
,,,,,,,,,,
,,,,,,,,,,
,,,,,,,,,,
,,,,,,,,,,
,,,,,,,,,,-3230.0
,,,,,,,,,,
3567000.0,,4.5,4850.0,,,,,,1380.0,-7686.0
,,,,,,,,,,
,,,,,,,,,,
,,,,,,,,,,
,,,,,,,,,,
,,,,,,,,,,
,,,,,,,,,,
,,,,,,,,,,
,,,,,,,,,,
,,,,,,,,,,
,,,,,,,,,,
,,,,,,,,,,
,,,,,,,,,,
,,,,,,,,,,
1222500.0,,,4910.0,,,1800.0,,,,
,,,,,,,,,,
,,,,,,,,,,
,,3.75,,,4170.0,,,,1140.0,
,,,,,,,,,,
,,,,,,,,,,
,,,,,,,,,,
1575000.0,,,,,,,,53799.0,1120.0,
,,,,,,,,,,
,,,,,3990.0,,96028.0,,,
1537000.0,,3.75,4470.0,,4470.0,,,,1690.0,
,,,,,,,,,,
,,,,,,,,,,
,,,,,,,,,,
,,,,,,,,,,
,,,,,,,,,,
,,,,,,,,,1460.0,
,,,,,,,,,,
,,,,,,,,,,
,,,,,,,,,,
,,,,,,,,,,
,,,,,,,,,,
,,,,,,,,,,
